t,phase,travel,speed,swingDeg,boomDeg,stickDeg,bucketDeg,payloadKg,rollDeg,tipMargin,hydC,personRight,personFwd,personWalking,personDist,seatbelt,eyesClosed,jawOpen,camYawn,camDrowsy,cfSpeed,cfSwingDeg,cfTipMargin,cfPersonDist,cfClearance
0,normal,0,0,0,22,-10,30,0,0,2.3,64.032,-3.5,-19,0,19.324,1,0.093,0.072,0,0,0,0,2.3,19.32,16.42
0.008,normal,0,0,0,22,-10,30,0,0,2.3,64.033,-3.5,-19,0,19.317,1,0.074,0.084,0,0,0,0,2.3,19.32,16.42
0.017,normal,0,0,0,22,-10,30,0,0,2.302,64.055,-3.5,-19,0,19.303,1,0.059,0.061,0,0,0,0,2.3,19.32,16.42
0.025,normal,0,0,0,22,-10,30,0,0,2.299,64.026,-3.5,-19,0,19.301,1,0.08,0.073,0,0,0,0,2.3,19.32,16.42
0.033,normal,0,0,0,22,-10,30,0,0,2.303,64.093,-3.5,-19,0,19.333,1,0.066,0.075,0,0,0,0,2.3,19.32,16.42
0.042,normal,0,0,0,22,-10,30,0,0,2.296,64.074,-3.5,-19,0,19.344,1,0.065,0.056,0,0,0,0,2.3,19.32,16.42
0.05,normal,0,0,0,22,-10,30,0,0,2.298,64.019,-3.5,-19,0,19.324,1,0.092,0.056,0,0,0,0,2.3,19.32,16.42
0.058,normal,0,0,0,22,-10,30,0,0,2.303,63.968,-3.5,-19,0,19.296,1,0.054,0.084,0,0,0,0,2.3,19.32,16.42
0.067,normal,0,0,0,22,-10,30,0,0,2.3,63.934,-3.5,-19,0,19.32,1,0.087,0.054,0,0,0,0,2.3,19.32,16.42
0.075,normal,0,0,0,22,-10,30,0,0,2.295,63.987,-3.5,-19,0,19.326,1,0.099,0.067,0,0,0,0,2.3,19.32,16.42
0.083,normal,0,0,0,22,-10,30,0,0,2.299,63.869,-3.5,-19,0,19.331,1,0.071,0.08,0,0,0,0,2.3,19.32,16.42
0.092,normal,0,0,0,22,-10,30,0,0,2.301,63.959,-3.5,-19,0,19.337,1,0.058,0.055,0,0,0,0,2.3,19.32,16.42
0.1,normal,0,0,0,22,-10,30,0,0,2.301,63.893,-3.5,-19,0,19.313,1,0.069,0.087,0,0,0,0,2.3,19.32,16.42
0.108,normal,0,0,0,22,-10,30,0,0,2.301,63.979,-3.5,-19,0,19.341,1,0.079,0.067,0,0,0,0,2.3,19.32,16.42
0.117,normal,0,0,0,22,-10,30,0,0,2.3,63.858,-3.5,-19,0,19.339,1,0.065,0.066,0,0,0,0,2.3,19.32,16.42
0.125,normal,0,0,0,22,-10,30,0,0,2.296,64.08,-3.5,-19,0,19.322,1,0.076,0.054,0,0,0,0,2.3,19.32,16.42
0.133,normal,0,0,0,22,-10,30,0,0,2.301,64.122,-3.5,-19,0,19.343,1,0.08,0.074,0,0,0,0,2.3,19.32,16.42
0.142,normal,0,0,0,22,-10,30,0,0,2.3,63.885,-3.5,-19,0,19.327,1,0.083,0.09,0,0,0,0,2.3,19.32,16.42
0.15,normal,0,0,0,22,-10,30,0,0,2.296,63.899,-3.5,-19,0,19.327,1,0.099,0.064,0,0,0,0,2.3,19.32,16.42
0.158,normal,0,0,0,22,-10,30,0,0,2.299,64.086,-3.5,-19,0,19.327,1,0.054,0.061,0,0,0,0,2.3,19.32,16.42
0.167,normal,0,0,0,22,-10,30,0,0,2.3,64.047,-3.5,-19,0,19.306,1,0.086,0.063,0,0,0,0,2.3,19.32,16.42
0.175,normal,0,0,0,22,-10,30,0,0,2.301,63.973,-3.5,-19,0,19.304,1,0.091,0.087,0,0,0,0,2.3,19.32,16.42
0.183,normal,0,0,0,22,-10,30,0,0,2.295,63.989,-3.5,-19,0,19.337,1,0.078,0.078,0,0,0,0,2.3,19.32,16.42
0.192,normal,0,0,0,22,-10,30,0,0,2.295,64.008,-3.5,-19,0,19.319,1,0.058,0.082,0,0,0,0,2.3,19.32,16.42
0.2,normal,0,0,0,22,-10,30,0,0,2.296,64.159,-3.5,-19,0,19.325,1,0.085,0.083,0,0,0,0,2.3,19.32,16.42
0.208,normal,0,0,0,22,-10,30,0,0,2.305,63.876,-3.5,-19,0,19.303,1,0.08,0.066,0,0,0,0,2.3,19.32,16.42
0.217,normal,0,0,0,22,-10,30,0,0,2.3,63.876,-3.5,-19,0,19.298,1,0.073,0.061,0,0,0,0,2.3,19.32,16.42
0.225,normal,0,0,0,22,-10,30,0,0,2.302,63.985,-3.5,-19,0,19.312,1,0.079,0.065,0,0,0,0,2.3,19.32,16.42
0.233,normal,0,0,0,22,-10,30,0,0,2.298,63.995,-3.5,-19,0,19.307,1,0.084,0.063,0,0,0,0,2.3,19.32,16.42
0.242,normal,0,0,0,22,-10,30,0,0,2.301,63.863,-3.5,-19,0,19.301,1,0.058,0.083,0,0,0,0,2.3,19.32,16.42
0.25,normal,0,0,0,22,-10,30,0,0,2.303,63.921,-3.5,-19,0,19.326,1,0.091,0.08,0,0,0,0,2.3,19.32,16.42
0.258,normal,0,0,0,22,-10,30,0,0,2.296,63.889,-3.5,-19,0,19.332,1,0.061,0.055,0,0,0,0,2.3,19.32,16.42
0.267,normal,0,0,0,22,-10,30,0,0,2.296,64.128,-3.5,-19,0,19.327,1,0.086,0.073,0,0,0,0,2.3,19.32,16.42
0.275,normal,0,0,0,22,-10,30,0,0,2.302,63.979,-3.5,-19,0,19.333,1,0.061,0.058,0,0,0,0,2.3,19.32,16.42
0.283,normal,0,0,0,22,-10,30,0,0,2.301,63.867,-3.5,-19,0,19.323,1,0.098,0.085,0,0,0,0,2.3,19.32,16.42
0.292,normal,0,0,0,22,-10,30,0,0,2.304,63.881,-3.5,-19,0,19.321,1,0.088,0.06,0,0,0,0,2.3,19.32,16.42
0.3,normal,0,0,0,22,-10,30,0,0,2.296,64.128,-3.5,-19,0,19.318,1,0.096,0.09,0,0,0,0,2.3,19.32,16.42
0.308,normal,0,0,0,22,-10,30,0,0,2.3,63.996,-3.5,-19,0,19.3,1,0.059,0.054,0,0,0,0,2.3,19.32,16.42
0.317,normal,0,0,0,22,-10,30,0,0,2.304,64.031,-3.5,-19,0,19.323,1,0.062,0.087,0,0,0,0,2.3,19.32,16.42
0.325,normal,0,0,0,22,-10,30,0,0,2.303,63.948,-3.5,-19,0,19.298,1,0.072,0.065,0,0,0,0,2.3,19.32,16.42
0.333,normal,0,0,0,22,-10,30,0,0,2.299,63.906,-3.5,-19,0,19.34,1,0.079,0.068,0,0,0,0,2.3,19.32,16.42
0.342,normal,0,0,0,22,-10,30,0,0,2.298,64.038,-3.5,-19,0,19.322,1,0.063,0.07,0,0,0,0,2.3,19.32,16.42
0.35,normal,0,0,0,22,-10,30,0,0,2.298,64.01,-3.5,-19,0,19.315,1,0.056,0.059,0,0,0,0,2.3,19.32,16.42
0.358,normal,0,0,0,22,-10,30,0,0,2.295,63.896,-3.5,-19,0,19.332,1,0.058,0.059,0,0,0,0,2.3,19.32,16.42
0.367,normal,0,0,0,22,-10,30,0,0,2.303,64.049,-3.5,-19,0,19.325,1,0.084,0.065,0,0,0,0,2.3,19.32,16.42
0.375,normal,0,0,0,22,-10,30,0,0,2.304,63.967,-3.5,-19,0,19.33,1,0.054,0.055,0,0,0,0,2.3,19.32,16.42
0.383,normal,0,0,0,22,-10,30,0,0,2.302,63.899,-3.5,-19,0,19.341,1,0.096,0.055,0,0,0,0,2.3,19.32,16.42
0.392,normal,0,0,0,22,-10,30,0,0,2.299,64.083,-3.5,-19,0,19.323,1,0.089,0.089,0,0,0,0,2.3,19.32,16.42
0.4,normal,0,0,0,22,-10,30,0,0,2.297,63.966,-3.5,-19,0,19.33,1,0.085,0.052,0,0,0,0,2.3,19.32,16.42
0.408,normal,0,0,0,22,-10,30,0,0,2.296,63.999,-3.5,-19,0,19.333,1,0.071,0.088,0,0,0,0,2.3,19.32,16.42
0.417,normal,0,0,0,22,-10,30,0,0,2.296,63.899,-3.5,-19,0,19.303,1,0.051,0.088,0,0,0,0,2.3,19.32,16.42
0.425,normal,0,0,0,22,-10,30,0,0,2.302,63.959,-3.5,-19,0,19.311,1,0.086,0.08,0,0,0,0,2.3,19.32,16.42
0.433,normal,0,0,0,22,-10,30,0,0,2.305,64.037,-3.5,-19,0,19.335,1,0.077,0.066,0,0,0,0,2.3,19.32,16.42
0.442,normal,0,0,0,22,-10,30,0,0,2.304,63.902,-3.5,-19,0,19.322,1,0.072,0.077,0,0,0,0,2.3,19.32,16.42
0.45,normal,0,0,0,22,-10,30,0,0,2.297,64.074,-3.5,-19,0,19.309,1,0.065,0.054,0,0,0,0,2.3,19.32,16.42
0.458,normal,0,0,0,22,-10,30,0,0,2.299,63.902,-3.5,-19,0,19.323,1,0.072,0.058,0,0,0,0,2.3,19.32,16.42
0.467,normal,0,0,0,22,-10,30,0,0,2.296,63.991,-3.5,-19,0,19.34,1,0.071,0.086,0,0,0,0,2.3,19.32,16.42
0.475,normal,0,0,0,22,-10,30,0,0,2.298,64.056,-3.5,-19,0,19.295,1,0.068,0.072,0,0,0,0,2.3,19.32,16.42
0.483,normal,0,0,0,22,-10,30,0,0,2.302,64.062,-3.5,-19,0,19.342,1,0.081,0.057,0,0,0,0,2.3,19.32,16.42
0.492,normal,0,0,0,22,-10,30,0,0,2.296,63.94,-3.5,-19,0,19.337,1,0.058,0.055,0,0,0,0,2.3,19.32,16.42
0.5,normal,0,0,0,22,-10,30,0,0,2.303,64.099,-3.5,-19,0,19.296,1,0.069,0.05,0,0,0,0,2.3,19.32,16.42
0.508,normal,0,0,0,22,-10,30,0,0,2.303,64.017,-3.5,-19,0,19.295,1,0.052,0.051,0,0,0,0,2.3,19.32,16.42
0.517,normal,0,0,0,22,-10,30,0,0,2.3,63.881,-3.5,-19,0,19.338,1,0.096,0.06,0,0,0,0,2.3,19.32,16.42
0.525,normal,0,0,0,22,-10,30,0,0,2.296,63.923,-3.5,-19,0,19.296,1,0.071,0.08,0,0,0,0,2.3,19.32,16.42
0.533,normal,0,0,0,22,-10,30,0,0,2.299,64.134,-3.5,-19,0,19.318,1,0.066,0.075,0,0,0,0,2.3,19.32,16.42
0.542,normal,0,0,0,22,-10,30,0,0,2.302,63.995,-3.5,-19,0,19.33,1,0.073,0.066,0,0,0,0,2.3,19.32,16.42
0.55,normal,0,0,0,22,-10,30,0,0,2.305,63.969,-3.5,-19,0,19.326,1,0.053,0.075,0,0,0,0,2.3,19.32,16.42
0.558,normal,0,0,0,22,-10,30,0,0,2.301,63.945,-3.5,-19,0,19.335,1,0.086,0.058,0,0,0,0,2.3,19.32,16.42
0.567,normal,0,0,0,22,-10,30,0,0,2.299,63.985,-3.5,-19,0,19.305,1,0.051,0.085,0,0,0,0,2.3,19.32,16.42
0.575,normal,0,0,0,22,-10,30,0,0,2.3,64.136,-3.5,-19,0,19.339,1,0.058,0.086,0,0,0,0,2.3,19.32,16.42
0.583,normal,0,0,0,22,-10,30,0,0,2.301,63.985,-3.5,-19,0,19.312,1,0.055,0.051,0,0,0,0,2.3,19.32,16.42
0.592,normal,0,0,0,22,-10,30,0,0,2.296,63.969,-3.5,-19,0,19.325,1,0.073,0.06,0,0,0,0,2.3,19.32,16.42
0.6,normal,0,0,0,22,-10,30,0,0,2.301,64.108,-3.5,-19,0,19.341,1,0.06,0.067,0,0,0,0,2.3,19.32,16.42
0.608,normal,0,0,0,22,-10,30,0,0,2.302,63.975,-3.5,-19,0,19.303,1,0.082,0.06,0,0,0,0,2.3,19.32,16.42
0.617,normal,0,0,0,22,-10,30,0,0,2.302,63.94,-3.5,-19,0,19.307,1,0.062,0.05,0,0,0,0,2.3,19.32,16.42
0.625,normal,0,0,0,22,-10,30,0,0,2.296,63.978,-3.5,-19,0,19.321,1,0.066,0.089,0,0,0,0,2.3,19.32,16.42
0.633,normal,0,0,0,22,-10,30,0,0,2.302,63.968,-3.5,-19,0,19.328,1,0.071,0.086,0,0,0,0,2.3,19.32,16.42
0.642,normal,0,0,0,22,-10,30,0,0,2.303,63.934,-3.5,-19,0,19.307,1,0.097,0.062,0,0,0,0,2.3,19.32,16.42
0.65,normal,0,0,0,22,-10,30,0,0,2.304,64.143,-3.5,-19,0,19.307,1,0.05,0.056,0,0,0,0,2.3,19.32,16.42
0.658,normal,0,0,0,22,-10,30,0,0,2.295,64.086,-3.5,-19,0,19.33,1,0.084,0.071,0,0,0,0,2.3,19.32,16.42
0.667,normal,0,0,0,22,-10,30,0,0,2.304,64.173,-3.5,-19,0,19.327,1,0.056,0.063,0,0,0,0,2.3,19.32,16.42
0.675,normal,0,0,0,22,-10,30,0,0,2.3,64.126,-3.5,-19,0,19.342,1,0.053,0.061,0,0,0,0,2.3,19.32,16.42
0.683,normal,0,0,0,22,-10,30,0,0,2.304,64.063,-3.5,-19,0,19.318,1,0.057,0.076,0,0,0,0,2.3,19.32,16.42
0.692,normal,0,0,0,22,-10,30,0,0,2.299,64.155,-3.5,-19,0,19.318,1,0.098,0.056,0,0,0,0,2.3,19.32,16.42
0.7,normal,0,0,0,22,-10,30,0,0,2.301,64.123,-3.5,-19,0,19.311,1,0.064,0.052,0,0,0,0,2.3,19.32,16.42
0.708,normal,0,0,0,22,-10,30,0,0,2.303,64.153,-3.5,-19,0,19.309,1,0.072,0.067,0,0,0,0,2.3,19.32,16.42
0.717,normal,0,0,0,22,-10,30,0,0,2.299,64.104,-3.5,-19,0,19.3,1,0.066,0.059,0,0,0,0,2.3,19.32,16.42
0.725,normal,0,0,0,22,-10,30,0,0,2.297,63.889,-3.5,-19,0,19.324,1,0.061,0.05,0,0,0,0,2.3,19.32,16.42
0.733,normal,0,0,0,22,-10,30,0,0,2.302,63.933,-3.5,-19,0,19.332,1,0.05,0.053,0,0,0,0,2.3,19.32,16.42
0.742,normal,0,0,0,22,-10,30,0,0,2.295,63.89,-3.5,-19,0,19.341,1,0.093,0.081,0,0,0,0,2.3,19.32,16.42
0.75,normal,0,0,0,22,-10,30,0,0,2.301,64.119,-3.5,-19,0,19.308,1,0.052,0.065,0,0,0,0,2.3,19.32,16.42
0.758,normal,0,0,0,22,-10,30,0,0,2.298,64.01,-3.5,-19,0,19.309,1,0.056,0.085,0,0,0,0,2.3,19.32,16.42
0.767,normal,0,0,0,22,-10,30,0,0,2.304,64.104,-3.5,-19,0,19.302,1,0.076,0.077,0,0,0,0,2.3,19.32,16.42
0.775,normal,0,0,0,22,-10,30,0,0,2.299,64.1,-3.5,-19,0,19.336,1,0.069,0.075,0,0,0,0,2.3,19.32,16.42
0.783,normal,0,0,0,22,-10,30,0,0,2.297,64.061,-3.5,-19,0,19.344,1,0.06,0.053,0,0,0,0,2.3,19.32,16.42
0.792,normal,0,0,0,22,-10,30,0,0,2.3,63.981,-3.5,-19,0,19.333,1,0.099,0.067,0,0,0,0,2.3,19.32,16.42
0.8,normal,0,0,0,22,-10,30,0,0,2.296,64.098,-3.5,-19,0,19.316,1,0.063,0.055,0,0,0,0,2.3,19.32,16.42
0.808,normal,0,0,0,22,-10,30,0,0,2.301,63.95,-3.5,-19,0,19.325,1,0.069,0.084,0,0,0,0,2.3,19.32,16.42
0.817,normal,0,0,0,22,-10,30,0,0,2.296,63.998,-3.5,-19,0,19.315,1,0.064,0.056,0,0,0,0,2.3,19.32,16.42
0.825,normal,0,0,0,22,-10,30,0,0,2.297,64.061,-3.5,-19,0,19.299,1,0.076,0.074,0,0,0,0,2.3,19.32,16.42
0.833,normal,0,0,0,22,-10,30,0,0,2.3,64.036,-3.5,-19,0,19.342,1,0.057,0.079,0,0,0,0,2.3,19.32,16.42
0.842,normal,0,0,0,22,-10,30,0,0,2.303,64.073,-3.5,-19,0,19.332,1,0.075,0.078,0,0,0,0,2.3,19.32,16.42
0.85,normal,0,0,0,22,-10,30,0,0,2.298,64.021,-3.5,-19,0,19.328,1,0.069,0.076,0,0,0,0,2.3,19.32,16.42
0.858,normal,0,0,0,22,-10,30,0,0,2.302,64.14,-3.5,-19,0,19.295,1,0.087,0.081,0,0,0,0,2.3,19.32,16.42
0.867,normal,0,0,0,22,-10,30,0,0,2.301,63.949,-3.5,-19,0,19.302,1,0.077,0.057,0,0,0,0,2.3,19.32,16.42
0.875,normal,0,0,0,22,-10,30,0,0,2.299,63.955,-3.5,-19,0,19.299,1,0.066,0.081,0,0,0,0,2.3,19.32,16.42
0.883,normal,0,0,0,22,-10,30,0,0,2.303,63.93,-3.5,-19,0,19.303,1,0.052,0.073,0,0,0,0,2.3,19.32,16.42
0.892,normal,0,0,0,22,-10,30,0,0,2.302,63.95,-3.5,-19,0,19.311,1,0.074,0.053,0,0,0,0,2.3,19.32,16.42
0.9,normal,0,0,0,22,-10,30,0,0,2.304,64.044,-3.5,-19,0,19.316,1,0.054,0.076,0,0,0,0,2.3,19.32,16.42
0.908,normal,0,0,0,22,-10,30,0,0,2.305,64,-3.5,-19,0,19.303,1,0.096,0.072,0,0,0,0,2.3,19.32,16.42
0.917,normal,0,0,0,22,-10,30,0,0,2.297,63.99,-3.5,-19,0,19.322,1,0.089,0.089,0,0,0,0,2.3,19.32,16.42
0.925,normal,0,0,0,22,-10,30,0,0,2.301,64.116,-3.5,-19,0,19.324,1,0.098,0.071,0,0,0,0,2.3,19.32,16.42
0.933,normal,0,0,0,22,-10,30,0,0,2.298,63.916,-3.5,-19,0,19.343,1,0.082,0.054,0,0,0,0,2.3,19.32,16.42
0.942,normal,0,0,0,22,-10,30,0,0,2.296,63.992,-3.5,-19,0,19.329,1,0.084,0.065,0,0,0,0,2.3,19.32,16.42
0.95,normal,0,0,0,22,-10,30,0,0,2.301,64.104,-3.5,-19,0,19.315,1,0.054,0.082,0,0,0,0,2.3,19.32,16.42
0.958,normal,0,0,0,22,-10,30,0,0,2.301,64.178,-3.5,-19,0,19.338,1,0.1,0.068,0,0,0,0,2.3,19.32,16.42
0.967,normal,0,0,0,22,-10,30,0,0,2.304,64.121,-3.5,-19,0,19.332,1,0.094,0.057,0,0,0,0,2.3,19.32,16.42
0.975,normal,0,0,0,22,-10,30,0,0,2.302,63.981,-3.5,-19,0,19.318,1,0.084,0.072,0,0,0,0,2.3,19.32,16.42
0.983,normal,0,0,0,22,-10,30,0,0,2.297,63.901,-3.5,-19,0,19.328,1,0.084,0.076,0,0,0,0,2.3,19.32,16.42
0.992,normal,0,0,0,22,-10,30,0,0,2.297,63.943,-3.5,-19,0,19.345,1,0.082,0.06,0,0,0,0,2.3,19.32,16.42
1,normal,0,0,0,22,-10,30,0,0,2.302,64.106,-3.5,-19,0,19.342,1,0.066,0.063,0,0,0,0,2.3,19.32,16.42
1.008,normal,0,-0.008,0,22,-10,30,0,0,2.295,64.076,-3.5,-19,0,19.302,1,0.089,0.077,0,0,-0.007,0,2.3,19.32,16.42
1.017,normal,0,-0.015,0,22,-10,30,0,0,2.299,63.944,-3.5,-19,0,19.329,1,0.1,0.08,0,0,-0.015,0,2.3,19.319,16.419
1.025,normal,0,-0.023,0,22,-10,30,0,0,2.298,63.945,-3.5,-19,0,19.312,1,0.086,0.05,0,0,-0.022,0,2.3,19.319,16.419
1.033,normal,-0.001,-0.03,0,22,-10,30,0,0,2.296,64.075,-3.5,-19,0,19.338,1,0.098,0.089,0,0,-0.03,0,2.3,19.319,16.419
1.042,normal,-0.001,-0.038,0,22,-10,30,0,0,2.303,64.053,-3.5,-19,0,19.317,1,0.094,0.054,0,0,-0.037,0,2.3,19.319,16.419
1.05,normal,-0.001,-0.045,0,22,-10,30,0,0,2.301,64.156,-3.5,-19,0,19.308,1,0.059,0.053,0,0,-0.045,0,2.3,19.318,16.418
1.058,normal,-0.002,-0.052,0,22,-10,30,0,0,2.301,64.199,-3.5,-19,0,19.31,1,0.056,0.069,0,0,-0.052,0,2.3,19.318,16.418
1.067,normal,-0.002,-0.06,0,22,-10,30,0,0,2.301,64.092,-3.5,-19,0,19.337,1,0.078,0.052,0,0,-0.06,0,2.3,19.317,16.417
1.075,normal,-0.003,-0.067,0,22,-10,30,0,0,2.297,63.968,-3.5,-19,0,19.317,1,0.082,0.068,0,0,-0.067,0,2.3,19.317,16.417
1.083,normal,-0.003,-0.075,0,22,-10,30,0,0,2.295,63.999,-3.5,-19,0,19.298,1,0.08,0.081,0,0,-0.075,0,2.3,19.316,16.416
1.092,normal,-0.004,-0.082,0,22,-10,30,0,0,2.296,64.1,-3.5,-19,0,19.294,1,0.062,0.06,0,0,-0.083,0,2.3,19.316,16.416
1.1,normal,-0.005,-0.09,0,22,-10,30,0,0,2.297,63.929,-3.5,-19,0,19.337,1,0.058,0.054,0,0,-0.09,0,2.3,19.315,16.415
1.108,normal,-0.006,-0.097,0,22,-10,30,0,0,2.296,63.937,-3.5,-19,0,19.339,1,0.06,0.059,0,0,-0.098,0,2.3,19.314,16.414
1.117,normal,-0.007,-0.105,0,22,-10,30,0,0,2.302,64.106,-3.5,-19,0,19.328,1,0.088,0.089,0,0,-0.105,0,2.3,19.313,16.413
1.125,normal,-0.008,-0.112,0,22,-10,30,0,0,2.297,64.029,-3.5,-19,0,19.304,1,0.093,0.058,0,0,-0.113,0,2.3,19.312,16.412
1.133,normal,-0.009,-0.121,0,22,-10,30,0,0,2.302,64.049,-3.5,-19,0,19.299,1,0.052,0.069,0,0,-0.12,0,2.3,19.311,16.411
1.142,normal,-0.01,-0.127,0,22,-10,30,0,0,2.296,64.174,-3.5,-19,0,19.307,1,0.053,0.062,0,0,-0.128,0,2.3,19.31,16.41
1.15,normal,-0.011,-0.135,0,22,-10,30,0,0,2.304,63.951,-3.5,-19,0,19.314,1,0.072,0.082,0,0,-0.135,0,2.3,19.309,16.409
1.158,normal,-0.012,-0.142,0,22,-10,30,0,0,2.296,64.202,-3.5,-19,0,19.284,1,0.071,0.089,0,0,-0.143,0,2.3,19.308,16.408
1.167,normal,-0.013,-0.15,0,22,-10,30,0,0,2.295,64.163,-3.5,-19,0,19.307,1,0.076,0.073,0,0,-0.15,0,2.3,19.307,16.407
1.175,normal,-0.014,-0.157,0,22,-10,30,0,0,2.298,64.07,-3.5,-19,0,19.321,1,0.099,0.069,0,0,-0.158,0,2.3,19.305,16.405
1.183,normal,-0.016,-0.165,0,22,-10,30,0,0,2.305,63.949,-3.5,-19,0,19.29,1,0.085,0.051,0,0,-0.165,0,2.3,19.304,16.404
1.192,normal,-0.017,-0.172,0,22,-10,30,0,0,2.301,64.114,-3.5,-19,0,19.307,1,0.072,0.084,0,0,-0.173,0,2.3,19.303,16.403
1.2,normal,-0.019,-0.179,0,22,-10,30,0,0,2.3,64.194,-3.5,-19,0,19.277,1,0.053,0.056,0,0,-0.18,0,2.3,19.301,16.401
1.208,normal,-0.02,-0.188,0,22,-10,30,0,0,2.302,63.99,-3.5,-19,0,19.287,1,0.084,0.077,0,0,-0.188,0,2.3,19.3,16.4
1.217,normal,-0.022,-0.194,0,22,-10,30,0,0,2.299,64.165,-3.5,-19,0,19.274,1,0.096,0.057,0,0,-0.195,0,2.3,19.298,16.398
1.225,normal,-0.024,-0.203,0,22,-10,30,0,0,2.302,64.024,-3.5,-19,0,19.321,1,0.093,0.081,0,0,-0.203,0,2.3,19.296,16.396
1.233,normal,-0.025,-0.21,0,22,-10,30,0,0,2.303,64.168,-3.5,-19,0,19.272,1,0.099,0.084,0,0,-0.21,0,2.3,19.295,16.395
1.242,normal,-0.027,-0.218,0,22,-10,30,0,0,2.302,64.125,-3.5,-19,0,19.309,1,0.066,0.08,0,0,-0.218,0,2.3,19.293,16.393
1.25,normal,-0.029,-0.225,0,22,-10,30,0,0,2.301,63.979,-3.5,-19,0,19.307,1,0.062,0.089,0,0,-0.225,0,2.3,19.291,16.391
1.258,normal,-0.031,-0.233,0,22,-10,30,0,0,2.296,64.063,-3.5,-19,0,19.271,1,0.083,0.081,0,0,-0.233,0,2.3,19.289,16.389
1.267,normal,-0.033,-0.239,0,22,-10,30,0,0,2.304,64.058,-3.5,-19,0,19.305,1,0.096,0.078,0,0,-0.24,0,2.3,19.287,16.387
1.275,normal,-0.035,-0.247,0,22,-10,30,0,0,2.299,64.062,-3.5,-19,0,19.29,1,0.074,0.077,0,0,-0.248,0,2.3,19.285,16.385
1.283,normal,-0.037,-0.254,0,22,-10,30,0,0,2.297,63.999,-3.5,-19,0,19.29,1,0.071,0.067,0,0,-0.255,0,2.3,19.283,16.383
1.292,normal,-0.039,-0.262,0,22,-10,30,0,0,2.298,64.159,-3.5,-19,0,19.285,1,0.072,0.058,0,0,-0.263,0,2.3,19.281,16.381
1.3,normal,-0.042,-0.271,0,22,-10,30,0,0,2.304,63.955,-3.5,-19,0,19.269,1,0.09,0.074,0,0,-0.27,0,2.3,19.279,16.379
1.308,normal,-0.044,-0.276,0,22,-10,30,0,0,2.298,64.073,-3.5,-19,0,19.296,1,0.08,0.078,0,0,-0.278,0,2.3,19.276,16.376
1.317,normal,-0.046,-0.286,0,22,-10,30,0,0,2.301,64.025,-3.5,-19,0,19.258,1,0.073,0.063,0,0,-0.285,0,2.3,19.274,16.374
1.325,normal,-0.049,-0.291,0,22,-10,30,0,0,2.3,63.989,-3.5,-19,0,19.264,1,0.093,0.077,0,0,-0.293,0,2.3,19.272,16.372
1.333,normal,-0.051,-0.301,0,22,-10,30,0,0,2.3,64.007,-3.5,-19,0,19.288,1,0.091,0.069,0,0,-0.3,0,2.3,19.269,16.369
1.342,normal,-0.054,-0.308,0,22,-10,30,0,0,2.298,64.062,-3.5,-19,0,19.248,1,0.076,0.053,0,0,-0.308,0,2.3,19.267,16.367
1.35,normal,-0.056,-0.316,0,22,-10,30,0,0,2.3,64.052,-3.5,-19,0,19.254,1,0.082,0.067,0,0,-0.315,0,2.3,19.264,16.364
1.358,normal,-0.059,-0.321,0,22,-10,30,0,0,2.304,64.194,-3.5,-19,0,19.258,1,0.085,0.088,0,0,-0.323,0,2.3,19.262,16.362
1.367,normal,-0.062,-0.33,0,22,-10,30,0,0,2.298,63.923,-3.5,-19,0,19.265,1,0.077,0.084,0,0,-0.33,0,2.3,19.259,16.359
1.375,normal,-0.065,-0.338,0,22,-10,30,0,0,2.298,64.068,-3.5,-19,0,19.254,1,0.051,0.082,0,0,-0.338,0,2.3,19.256,16.356
1.383,normal,-0.068,-0.343,0,22,-10,30,0,0,2.295,64.015,-3.5,-19,0,19.25,1,0.09,0.068,0,0,-0.345,0,2.3,19.253,16.353
1.392,normal,-0.071,-0.352,0,22,-10,30,0,0,2.303,63.944,-3.5,-19,0,19.25,1,0.072,0.058,0,0,-0.353,0,2.3,19.25,16.35
1.4,normal,-0.074,-0.361,0,22,-10,30,0,0,2.296,63.981,-3.5,-19,0,19.226,1,0.069,0.056,0,0,-0.36,0,2.3,19.247,16.347
1.408,normal,-0.077,-0.366,0,22,-10,30,0,0,2.295,64.006,-3.5,-19,0,19.253,1,0.063,0.06,0,0,-0.368,0,2.3,19.244,16.344
1.417,normal,-0.08,-0.374,0,22,-10,30,0,0,2.298,64.09,-3.5,-19,0,19.244,1,0.068,0.071,0,0,-0.375,0,2.3,19.241,16.341
1.425,normal,-0.083,-0.382,0,22,-10,30,0,0,2.304,63.993,-3.5,-19,0,19.261,1,0.094,0.073,0,0,-0.383,0,2.3,19.238,16.338
1.433,normal,-0.086,-0.392,0,22,-10,30,0,0,2.305,63.925,-3.5,-19,0,19.211,1,0.093,0.059,0,0,-0.39,0,2.3,19.235,16.335
1.442,normal,-0.089,-0.398,0,22,-10,30,0,0,2.305,64.106,-3.5,-19,0,19.252,1,0.059,0.089,0,0,-0.398,0,2.3,19.232,16.332
1.45,normal,-0.093,-0.406,0,22,-10,30,0,0,2.301,64.19,-3.5,-19,0,19.215,1,0.093,0.088,0,0,-0.405,0,2.3,19.228,16.328
1.458,normal,-0.096,-0.413,0,22,-10,30,0,0,2.3,64.166,-3.5,-19,0,19.236,1,0.061,0.078,0,0,-0.413,0,2.3,19.225,16.325
1.467,normal,-0.1,-0.42,0,22,-10,30,0,0,2.303,63.971,-3.5,-19,0,19.235,1,0.094,0.086,0,0,-0.42,0,2.3,19.222,16.322
1.475,normal,-0.103,-0.427,0,22,-10,30,0,0,2.298,64.161,-3.5,-19,0,19.215,1,0.098,0.059,0,0,-0.428,0,2.3,19.218,16.318
1.483,normal,-0.107,-0.435,0,22,-10,30,0,0,2.299,63.961,-3.5,-19,0,19.214,1,0.06,0.073,0,0,-0.435,0,2.3,19.215,16.315
1.492,normal,-0.111,-0.443,0,22,-10,30,0,0,2.302,63.931,-3.5,-19,0,19.23,1,0.05,0.051,0,0,-0.443,0,2.3,19.211,16.311
1.5,normal,-0.114,-0.45,0,22,-10,30,0,0,2.303,63.926,-3.5,-19,0,19.185,1,0.081,0.051,0,0,-0.45,0,2.3,19.207,16.307
1.508,normal,-0.118,-0.456,0,22,-10,30,0,0,2.296,64.067,-3.497,-18.989,1,19.211,1,0.088,0.071,0,0,-0.458,0,2.3,19.192,16.292
1.517,normal,-0.122,-0.466,0,22,-10,30,0,0,2.303,64.209,-3.495,-18.978,1,19.159,1,0.097,0.075,0,0,-0.465,0,2.3,19.177,16.277
1.525,normal,-0.126,-0.474,0,22,-10,30,0,0,2.297,64.218,-3.492,-18.967,1,19.172,1,0.071,0.089,0,0,-0.473,0,2.3,19.162,16.262
1.533,normal,-0.13,-0.481,0,22,-10,30,0,0,2.297,64.022,-3.489,-18.956,1,19.147,1,0.074,0.076,0,0,-0.48,0,2.3,19.147,16.247
1.542,normal,-0.134,-0.488,0,22,-10,30,0,0,2.297,64.017,-3.486,-18.945,1,19.125,1,0.071,0.058,0,0,-0.488,0,2.3,19.132,16.232
1.55,normal,-0.138,-0.495,0,22,-10,30,0,0,2.299,64.201,-3.484,-18.935,1,19.105,1,0.099,0.054,0,0,-0.495,0,2.3,19.116,16.216
1.558,normal,-0.142,-0.502,0,22,-10,30,0,0,2.3,64.13,-3.481,-18.924,1,19.106,1,0.077,0.081,0,0,-0.503,0,2.3,19.101,16.201
1.567,normal,-0.147,-0.511,0,22,-10,30,0,0,2.305,64.112,-3.478,-18.913,1,19.07,1,0.095,0.067,0,0,-0.51,0,2.3,19.086,16.186
1.575,normal,-0.151,-0.515,0,22,-10,30,0,0,2.299,63.957,-3.475,-18.902,1,19.058,1,0.069,0.071,0,0,-0.518,0,2.3,19.07,16.17
1.583,normal,-0.155,-0.524,0,22,-10,30,0,0,2.296,64.213,-3.473,-18.891,1,19.034,1,0.062,0.072,0,0,-0.525,0,2.3,19.055,16.155
1.592,normal,-0.16,-0.531,0,22,-10,30,0,0,2.302,64.132,-3.47,-18.88,1,19.014,1,0.059,0.053,0,0,-0.533,0,2.3,19.039,16.139
1.6,normal,-0.164,-0.542,0,22,-10,30,0,0,2.303,63.955,-3.467,-18.869,1,18.999,1,0.1,0.081,0,0,-0.54,0,2.3,19.023,16.123
1.608,normal,-0.169,-0.545,0,22,-10,30,0,0,2.3,64.03,-3.464,-18.858,1,19.01,1,0.094,0.079,0,0,-0.548,0,2.3,19.008,16.108
1.617,normal,-0.173,-0.555,0,22,-10,30,0,0,2.299,64.137,-3.462,-18.847,1,19.01,1,0.088,0.076,0,0,-0.555,0,2.3,18.992,16.092
1.625,normal,-0.178,-0.56,0,22,-10,30,0,0,2.304,64.218,-3.459,-18.836,1,18.986,1,0.093,0.054,0,0,-0.562,0,2.3,18.976,16.076
1.633,normal,-0.183,-0.572,0,22,-10,30,0,0,2.296,64.187,-3.456,-18.825,1,18.943,1,0.058,0.064,0,0,-0.57,0,2.3,18.96,16.06
1.642,normal,-0.188,-0.578,0,22,-10,30,0,0,2.3,64.11,-3.453,-18.815,1,18.967,1,0.066,0.058,0,0,-0.577,0,2.3,18.944,16.044
1.65,normal,-0.193,-0.588,0,22,-10,30,0,0,2.3,64.009,-3.451,-18.804,1,18.949,1,0.091,0.074,0,0,-0.585,0,2.3,18.928,16.028
1.658,normal,-0.198,-0.592,0,22,-10,30,0,0,2.297,64.09,-3.448,-18.793,1,18.908,1,0.093,0.075,0,0,-0.592,0,2.3,18.912,16.012
1.667,normal,-0.203,-0.603,0,22,-10,30,0,0,2.304,64.07,-3.445,-18.782,1,18.879,1,0.084,0.066,0,0,-0.6,0,2.3,18.896,15.996
1.675,normal,-0.208,-0.609,0,22,-10,30,0,0,2.297,63.981,-3.442,-18.771,1,18.873,1,0.098,0.069,0,0,-0.607,0,2.3,18.88,15.98
1.683,normal,-0.213,-0.615,0,22,-10,30,0,0,2.301,64.22,-3.44,-18.76,1,18.877,1,0.096,0.062,0,0,-0.615,0,2.3,18.864,15.964
1.692,normal,-0.218,-0.621,0,22,-10,30,0,0,2.299,64.196,-3.437,-18.749,1,18.838,1,0.084,0.073,0,0,-0.622,0,2.3,18.847,15.947
1.7,normal,-0.223,-0.633,0,22,-10,30,0,0,2.298,64.187,-3.434,-18.738,1,18.808,1,0.053,0.085,0,0,-0.63,0,2.3,18.831,15.931
1.708,normal,-0.228,-0.635,0,22,-10,30,0,0,2.305,64.034,-3.431,-18.727,1,18.797,1,0.061,0.086,0,0,-0.637,0,2.3,18.814,15.914
1.717,normal,-0.234,-0.643,0,22,-10,30,0,0,2.302,64.031,-3.429,-18.716,1,18.802,1,0.084,0.085,0,0,-0.645,0,2.3,18.798,15.898
1.725,normal,-0.239,-0.65,0,22,-10,30,0,0,2.301,64.026,-3.426,-18.705,1,18.757,1,0.053,0.082,0,0,-0.652,0,2.3,18.781,15.881
1.733,normal,-0.245,-0.659,0,22,-10,30,0,0,2.301,63.951,-3.423,-18.695,1,18.785,1,0.056,0.064,0,0,-0.66,0,2.3,18.765,15.865
1.742,normal,-0.25,-0.668,0,22,-10,30,0,0,2.303,64.211,-3.42,-18.684,1,18.725,1,0.055,0.053,0,0,-0.667,0,2.3,18.748,15.848
1.75,normal,-0.256,-0.677,0,22,-10,30,0,0,2.296,64.165,-3.418,-18.673,1,18.725,1,0.076,0.071,0,0,-0.675,0,2.3,18.731,15.831
1.758,normal,-0.262,-0.68,0,22,-10,30,0,0,2.298,64.196,-3.415,-18.662,1,18.696,1,0.078,0.079,0,0,-0.682,0,2.3,18.714,15.814
1.767,normal,-0.267,-0.689,0,22,-10,30,0,0,2.304,64.144,-3.412,-18.651,1,18.688,1,0.068,0.057,0,0,-0.69,0,2.3,18.697,15.797
1.775,normal,-0.273,-0.694,0,22,-10,30,0,0,2.302,63.999,-3.409,-18.64,1,18.681,1,0.059,0.059,0,0,-0.697,0,2.3,18.681,15.781
1.783,normal,-0.279,-0.704,0,22,-10,30,0,0,2.3,64.129,-3.407,-18.629,1,18.675,1,0.058,0.064,0,0,-0.705,0,2.3,18.664,15.764
1.792,normal,-0.285,-0.713,0,22,-10,30,0,0,2.299,64.217,-3.404,-18.618,1,18.632,1,0.093,0.061,0,0,-0.712,0,2.3,18.646,15.746
1.8,normal,-0.291,-0.718,0,22,-10,30,0,0,2.301,64.108,-3.401,-18.607,1,18.626,1,0.057,0.089,0,0,-0.72,0,2.3,18.629,15.729
1.808,normal,-0.297,-0.731,0,22,-10,30,0,0,2.301,64.131,-3.398,-18.596,1,18.589,1,0.086,0.069,0,0,-0.727,0,2.3,18.612,15.712
1.817,normal,-0.303,-0.737,0,22,-10,30,0,0,2.304,64.112,-3.396,-18.585,1,18.571,1,0.066,0.052,0,0,-0.735,0,2.3,18.595,15.695
1.825,normal,-0.309,-0.743,0,22,-10,30,0,0,2.305,64.193,-3.393,-18.575,1,18.599,1,0.084,0.055,0,0,-0.742,0,2.3,18.578,15.678
1.833,normal,-0.316,-0.748,0,22,-10,30,0,0,2.298,63.944,-3.39,-18.564,1,18.538,1,0.093,0.06,0,0,-0.75,0,2.3,18.56,15.66
1.842,normal,-0.322,-0.754,0,22,-10,30,0,0,2.295,64.221,-3.387,-18.553,1,18.532,1,0.06,0.075,0,0,-0.757,0,2.3,18.543,15.643
1.85,normal,-0.328,-0.767,0,22,-10,30,0,0,2.305,64.178,-3.385,-18.542,1,18.508,1,0.075,0.067,0,0,-0.765,0,2.3,18.525,15.625
1.858,normal,-0.335,-0.77,0,22,-10,30,0,0,2.298,64.226,-3.382,-18.531,1,18.525,1,0.062,0.066,0,0,-0.772,0,2.3,18.508,15.608
1.867,normal,-0.341,-0.78,0,22,-10,30,0,0,2.305,64.125,-3.379,-18.52,1,18.5,1,0.06,0.053,0,0,-0.78,0,2.3,18.49,15.59
1.875,normal,-0.348,-0.79,0,22,-10,30,0,0,2.3,64.039,-3.376,-18.509,1,18.45,1,0.061,0.082,0,0,-0.787,0,2.3,18.472,15.572
1.883,normal,-0.354,-0.792,0,22,-10,30,0,0,2.298,64.088,-3.374,-18.498,1,18.439,1,0.077,0.054,0,0,-0.795,0,2.3,18.455,15.555
1.892,normal,-0.361,-0.799,0,22,-10,30,0,0,2.303,63.971,-3.371,-18.487,1,18.434,1,0.054,0.081,0,0,-0.802,0,2.3,18.437,15.537
1.9,normal,-0.368,-0.806,0,22,-10,30,0,0,2.303,64.157,-3.368,-18.476,1,18.399,1,0.092,0.082,0,0,-0.81,0,2.3,18.419,15.519
1.908,normal,-0.375,-0.816,0,22,-10,30,0,0,2.304,64.225,-3.365,-18.465,1,18.402,1,0.069,0.052,0,0,-0.817,0,2.3,18.401,15.501
1.917,normal,-0.382,-0.824,0,22,-10,30,0,0,2.297,64.017,-3.363,-18.455,1,18.404,1,0.088,0.08,0,0,-0.825,0,2.3,18.383,15.483
1.925,normal,-0.388,-0.835,0,22,-10,30,0,0,2.303,64.08,-3.36,-18.444,1,18.361,1,0.055,0.055,0,0,-0.832,0,2.3,18.365,15.465
1.933,normal,-0.395,-0.844,0,22,-10,30,0,0,2.304,64.007,-3.357,-18.433,1,18.335,1,0.064,0.087,0,0,-0.84,0,2.3,18.347,15.447
1.942,normal,-0.403,-0.844,0,22,-10,30,0,0,2.298,64.026,-3.355,-18.422,1,18.339,1,0.065,0.079,0,0,-0.847,0,2.3,18.329,15.429
1.95,normal,-0.41,-0.858,0,22,-10,30,0,0,2.305,64.201,-3.352,-18.411,1,18.291,1,0.083,0.059,0,0,-0.855,0,2.3,18.311,15.411
1.958,normal,-0.417,-0.859,0,22,-10,30,0,0,2.301,64.12,-3.349,-18.4,1,18.295,1,0.083,0.087,0,0,-0.862,0,2.3,18.292,15.392
1.967,normal,-0.424,-0.866,0,22,-10,30,0,0,2.305,64,-3.346,-18.389,1,18.28,1,0.095,0.057,0,0,-0.87,0,2.3,18.274,15.374
1.975,normal,-0.431,-0.876,0,22,-10,30,0,0,2.296,64.161,-3.344,-18.378,1,18.279,1,0.078,0.087,0,0,-0.877,0,2.3,18.255,15.355
1.983,normal,-0.439,-0.888,0,22,-10,30,0,0,2.299,63.997,-3.341,-18.367,1,18.235,1,0.052,0.061,0,0,-0.885,0,2.3,18.237,15.337
1.992,normal,-0.446,-0.892,0,22,-10,30,0,0,2.297,64.245,-3.338,-18.356,1,18.196,1,0.066,0.071,0,0,-0.892,0,2.3,18.218,15.318
2,normal,-0.454,-0.903,0,22,-10,30,0,0,2.3,64.128,-3.335,-18.345,1,18.218,1,0.085,0.089,0,0,-0.9,0,2.3,18.2,15.3
2.008,normal,-0.461,-0.896,0,22,-10,30,0,0,2.304,64.188,-3.333,-18.334,1,18.172,1,0.1,0.056,0,0,-0.9,0,2.3,18.181,15.281
2.017,normal,-0.469,-0.903,0,22,-10,30,0,0,2.304,64.038,-3.33,-18.324,1,18.158,1,0.09,0.056,0,0,-0.9,0,2.3,18.163,15.263
2.025,normal,-0.476,-0.903,0,22,-10,30,0,0,2.301,63.958,-3.327,-18.313,1,18.166,1,0.059,0.059,0,0,-0.9,0,2.3,18.144,15.244
2.033,normal,-0.484,-0.897,0,22,-10,30,0,0,2.303,64.21,-3.324,-18.302,1,18.114,1,0.096,0.067,0,0,-0.9,0,2.3,18.125,15.225
2.042,normal,-0.491,-0.896,0,22,-10,30,0,0,2.304,63.967,-3.322,-18.291,1,18.116,1,0.081,0.081,0,0,-0.9,0,2.3,18.107,15.207
2.05,normal,-0.499,-0.902,0,22,-10,30,0,0,2.302,64.031,-3.319,-18.28,1,18.082,1,0.058,0.067,0,0,-0.9,0,2.3,18.088,15.188
2.058,normal,-0.506,-0.901,0,22,-10,30,0,0,2.303,64.166,-3.316,-18.269,1,18.072,1,0.077,0.087,0,0,-0.9,0,2.3,18.07,15.17
2.067,normal,-0.514,-0.902,0,22,-10,30,0,0,2.302,64.001,-3.313,-18.258,1,18.049,1,0.059,0.073,0,0,-0.9,0,2.3,18.051,15.151
2.075,normal,-0.521,-0.9,0,22,-10,30,0,0,2.303,63.964,-3.311,-18.247,1,18.04,1,0.054,0.07,0,0,-0.9,0,2.3,18.032,15.132
2.083,normal,-0.529,-0.898,0,22,-10,30,0,0,2.304,64.018,-3.308,-18.236,1,18.014,1,0.069,0.051,0,0,-0.9,0,2.3,18.014,15.114
2.092,normal,-0.536,-0.898,0,22,-10,30,0,0,2.296,64.225,-3.305,-18.225,1,17.986,1,0.06,0.072,0,0,-0.9,0,2.3,17.995,15.095
2.1,normal,-0.544,-0.896,0,22,-10,30,0,0,2.3,64.004,-3.302,-18.214,1,17.966,1,0.073,0.085,0,0,-0.9,0,2.3,17.977,15.077
2.108,normal,-0.551,-0.897,0,22,-10,30,0,0,2.304,64.173,-3.3,-18.204,1,17.951,1,0.056,0.068,0,0,-0.9,0,2.3,17.958,15.058
2.117,normal,-0.559,-0.902,0,22,-10,30,0,0,2.302,64.117,-3.297,-18.193,1,17.95,1,0.081,0.051,0,0,-0.9,0,2.3,17.939,15.039
2.125,normal,-0.566,-0.9,0,22,-10,30,0,0,2.301,64.212,-3.294,-18.182,1,17.939,1,0.084,0.068,0,0,-0.9,0,2.3,17.921,15.021
2.133,normal,-0.574,-0.896,0,22,-10,30,0,0,2.299,63.987,-3.291,-18.171,1,17.913,1,0.062,0.056,0,0,-0.9,0,2.3,17.902,15.002
2.142,normal,-0.581,-0.898,0,22,-10,30,0,0,2.297,64.129,-3.289,-18.16,1,17.896,1,0.087,0.058,0,0,-0.9,0,2.3,17.884,14.984
2.15,normal,-0.589,-0.903,0,22,-10,30,0,0,2.297,64.174,-3.286,-18.149,1,17.877,1,0.082,0.053,0,0,-0.9,0,2.3,17.865,14.965
2.158,normal,-0.596,-0.903,0,22,-10,30,0,0,2.301,64.084,-3.283,-18.138,1,17.847,1,0.06,0.073,0,0,-0.9,0,2.3,17.846,14.946
2.167,normal,-0.604,-0.9,0,22,-10,30,0,0,2.302,64.116,-3.28,-18.127,1,17.84,1,0.084,0.055,0,0,-0.9,0,2.3,17.828,14.928
2.175,normal,-0.611,-0.903,0,22,-10,30,0,0,2.296,64.111,-3.278,-18.116,1,17.797,1,0.055,0.056,0,0,-0.9,0,2.3,17.809,14.909
2.183,normal,-0.619,-0.904,0,22,-10,30,0,0,2.305,64.174,-3.275,-18.105,1,17.798,1,0.071,0.067,0,0,-0.9,0,2.3,17.791,14.891
2.192,normal,-0.626,-0.896,0,22,-10,30,0,0,2.301,64.083,-3.272,-18.094,1,17.797,1,0.051,0.072,0,0,-0.9,0,2.3,17.772,14.872
2.2,normal,-0.634,-0.904,0,22,-10,30,0,0,2.302,64.129,-3.269,-18.084,1,17.75,1,0.063,0.06,0,0,-0.9,0,2.3,17.753,14.853
2.208,normal,-0.641,-0.899,0,22,-10,30,0,0,2.298,64.221,-3.267,-18.073,1,17.727,1,0.055,0.077,0,0,-0.9,0,2.3,17.735,14.835
2.217,normal,-0.649,-0.901,0,22,-10,30,0,0,2.297,64.009,-3.264,-18.062,1,17.719,1,0.087,0.064,0,0,-0.9,0,2.3,17.716,14.816
2.225,normal,-0.656,-0.901,0,22,-10,30,0,0,2.301,64.057,-3.261,-18.051,1,17.674,1,0.091,0.067,0,0,-0.9,0,2.3,17.698,14.798
2.233,normal,-0.664,-0.896,0,22,-10,30,0,0,2.304,64.055,-3.258,-18.04,1,17.7,1,0.1,0.071,0,0,-0.9,0,2.3,17.679,14.779
2.242,normal,-0.671,-0.898,0,22,-10,30,0,0,2.305,63.994,-3.256,-18.029,1,17.638,1,0.065,0.072,0,0,-0.9,0,2.3,17.66,14.76
2.25,normal,-0.679,-0.9,0,22,-10,30,0,0,2.304,64.256,-3.253,-18.018,1,17.633,1,0.096,0.075,0,0,-0.9,0,2.3,17.642,14.742
2.258,normal,-0.686,-0.903,0,22,-10,30,0,0,2.304,64.235,-3.25,-18.007,1,17.642,1,0.052,0.06,0,0,-0.9,0,2.3,17.623,14.723
2.267,normal,-0.694,-0.903,0,22,-10,30,0,0,2.3,64.197,-3.247,-17.996,1,17.604,1,0.09,0.054,0,0,-0.9,0,2.3,17.605,14.705
2.275,normal,-0.701,-0.903,0,22,-10,30,0,0,2.305,64.122,-3.245,-17.985,1,17.61,1,0.053,0.064,0,0,-0.9,0,2.3,17.586,14.686
2.283,normal,-0.709,-0.901,0,22,-10,30,0,0,2.296,64.223,-3.242,-17.974,1,17.547,1,0.051,0.061,0,0,-0.9,0,2.3,17.567,14.667
2.292,normal,-0.716,-0.903,0,22,-10,30,0,0,2.298,64.014,-3.239,-17.964,1,17.558,1,0.073,0.071,0,0,-0.9,0,2.3,17.549,14.649
2.3,normal,-0.724,-0.896,0,22,-10,30,0,0,2.302,64.075,-3.236,-17.953,1,17.536,1,0.075,0.068,0,0,-0.9,0,2.3,17.53,14.63
2.308,normal,-0.731,-0.896,0,22,-10,30,0,0,2.299,64.128,-3.234,-17.942,1,17.534,1,0.097,0.076,0,0,-0.9,0,2.3,17.512,14.612
2.317,normal,-0.739,-0.9,0,22,-10,30,0,0,2.301,63.988,-3.231,-17.931,1,17.508,1,0.061,0.083,0,0,-0.9,0,2.3,17.493,14.593
2.325,normal,-0.746,-0.904,0,22,-10,30,0,0,2.3,64.26,-3.228,-17.92,1,17.486,1,0.087,0.05,0,0,-0.9,0,2.3,17.474,14.574
2.333,normal,-0.754,-0.897,0,22,-10,30,0,0,2.296,64.217,-3.225,-17.909,1,17.445,1,0.085,0.084,0,0,-0.9,0,2.3,17.456,14.556
2.342,normal,-0.761,-0.902,0,22,-10,30,0,0,2.302,64.182,-3.223,-17.898,1,17.442,1,0.095,0.052,0,0,-0.9,0,2.3,17.437,14.537
2.35,normal,-0.769,-0.904,0,22,-10,30,0,0,2.301,63.97,-3.22,-17.887,1,17.41,1,0.057,0.051,0,0,-0.9,0,2.3,17.419,14.519
2.358,normal,-0.776,-0.902,0,22,-10,30,0,0,2.302,64.133,-3.217,-17.876,1,17.379,1,0.097,0.086,0,0,-0.9,0,2.3,17.4,14.5
2.367,normal,-0.784,-0.899,0,22,-10,30,0,0,2.301,64.082,-3.215,-17.865,1,17.393,1,0.08,0.058,0,0,-0.9,0,2.3,17.381,14.481
2.375,normal,-0.791,-0.898,0,22,-10,30,0,0,2.304,64.037,-3.212,-17.854,1,17.366,1,0.058,0.069,0,0,-0.9,0,2.3,17.363,14.463
2.383,normal,-0.799,-0.896,0,22,-10,30,0,0,2.296,63.992,-3.209,-17.844,1,17.346,1,0.076,0.068,0,0,-0.9,0,2.3,17.344,14.444
2.392,normal,-0.806,-0.897,0,22,-10,30,0,0,2.301,64.11,-3.206,-17.833,1,17.34,1,0.091,0.078,0,0,-0.9,0,2.3,17.326,14.426
2.4,normal,-0.814,-0.902,0,22,-10,30,0,0,2.298,64.129,-3.204,-17.822,1,17.312,1,0.073,0.057,0,0,-0.9,0,2.3,17.307,14.407
2.408,normal,-0.821,-0.896,0,22,-10,30,0,0,2.304,64.229,-3.201,-17.811,1,17.285,1,0.089,0.085,0,0,-0.9,0,2.3,17.288,14.388
2.417,normal,-0.829,-0.901,0,22,-10,30,0,0,2.298,64.058,-3.198,-17.8,1,17.286,1,0.067,0.068,0,0,-0.9,0,2.3,17.27,14.37
2.425,normal,-0.836,-0.896,0,22,-10,30,0,0,2.297,64.177,-3.195,-17.789,1,17.237,1,0.074,0.064,0,0,-0.9,0,2.3,17.251,14.351
2.433,normal,-0.844,-0.9,0,22,-10,30,0,0,2.302,64.117,-3.193,-17.778,1,17.22,1,0.055,0.071,0,0,-0.9,0,2.3,17.233,14.333
2.442,normal,-0.851,-0.903,0,22,-10,30,0,0,2.296,64.133,-3.19,-17.767,1,17.215,1,0.056,0.079,0,0,-0.9,0,2.3,17.214,14.314
2.45,normal,-0.859,-0.898,0,22,-10,30,0,0,2.297,64.226,-3.187,-17.756,1,17.187,1,0.058,0.08,0,0,-0.9,0,2.3,17.195,14.295
2.458,normal,-0.866,-0.899,0,22,-10,30,0,0,2.297,64.006,-3.184,-17.745,1,17.175,1,0.076,0.061,0,0,-0.9,0,2.3,17.177,14.277
2.467,normal,-0.874,-0.903,0,22,-10,30,0,0,2.296,64.271,-3.182,-17.734,1,17.181,1,0.064,0.067,0,0,-0.9,0,2.3,17.158,14.258
2.475,normal,-0.881,-0.904,0,22,-10,30,0,0,2.3,64.244,-3.179,-17.724,1,17.158,1,0.062,0.079,0,0,-0.9,0,2.3,17.14,14.24
2.483,normal,-0.889,-0.904,0,22,-10,30,0,0,2.298,64.108,-3.176,-17.713,1,17.127,1,0.092,0.065,0,0,-0.9,0,2.3,17.121,14.221
2.492,normal,-0.896,-0.896,0,22,-10,30,0,0,2.297,64.227,-3.173,-17.702,1,17.114,1,0.059,0.082,0,0,-0.9,0,2.3,17.102,14.202
2.5,normal,-0.904,-0.903,0,22,-10,30,0,0,2.296,64.045,-3.171,-17.691,1,17.093,1,0.092,0.081,0,0,-0.9,0,2.3,17.084,14.184
2.508,normal,-0.911,-0.897,0,22,-10,30,0,0,2.301,64.249,-3.168,-17.68,1,17.059,1,0.055,0.053,0,0,-0.9,0,2.3,17.065,14.165
2.517,normal,-0.919,-0.899,0,22,-10,30,0,0,2.297,64.242,-3.165,-17.669,1,17.025,1,0.095,0.074,0,0,-0.9,0,2.3,17.047,14.147
2.525,normal,-0.926,-0.904,0,22,-10,30,0,0,2.298,64.229,-3.162,-17.658,1,17.049,1,0.056,0.051,0,0,-0.9,0,2.3,17.028,14.128
2.533,normal,-0.934,-0.897,0,22,-10,30,0,0,2.298,64.163,-3.16,-17.647,1,17.012,1,0.06,0.066,0,0,-0.9,0,2.3,17.009,14.109
2.542,normal,-0.941,-0.904,0,22,-10,30,0,0,2.297,64.141,-3.157,-17.636,1,16.975,1,0.067,0.074,0,0,-0.9,0,2.3,16.991,14.091
2.55,normal,-0.949,-0.898,0,22,-10,30,0,0,2.301,64.121,-3.154,-17.625,1,16.988,1,0.085,0.085,0,0,-0.9,0,2.3,16.972,14.072
2.558,normal,-0.956,-0.898,0,22,-10,30,0,0,2.297,64.223,-3.151,-17.614,1,16.932,1,0.087,0.089,0,0,-0.9,0,2.3,16.954,14.054
2.567,normal,-0.964,-0.896,0,22,-10,30,0,0,2.301,64.245,-3.149,-17.604,1,16.937,1,0.069,0.06,0,0,-0.9,0,2.3,16.935,14.035
2.575,normal,-0.971,-0.904,0,22,-10,30,0,0,2.299,64.11,-3.146,-17.593,1,16.919,1,0.082,0.057,0,0,-0.9,0,2.3,16.916,14.016
2.583,normal,-0.979,-0.904,0,22,-10,30,0,0,2.302,63.992,-3.143,-17.582,1,16.907,1,0.09,0.086,0,0,-0.9,0,2.3,16.898,13.998
2.592,normal,-0.986,-0.897,0,22,-10,30,0,0,2.302,64.148,-3.14,-17.571,1,16.889,1,0.054,0.062,0,0,-0.9,0,2.3,16.879,13.979
2.6,normal,-0.994,-0.902,0,22,-10,30,0,0,2.303,64.239,-3.138,-17.56,1,16.861,1,0.073,0.062,0,0,-0.9,0,2.3,16.861,13.961
2.608,normal,-1.001,-0.898,0,22,-10,30,0,0,2.3,64.128,-3.135,-17.549,1,16.832,1,0.071,0.066,0,0,-0.9,0,2.3,16.842,13.942
2.617,normal,-1.009,-0.897,0,22,-10,30,0,0,2.305,64.102,-3.132,-17.538,1,16.819,1,0.066,0.073,0,0,-0.9,0,2.3,16.823,13.923
2.625,normal,-1.016,-0.901,0,22,-10,30,0,0,2.303,64.165,-3.129,-17.527,1,16.828,1,0.092,0.073,0,0,-0.9,0,2.3,16.805,13.905
2.633,normal,-1.024,-0.896,0,22,-10,30,0,0,2.304,64.115,-3.127,-17.516,1,16.775,1,0.052,0.085,0,0,-0.9,0,2.3,16.786,13.886
2.642,normal,-1.031,-0.9,0,22,-10,30,0,0,2.301,64.174,-3.124,-17.505,1,16.769,1,0.082,0.073,0,0,-0.9,0,2.3,16.768,13.868
2.65,normal,-1.039,-0.899,0,22,-10,30,0,0,2.298,64.114,-3.121,-17.494,1,16.744,1,0.06,0.073,0,0,-0.9,0,2.3,16.749,13.849
2.658,normal,-1.046,-0.898,0,22,-10,30,0,0,2.301,64.184,-3.118,-17.484,1,16.744,1,0.081,0.065,0,0,-0.9,0,2.3,16.73,13.83
2.667,normal,-1.054,-0.903,0,22,-10,30,0,0,2.299,64.249,-3.116,-17.473,1,16.717,1,0.096,0.074,0,0,-0.9,0,2.3,16.712,13.812
2.675,normal,-1.061,-0.896,0,22,-10,30,0,0,2.295,64.067,-3.113,-17.462,1,16.691,1,0.092,0.077,0,0,-0.9,0,2.3,16.693,13.793
2.683,normal,-1.069,-0.904,0,22,-10,30,0,0,2.297,63.995,-3.11,-17.451,1,16.693,1,0.069,0.062,0,0,-0.9,0,2.3,16.675,13.775
2.692,normal,-1.076,-0.904,0,22,-10,30,0,0,2.295,64.034,-3.107,-17.44,1,16.639,1,0.076,0.058,0,0,-0.9,0,2.3,16.656,13.756
2.7,normal,-1.084,-0.899,0,22,-10,30,0,0,2.298,64.07,-3.105,-17.429,1,16.625,1,0.099,0.083,0,0,-0.9,0,2.3,16.637,13.737
2.708,normal,-1.091,-0.897,0,22,-10,30,0,0,2.302,64.128,-3.102,-17.418,1,16.598,1,0.06,0.071,0,0,-0.9,0,2.3,16.619,13.719
2.717,normal,-1.099,-0.897,0,22,-10,30,0,0,2.295,64.151,-3.099,-17.407,1,16.594,1,0.051,0.061,0,0,-0.9,0,2.3,16.6,13.7
2.725,normal,-1.106,-0.903,0,22,-10,30,0,0,2.299,64.285,-3.096,-17.396,1,16.598,1,0.073,0.055,0,0,-0.9,0,2.3,16.582,13.682
2.733,normal,-1.114,-0.9,0,22,-10,30,0,0,2.299,64.086,-3.094,-17.385,1,16.564,1,0.051,0.085,0,0,-0.9,0,2.3,16.563,13.663
2.742,normal,-1.121,-0.904,0,22,-10,30,0,0,2.303,64.031,-3.091,-17.374,1,16.553,1,0.093,0.075,0,0,-0.9,0,2.3,16.544,13.644
2.75,normal,-1.129,-0.899,0,22,-10,30,0,0,2.297,64.104,-3.088,-17.364,1,16.535,1,0.078,0.078,0,0,-0.9,0,2.3,16.526,13.626
2.758,normal,-1.136,-0.903,0,22,-10,30,0,0,2.302,64.089,-3.085,-17.353,1,16.522,1,0.075,0.05,0,0,-0.9,0,2.3,16.507,13.607
2.767,normal,-1.144,-0.897,0,22,-10,30,0,0,2.3,64.086,-3.083,-17.342,1,16.469,1,0.078,0.076,0,0,-0.9,0,2.3,16.489,13.589
2.775,normal,-1.151,-0.898,0,22,-10,30,0,0,2.302,64.09,-3.08,-17.331,1,16.468,1,0.082,0.083,0,0,-0.9,0,2.3,16.47,13.57
2.783,normal,-1.159,-0.9,0,22,-10,30,0,0,2.3,64.02,-3.077,-17.32,1,16.45,1,0.096,0.089,0,0,-0.9,0,2.3,16.451,13.551
2.792,normal,-1.166,-0.9,0,22,-10,30,0,0,2.297,64.024,-3.075,-17.309,1,16.419,1,0.096,0.086,0,0,-0.9,0,2.3,16.433,13.533
2.8,normal,-1.174,-0.903,0,22,-10,30,0,0,2.297,64.152,-3.072,-17.298,1,16.41,1,0.053,0.085,0,0,-0.9,0,2.3,16.414,13.514
2.808,normal,-1.181,-0.901,0,22,-10,30,0,0,2.299,64.208,-3.069,-17.287,1,16.408,1,0.094,0.079,0,0,-0.9,0,2.3,16.396,13.496
2.817,normal,-1.189,-0.896,0,22,-10,30,0,0,2.303,64.044,-3.066,-17.276,1,16.358,1,0.06,0.066,0,0,-0.9,0,2.3,16.377,13.477
2.825,normal,-1.196,-0.902,0,22,-10,30,0,0,2.302,64.176,-3.064,-17.265,1,16.355,1,0.052,0.06,0,0,-0.9,0,2.3,16.358,13.458
2.833,normal,-1.204,-0.902,0,22,-10,30,0,0,2.296,64.093,-3.061,-17.254,1,16.324,1,0.073,0.08,0,0,-0.9,0,2.3,16.34,13.44
2.842,normal,-1.211,-0.896,0,22,-10,30,0,0,2.302,64.154,-3.058,-17.243,1,16.299,1,0.087,0.062,0,0,-0.9,0,2.3,16.321,13.421
2.85,normal,-1.219,-0.901,0,22,-10,30,0,0,2.304,64.145,-3.055,-17.233,1,16.316,1,0.054,0.089,0,0,-0.9,0,2.3,16.303,13.403
2.858,normal,-1.226,-0.904,0,22,-10,30,0,0,2.301,64.278,-3.053,-17.222,1,16.304,1,0.091,0.07,0,0,-0.9,0,2.3,16.284,13.384
2.867,normal,-1.234,-0.901,0,22,-10,30,0,0,2.299,64.171,-3.05,-17.211,1,16.257,1,0.083,0.065,0,0,-0.9,0,2.3,16.265,13.365
2.875,normal,-1.241,-0.9,0,22,-10,30,0,0,2.302,64.114,-3.047,-17.2,1,16.271,1,0.098,0.08,0,0,-0.9,0,2.3,16.247,13.347
2.883,normal,-1.249,-0.901,0,22,-10,30,0,0,2.298,64.202,-3.044,-17.189,1,16.229,1,0.084,0.058,0,0,-0.9,0,2.3,16.228,13.328
2.892,normal,-1.256,-0.896,0,22,-10,30,0,0,2.296,64.294,-3.042,-17.178,1,16.201,1,0.1,0.05,0,0,-0.9,0,2.3,16.21,13.31
2.9,normal,-1.264,-0.903,0,22,-10,30,0,0,2.298,64.085,-3.039,-17.167,1,16.208,1,0.071,0.082,0,0,-0.9,0,2.3,16.191,13.291
2.908,normal,-1.271,-0.899,0,22,-10,30,0,0,2.301,64.287,-3.036,-17.156,1,16.166,1,0.091,0.057,0,0,-0.9,0,2.3,16.173,13.273
2.917,normal,-1.279,-0.901,0,22,-10,30,0,0,2.302,64.229,-3.033,-17.145,1,16.166,1,0.098,0.069,0,0,-0.9,0,2.3,16.154,13.254
2.925,normal,-1.286,-0.897,0,22,-10,30,0,0,2.301,64.205,-3.031,-17.134,1,16.125,1,0.066,0.086,0,0,-0.9,0,2.3,16.135,13.235
2.933,normal,-1.294,-0.9,0,22,-10,30,0,0,2.296,64.194,-3.028,-17.123,1,16.104,1,0.051,0.076,0,0,-0.9,0,2.3,16.117,13.217
2.942,normal,-1.301,-0.902,0,22,-10,30,0,0,2.298,64.255,-3.025,-17.113,1,16.1,1,0.082,0.057,0,0,-0.9,0,2.3,16.098,13.198
2.95,normal,-1.309,-0.901,0,22,-10,30,0,0,2.296,64.066,-3.022,-17.102,1,16.067,1,0.088,0.066,0,0,-0.9,0,2.3,16.08,13.18
2.958,normal,-1.316,-0.899,0,22,-10,30,0,0,2.299,64.105,-3.02,-17.091,1,16.065,1,0.075,0.084,0,0,-0.9,0,2.3,16.061,13.161
2.967,normal,-1.324,-0.9,0,22,-10,30,0,0,2.303,64.103,-3.017,-17.08,1,16.03,1,0.078,0.061,0,0,-0.9,0,2.3,16.042,13.142
2.975,normal,-1.331,-0.902,0,22,-10,30,0,0,2.296,64.039,-3.014,-17.069,1,16.035,1,0.081,0.069,0,0,-0.9,0,2.3,16.024,13.124
2.983,normal,-1.339,-0.904,0,22,-10,30,0,0,2.299,64.116,-3.011,-17.058,1,16.017,1,0.068,0.064,0,0,-0.9,0,2.3,16.005,13.105
2.992,normal,-1.346,-0.902,0,22,-10,30,0,0,2.299,64.094,-3.009,-17.047,1,15.989,1,0.064,0.086,0,0,-0.9,0,2.3,15.987,13.087
3,normal,-1.354,-0.897,0,22,-10,30,0,0,2.304,64.219,-3.006,-17.036,1,15.953,1,0.094,0.066,0,0,-0.9,0,2.3,15.968,13.068
3.008,normal,-1.361,-0.9,0,22,-10,30,0,0,2.298,64.172,-3.003,-17.025,1,15.964,1,0.071,0.062,0,0,-0.9,0,2.3,15.949,13.049
3.017,normal,-1.369,-0.904,0,22,-10,30,0,0,2.304,64.165,-3,-17.014,1,15.913,1,0.058,0.064,0,0,-0.9,0,2.3,15.931,13.031
3.025,normal,-1.376,-0.901,0,22,-10,30,0,0,2.305,64.265,-2.998,-17.003,1,15.92,1,0.08,0.056,0,0,-0.9,0,2.3,15.912,13.012
3.033,normal,-1.384,-0.901,0,22,-10,30,0,0,2.302,64.169,-2.995,-16.993,1,15.878,1,0.087,0.057,0,0,-0.9,0,2.3,15.894,12.994
3.042,normal,-1.391,-0.899,0,22,-10,30,0,0,2.298,64.27,-2.992,-16.982,1,15.897,1,0.067,0.088,0,0,-0.9,0,2.3,15.875,12.975
3.05,normal,-1.399,-0.896,0,22,-10,30,0,0,2.298,64.083,-2.989,-16.971,1,15.85,1,0.085,0.067,0,0,-0.9,0,2.3,15.856,12.956
3.058,normal,-1.406,-0.903,0,22,-10,30,0,0,2.3,64.218,-2.987,-16.96,1,15.849,1,0.065,0.058,0,0,-0.9,0,2.3,15.838,12.938
3.067,normal,-1.414,-0.902,0,22,-10,30,0,0,2.296,64.05,-2.984,-16.949,1,15.83,1,0.061,0.086,0,0,-0.9,0,2.3,15.819,12.919
3.075,normal,-1.421,-0.898,0,22,-10,30,0,0,2.296,64.259,-2.981,-16.938,1,15.808,1,0.086,0.054,0,0,-0.9,0,2.3,15.801,12.901
3.083,normal,-1.429,-0.9,0,22,-10,30,0,0,2.299,64.031,-2.978,-16.927,1,15.783,1,0.07,0.059,0,0,-0.9,0,2.3,15.782,12.882
3.092,normal,-1.436,-0.904,0,22,-10,30,0,0,2.299,64.048,-2.976,-16.916,1,15.76,1,0.071,0.064,0,0,-0.9,0,2.3,15.763,12.863
3.1,normal,-1.444,-0.899,0,22,-10,30,0,0,2.296,64.115,-2.973,-16.905,1,15.749,1,0.066,0.09,0,0,-0.9,0,2.3,15.745,12.845
3.108,normal,-1.451,-0.901,0,22,-10,30,0,0,2.299,64.047,-2.97,-16.894,1,15.716,1,0.097,0.059,0,0,-0.9,0,2.3,15.726,12.826
3.117,normal,-1.459,-0.896,0,22,-10,30,0,0,2.304,64.184,-2.967,-16.883,1,15.715,1,0.068,0.067,0,0,-0.9,0,2.3,15.708,12.808
3.125,normal,-1.466,-0.904,0,22,-10,30,0,0,2.297,64.193,-2.965,-16.873,1,15.677,1,0.09,0.058,0,0,-0.9,0,2.3,15.689,12.789
3.133,normal,-1.474,-0.899,0,22,-10,30,0,0,2.304,64.286,-2.962,-16.862,1,15.66,1,0.059,0.056,0,0,-0.9,0,2.3,15.67,12.77
3.142,normal,-1.481,-0.9,0,22,-10,30,0,0,2.304,64.096,-2.959,-16.851,1,15.631,1,0.072,0.076,0,0,-0.9,0,2.3,15.652,12.752
3.15,normal,-1.489,-0.902,0,22,-10,30,0,0,2.3,64.008,-2.956,-16.84,1,15.647,1,0.088,0.066,0,0,-0.9,0,2.3,15.633,12.733
3.158,normal,-1.496,-0.904,0,22,-10,30,0,0,2.301,64.255,-2.954,-16.829,1,15.607,1,0.088,0.053,0,0,-0.9,0,2.3,15.615,12.715
3.167,normal,-1.504,-0.9,0,22,-10,30,0,0,2.3,64.145,-2.951,-16.818,1,15.582,1,0.069,0.08,0,0,-0.9,0,2.3,15.596,12.696
3.175,normal,-1.511,-0.898,0,22,-10,30,0,0,2.302,64.156,-2.948,-16.807,1,15.563,1,0.054,0.073,0,0,-0.9,0,2.3,15.577,12.677
3.183,normal,-1.519,-0.902,0,22,-10,30,0,0,2.296,64.119,-2.945,-16.796,1,15.569,1,0.093,0.089,0,0,-0.9,0,2.3,15.559,12.659
3.192,normal,-1.526,-0.901,0,22,-10,30,0,0,2.299,64.297,-2.943,-16.785,1,15.529,1,0.056,0.053,0,0,-0.9,0,2.3,15.54,12.64
3.2,normal,-1.534,-0.902,0,22,-10,30,0,0,2.305,64.093,-2.94,-16.774,1,15.497,1,0.078,0.057,0,0,-0.9,0,2.3,15.522,12.622
3.208,normal,-1.541,-0.898,0,22,-10,30,0,0,2.299,64.289,-2.937,-16.763,1,15.526,1,0.072,0.086,0,0,-0.9,0,2.3,15.503,12.603
3.217,normal,-1.549,-0.901,0,22,-10,30,0,0,2.299,64.041,-2.935,-16.753,1,15.496,1,0.057,0.08,0,0,-0.9,0,2.3,15.484,12.584
3.225,normal,-1.556,-0.899,0,22,-10,30,0,0,2.301,64.223,-2.932,-16.742,1,15.45,1,0.097,0.082,0,0,-0.9,0,2.3,15.466,12.566
3.233,normal,-1.564,-0.896,0,22,-10,30,0,0,2.302,64.272,-2.929,-16.731,1,15.438,1,0.057,0.054,0,0,-0.9,0,2.3,15.447,12.547
3.242,normal,-1.571,-0.902,0,22,-10,30,0,0,2.301,64.171,-2.926,-16.72,1,15.448,1,0.075,0.063,0,0,-0.9,0,2.3,15.429,12.529
3.25,normal,-1.579,-0.898,0,22,-10,30,0,0,2.302,64.124,-2.924,-16.709,1,15.401,1,0.087,0.066,0,0,-0.9,0,2.3,15.41,12.51
3.258,normal,-1.586,-0.896,0,22,-10,30,0,0,2.301,64.228,-2.921,-16.698,1,15.38,1,0.072,0.081,0,0,-0.9,0,2.3,15.391,12.491
3.267,normal,-1.594,-0.897,0,22,-10,30,0,0,2.295,64.236,-2.918,-16.687,1,15.376,1,0.095,0.083,0,0,-0.9,0,2.3,15.373,12.473
3.275,normal,-1.601,-0.897,0,22,-10,30,0,0,2.301,64.102,-2.915,-16.676,1,15.365,1,0.083,0.068,0,0,-0.9,0,2.3,15.354,12.454
3.283,normal,-1.609,-0.898,0,22,-10,30,0,0,2.298,64.2,-2.913,-16.665,1,15.353,1,0.06,0.088,0,0,-0.9,0,2.3,15.336,12.436
3.292,normal,-1.616,-0.897,0,22,-10,30,0,0,2.305,64.187,-2.91,-16.654,1,15.339,1,0.1,0.079,0,0,-0.9,0,2.3,15.317,12.417
3.3,normal,-1.624,-0.899,0,22,-10,30,0,0,2.299,64.192,-2.907,-16.643,1,15.295,1,0.07,0.062,0,0,-0.9,0,2.3,15.298,12.398
3.308,normal,-1.631,-0.899,0,22,-10,30,0,0,2.304,64.126,-2.904,-16.633,1,15.266,1,0.061,0.055,0,0,-0.9,0,2.3,15.28,12.38
3.317,normal,-1.639,-0.902,0,22,-10,30,0,0,2.298,64.033,-2.902,-16.622,1,15.259,1,0.068,0.066,0,0,-0.9,0,2.3,15.261,12.361
3.325,normal,-1.646,-0.9,0,22,-10,30,0,0,2.295,64.188,-2.899,-16.611,1,15.22,1,0.072,0.089,0,0,-0.9,0,2.3,15.243,12.343
3.333,normal,-1.654,-0.902,0,22,-10,30,0,0,2.302,64.148,-2.896,-16.6,1,15.223,1,0.071,0.077,0,0,-0.9,0,2.3,15.224,12.324
3.342,normal,-1.661,-0.901,0,22,-10,30,0,0,2.297,64.117,-2.893,-16.589,1,15.21,1,0.053,0.071,0,0,-0.9,0,2.3,15.205,12.305
3.35,normal,-1.669,-0.896,0,22,-10,30,0,0,2.296,64.238,-2.891,-16.578,1,15.197,1,0.056,0.089,0,0,-0.9,0,2.3,15.187,12.287
3.358,normal,-1.676,-0.899,0,22,-10,30,0,0,2.301,64.176,-2.888,-16.567,1,15.162,1,0.068,0.087,0,0,-0.9,0,2.3,15.168,12.268
3.367,normal,-1.684,-0.896,0,22,-10,30,0,0,2.304,64.313,-2.885,-16.556,1,15.126,1,0.051,0.077,0,0,-0.9,0,2.3,15.15,12.25
3.375,normal,-1.691,-0.897,0,22,-10,30,0,0,2.298,64.276,-2.882,-16.545,1,15.113,1,0.053,0.081,0,0,-0.9,0,2.3,15.131,12.231
3.383,normal,-1.699,-0.896,0,22,-10,30,0,0,2.297,64.051,-2.88,-16.534,1,15.119,1,0.059,0.082,0,0,-0.9,0,2.3,15.112,12.212
3.392,normal,-1.706,-0.896,0,22,-10,30,0,0,2.303,64.154,-2.877,-16.523,1,15.098,1,0.068,0.072,0,0,-0.9,0,2.3,15.094,12.194
3.4,normal,-1.714,-0.903,0,22,-10,30,0,0,2.3,64.253,-2.874,-16.513,1,15.055,1,0.055,0.082,0,0,-0.9,0,2.3,15.075,12.175
3.408,normal,-1.721,-0.903,0,22,-10,30,0,0,2.299,64.066,-2.871,-16.502,1,15.071,1,0.073,0.075,0,0,-0.9,0,2.3,15.057,12.157
3.417,normal,-1.729,-0.899,0,22,-10,30,0,0,2.303,64.238,-2.869,-16.491,1,15.042,1,0.08,0.057,0,0,-0.9,0,2.3,15.038,12.138
3.425,normal,-1.736,-0.901,0,22,-10,30,0,0,2.305,64.254,-2.866,-16.48,1,15.01,1,0.087,0.052,0,0,-0.9,0,2.3,15.02,12.12
3.433,normal,-1.744,-0.896,0,22,-10,30,0,0,2.298,64.043,-2.863,-16.469,1,14.987,1,0.054,0.082,0,0,-0.9,0,2.3,15.001,12.101
3.442,normal,-1.751,-0.901,0,22,-10,30,0,0,2.301,64.127,-2.86,-16.458,1,14.993,1,0.099,0.06,0,0,-0.9,0,2.3,14.982,12.082
3.45,normal,-1.759,-0.897,0,22,-10,30,0,0,2.303,64.115,-2.858,-16.447,1,14.96,1,0.067,0.072,0,0,-0.9,0,2.3,14.964,12.064
3.458,normal,-1.766,-0.903,0,22,-10,30,0,0,2.303,64.118,-2.855,-16.436,1,14.949,1,0.081,0.061,0,0,-0.9,0,2.3,14.945,12.045
3.467,normal,-1.774,-0.902,0,22,-10,30,0,0,2.3,64.238,-2.852,-16.425,1,14.907,1,0.068,0.053,0,0,-0.9,0,2.3,14.927,12.027
3.475,normal,-1.781,-0.897,0,22,-10,30,0,0,2.304,64.179,-2.849,-16.414,1,14.929,1,0.089,0.083,0,0,-0.9,0,2.3,14.908,12.008
3.483,normal,-1.789,-0.897,0,22,-10,30,0,0,2.299,64.163,-2.847,-16.403,1,14.875,1,0.086,0.064,0,0,-0.9,0,2.3,14.889,11.989
3.492,normal,-1.796,-0.904,0,22,-10,30,0,0,2.305,64.147,-2.844,-16.393,1,14.875,1,0.067,0.077,0,0,-0.9,0,2.3,14.871,11.971
3.5,normal,-1.804,-0.896,0,22,-10,30,0,0,2.296,64.068,-2.841,-16.382,1,14.868,1,0.088,0.069,0,0,-0.9,0,2.3,14.852,11.952
3.508,normal,-1.811,-0.897,0,22,-10,30,0,0,2.3,64.177,-2.838,-16.371,1,14.814,1,0.099,0.081,0,0,-0.9,0,2.3,14.834,11.934
3.517,normal,-1.819,-0.9,0,22,-10,30,0,0,2.296,64.201,-2.836,-16.36,1,14.795,1,0.089,0.077,0,0,-0.9,0,2.3,14.815,11.915
3.525,normal,-1.826,-0.902,0,22,-10,30,0,0,2.299,64.07,-2.833,-16.349,1,14.818,1,0.06,0.06,0,0,-0.9,0,2.3,14.796,11.896
3.533,normal,-1.834,-0.896,0,22,-10,30,0,0,2.304,64.153,-2.83,-16.338,1,14.757,1,0.072,0.072,0,0,-0.9,0,2.3,14.778,11.878
3.542,normal,-1.841,-0.902,0,22,-10,30,0,0,2.301,64.254,-2.827,-16.327,1,14.772,1,0.057,0.089,0,0,-0.9,0,2.3,14.759,11.859
3.55,normal,-1.849,-0.897,0,22,-10,30,0,0,2.301,64.192,-2.825,-16.316,1,14.723,1,0.094,0.072,0,0,-0.9,0,2.3,14.741,11.841
3.558,normal,-1.856,-0.901,0,22,-10,30,0,0,2.304,64.107,-2.822,-16.305,1,14.726,1,0.083,0.067,0,0,-0.9,0,2.3,14.722,11.822
3.567,normal,-1.864,-0.898,0,22,-10,30,0,0,2.3,64.273,-2.819,-16.294,1,14.706,1,0.054,0.089,0,0,-0.9,0,2.3,14.703,11.803
3.575,normal,-1.871,-0.898,0,22,-10,30,0,0,2.295,64.178,-2.816,-16.283,1,14.675,1,0.059,0.073,0,0,-0.9,0,2.3,14.685,11.785
3.583,normal,-1.879,-0.901,0,22,-10,30,0,0,2.295,64.197,-2.814,-16.273,1,14.647,1,0.073,0.09,0,0,-0.9,0,2.3,14.666,11.766
3.592,normal,-1.886,-0.904,0,22,-10,30,0,0,2.297,64.175,-2.811,-16.262,1,14.631,1,0.056,0.077,0,0,-0.9,0,2.3,14.648,11.748
3.6,normal,-1.894,-0.897,0,22,-10,30,0,0,2.303,64.293,-2.808,-16.251,1,14.649,1,0.064,0.058,0,0,-0.9,0,2.3,14.629,11.729
3.608,normal,-1.901,-0.896,0,22,-10,30,0,0,2.303,64.038,-2.805,-16.24,1,14.632,1,0.09,0.054,0,0,-0.9,0,2.3,14.61,11.71
3.617,normal,-1.909,-0.898,0,22,-10,30,0,0,2.298,64.185,-2.803,-16.229,1,14.571,1,0.062,0.069,0,0,-0.9,0,2.3,14.592,11.692
3.625,normal,-1.916,-0.901,0,22,-10,30,0,0,2.303,64.318,-2.8,-16.218,1,14.564,1,0.079,0.055,0,0,-0.9,0,2.3,14.573,11.673
3.633,normal,-1.924,-0.903,0,22,-10,30,0,0,2.305,64.3,-2.797,-16.207,1,14.557,1,0.096,0.052,0,0,-0.9,0,2.3,14.555,11.655
3.642,normal,-1.931,-0.9,0,22,-10,30,0,0,2.302,64.281,-2.795,-16.196,1,14.529,1,0.081,0.062,0,0,-0.9,0,2.3,14.536,11.636
3.65,normal,-1.939,-0.903,0,22,-10,30,0,0,2.299,64.043,-2.792,-16.185,1,14.519,1,0.075,0.076,0,0,-0.9,0,2.3,14.517,11.617
3.658,normal,-1.946,-0.897,0,22,-10,30,0,0,2.298,64.172,-2.789,-16.174,1,14.48,1,0.062,0.087,0,0,-0.9,0,2.3,14.499,11.599
3.667,normal,-1.954,-0.902,0,22,-10,30,0,0,2.297,64.32,-2.786,-16.163,1,14.469,1,0.095,0.054,0,0,-0.9,0,2.3,14.48,11.58
3.675,normal,-1.961,-0.899,0,22,-10,30,0,0,2.302,64.133,-2.784,-16.153,1,14.459,1,0.08,0.056,0,0,-0.9,0,2.3,14.462,11.562
3.683,normal,-1.969,-0.902,0,22,-10,30,0,0,2.299,64.191,-2.781,-16.142,1,14.454,1,0.083,0.072,0,0,-0.9,0,2.3,14.443,11.543
3.692,normal,-1.976,-0.896,0,22,-10,30,0,0,2.296,64.174,-2.778,-16.131,1,14.443,1,0.074,0.068,0,0,-0.9,0,2.3,14.424,11.524
3.7,normal,-1.984,-0.904,0,22,-10,30,0,0,2.301,64.325,-2.775,-16.12,1,14.404,1,0.057,0.084,0,0,-0.9,0,2.3,14.406,11.506
3.708,normal,-1.991,-0.897,0,22,-10,30,0,0,2.304,64.224,-2.773,-16.109,1,14.375,1,0.062,0.051,0,0,-0.9,0,2.3,14.387,11.487
3.717,normal,-1.999,-0.897,0,22,-10,30,0,0,2.298,64.314,-2.77,-16.098,1,14.385,1,0.06,0.089,0,0,-0.9,0,2.3,14.369,11.469
3.725,normal,-2.006,-0.9,0,22,-10,30,0,0,2.297,64.286,-2.767,-16.087,1,14.325,1,0.082,0.07,0,0,-0.9,0,2.3,14.35,11.45
3.733,normal,-2.014,-0.903,0,22,-10,30,0,0,2.304,64.333,-2.764,-16.076,1,14.335,1,0.075,0.065,0,0,-0.9,0,2.3,14.332,11.432
3.742,normal,-2.021,-0.903,0,22,-10,30,0,0,2.302,64.154,-2.762,-16.065,1,14.3,1,0.062,0.056,0,0,-0.9,0,2.3,14.313,11.413
3.75,normal,-2.029,-0.902,0,22,-10,30,0,0,2.304,64.106,-2.759,-16.054,1,14.274,1,0.091,0.07,0,0,-0.9,0,2.3,14.294,11.394
3.758,normal,-2.036,-0.902,0,22,-10,30,0,0,2.3,64.079,-2.756,-16.043,1,14.293,1,0.077,0.06,0,0,-0.9,0,2.3,14.276,11.376
3.767,normal,-2.044,-0.897,0,22,-10,30,0,0,2.299,64.32,-2.753,-16.032,1,14.234,1,0.082,0.064,0,0,-0.9,0,2.3,14.257,11.357
3.775,normal,-2.051,-0.903,0,22,-10,30,0,0,2.304,64.193,-2.751,-16.022,1,14.222,1,0.05,0.07,0,0,-0.9,0,2.3,14.239,11.339
3.783,normal,-2.059,-0.9,0,22,-10,30,0,0,2.297,64.177,-2.748,-16.011,1,14.244,1,0.064,0.064,0,0,-0.9,0,2.3,14.22,11.32
3.792,normal,-2.066,-0.904,0,22,-10,30,0,0,2.301,64.158,-2.745,-16,1,14.191,1,0.096,0.089,0,0,-0.9,0,2.3,14.201,11.301
3.8,normal,-2.074,-0.897,0,22,-10,30,0,0,2.3,64.123,-2.742,-15.989,1,14.159,1,0.091,0.057,0,0,-0.9,0,2.3,14.183,11.283
3.808,normal,-2.081,-0.899,0,22,-10,30,0,0,2.302,64.313,-2.74,-15.978,1,14.141,1,0.076,0.073,0,0,-0.9,0,2.3,14.164,11.264
3.817,normal,-2.089,-0.902,0,22,-10,30,0,0,2.296,64.079,-2.737,-15.967,1,14.165,1,0.078,0.084,0,0,-0.9,0,2.3,14.146,11.246
3.825,normal,-2.096,-0.902,0,22,-10,30,0,0,2.297,64.148,-2.734,-15.956,1,14.135,1,0.071,0.074,0,0,-0.9,0,2.3,14.127,11.227
3.833,normal,-2.104,-0.904,0,22,-10,30,0,0,2.297,64.31,-2.731,-15.945,1,14.089,1,0.067,0.077,0,0,-0.9,0,2.3,14.108,11.208
3.842,normal,-2.111,-0.9,0,22,-10,30,0,0,2.304,64.333,-2.729,-15.934,1,14.067,1,0.089,0.081,0,0,-0.9,0,2.3,14.09,11.19
3.85,normal,-2.119,-0.898,0,22,-10,30,0,0,2.302,64.052,-2.726,-15.923,1,14.061,1,0.061,0.083,0,0,-0.9,0,2.3,14.071,11.171
3.858,normal,-2.126,-0.897,0,22,-10,30,0,0,2.298,64.104,-2.723,-15.912,1,14.07,1,0.074,0.07,0,0,-0.9,0,2.3,14.053,11.153
3.867,normal,-2.134,-0.901,0,22,-10,30,0,0,2.3,64.099,-2.72,-15.902,1,14.012,1,0.063,0.064,0,0,-0.9,0,2.3,14.034,11.134
3.875,normal,-2.141,-0.903,0,22,-10,30,0,0,2.299,64.133,-2.718,-15.891,1,14.011,1,0.093,0.054,0,0,-0.9,0,2.3,14.015,11.115
3.883,normal,-2.149,-0.9,0,22,-10,30,0,0,2.299,64.261,-2.715,-15.88,1,13.976,1,0.051,0.057,0,0,-0.9,0,2.3,13.997,11.097
3.892,normal,-2.156,-0.897,0,22,-10,30,0,0,2.297,64.255,-2.712,-15.869,1,14,1,0.051,0.079,0,0,-0.9,0,2.3,13.978,11.078
3.9,normal,-2.164,-0.902,0,22,-10,30,0,0,2.301,64.228,-2.709,-15.858,1,13.946,1,0.057,0.058,0,0,-0.9,0,2.3,13.96,11.06
3.908,normal,-2.171,-0.902,0,22,-10,30,0,0,2.296,64.343,-2.707,-15.847,1,13.918,1,0.096,0.076,0,0,-0.9,0,2.3,13.941,11.041
3.917,normal,-2.179,-0.9,0,22,-10,30,0,0,2.3,64.064,-2.704,-15.836,1,13.922,1,0.083,0.069,0,0,-0.9,0,2.3,13.922,11.022
3.925,normal,-2.186,-0.903,0,22,-10,30,0,0,2.301,64.251,-2.701,-15.825,1,13.903,1,0.098,0.071,0,0,-0.9,0,2.3,13.904,11.004
3.933,normal,-2.194,-0.901,0,22,-10,30,0,0,2.296,64.231,-2.698,-15.814,1,13.891,1,0.055,0.087,0,0,-0.9,0,2.3,13.885,10.985
3.942,normal,-2.201,-0.904,0,22,-10,30,0,0,2.297,64.048,-2.696,-15.803,1,13.872,1,0.096,0.058,0,0,-0.9,0,2.3,13.867,10.967
3.95,normal,-2.209,-0.897,0,22,-10,30,0,0,2.303,64.229,-2.693,-15.792,1,13.844,1,0.069,0.085,0,0,-0.9,0,2.3,13.848,10.948
3.958,normal,-2.216,-0.897,0,22,-10,30,0,0,2.295,64.193,-2.69,-15.782,1,13.841,1,0.067,0.089,0,0,-0.9,0,2.3,13.829,10.929
3.967,normal,-2.224,-0.9,0,22,-10,30,0,0,2.299,64.138,-2.687,-15.771,1,13.799,1,0.069,0.078,0,0,-0.9,0,2.3,13.811,10.911
3.975,normal,-2.231,-0.9,0,22,-10,30,0,0,2.303,64.053,-2.685,-15.76,1,13.779,1,0.07,0.072,0,0,-0.9,0,2.3,13.792,10.892
3.983,normal,-2.239,-0.898,0,22,-10,30,0,0,2.299,64.339,-2.682,-15.749,1,13.757,1,0.093,0.052,0,0,-0.9,0,2.3,13.774,10.874
3.992,normal,-2.246,-0.901,0,22,-10,30,0,0,2.3,64.349,-2.679,-15.738,1,13.734,1,0.089,0.078,0,0,-0.9,0,2.3,13.755,10.855
4,normal,-2.254,-0.903,0,22,-10,30,0,0,2.299,64.067,-2.676,-15.727,1,13.729,1,0.069,0.081,0,0,-0.9,0,2.3,13.737,10.837
4.008,normal,-2.261,-0.897,0,22,-10,30,0,0,2.299,64.131,-2.674,-15.716,1,13.7,1,0.059,0.087,0,0,-0.9,0,2.3,13.718,10.818
4.017,normal,-2.269,-0.902,0,22,-10,30,0,0,2.301,64.323,-2.671,-15.705,1,13.68,1,0.073,0.064,0,0,-0.9,0,2.3,13.699,10.799
4.025,normal,-2.276,-0.899,0,22,-10,30,0,0,2.3,64.139,-2.668,-15.694,1,13.658,1,0.072,0.057,0,0,-0.9,0,2.3,13.681,10.781
4.033,normal,-2.284,-0.899,0,22,-10,30,0,0,2.301,64.239,-2.665,-15.683,1,13.655,1,0.075,0.065,0,0,-0.9,0,2.3,13.662,10.762
4.042,normal,-2.291,-0.899,0,22,-10,30,0,0,2.299,64.061,-2.663,-15.672,1,13.668,1,0.073,0.072,0,0,-0.9,0,2.3,13.644,10.744
4.05,normal,-2.299,-0.903,0,22,-10,30,0,0,2.299,64.335,-2.66,-15.662,1,13.641,1,0.094,0.063,0,0,-0.9,0,2.3,13.625,10.725
4.058,normal,-2.306,-0.896,0,22,-10,30,0,0,2.304,64.065,-2.657,-15.651,1,13.606,1,0.06,0.079,0,0,-0.9,0,2.3,13.606,10.706
4.067,normal,-2.314,-0.898,0,22,-10,30,0,0,2.299,64.054,-2.655,-15.64,1,13.602,1,0.08,0.085,0,0,-0.9,0,2.3,13.588,10.688
4.075,normal,-2.321,-0.899,0,22,-10,30,0,0,2.295,64.213,-2.652,-15.629,1,13.555,1,0.086,0.066,0,0,-0.9,0,2.3,13.569,10.669
4.083,normal,-2.329,-0.9,0,22,-10,30,0,0,2.305,64.188,-2.649,-15.618,1,13.534,1,0.099,0.062,0,0,-0.9,0,2.3,13.551,10.651
4.092,normal,-2.336,-0.904,0,22,-10,30,0,0,2.299,64.191,-2.646,-15.607,1,13.542,1,0.072,0.076,0,0,-0.9,0,2.3,13.532,10.632
4.1,normal,-2.344,-0.904,0,22,-10,30,0,0,2.3,64.096,-2.644,-15.596,1,13.493,1,0.061,0.065,0,0,-0.9,0,2.3,13.513,10.613
4.108,normal,-2.351,-0.903,0,22,-10,30,0,0,2.296,64.247,-2.641,-15.585,1,13.473,1,0.06,0.084,0,0,-0.9,0,2.3,13.495,10.595
4.117,normal,-2.359,-0.904,0,22,-10,30,0,0,2.304,64.246,-2.638,-15.574,1,13.498,1,0.052,0.074,0,0,-0.9,0,2.3,13.476,10.576
4.125,normal,-2.366,-0.897,0,22,-10,30,0,0,2.302,64.317,-2.635,-15.563,1,13.448,1,0.097,0.07,0,0,-0.9,0,2.3,13.458,10.558
4.133,normal,-2.374,-0.901,0,22,-10,30,0,0,2.299,64.179,-2.633,-15.552,1,13.455,1,0.066,0.063,0,0,-0.9,0,2.3,13.439,10.539
4.142,normal,-2.381,-0.898,0,22,-10,30,0,0,2.302,64.322,-2.63,-15.542,1,13.404,1,0.085,0.051,0,0,-0.9,0,2.3,13.42,10.52
4.15,normal,-2.389,-0.901,0,22,-10,30,0,0,2.302,64.211,-2.627,-15.531,1,13.42,1,0.064,0.081,0,0,-0.9,0,2.3,13.402,10.502
4.158,normal,-2.396,-0.896,0,22,-10,30,0,0,2.3,64.083,-2.624,-15.52,1,13.375,1,0.068,0.064,0,0,-0.9,0,2.3,13.383,10.483
4.167,normal,-2.404,-0.904,0,22,-10,30,0,0,2.302,64.172,-2.622,-15.509,1,13.365,1,0.063,0.071,0,0,-0.9,0,2.3,13.365,10.465
4.175,normal,-2.411,-0.897,0,22,-10,30,0,0,2.305,64.106,-2.619,-15.498,1,13.338,1,0.085,0.086,0,0,-0.9,0,2.3,13.346,10.446
4.183,normal,-2.419,-0.896,0,22,-10,30,0,0,2.297,64.303,-2.616,-15.487,1,13.336,1,0.076,0.068,0,0,-0.9,0,2.3,13.328,10.428
4.192,normal,-2.426,-0.901,0,22,-10,30,0,0,2.301,64.355,-2.613,-15.476,1,13.325,1,0.093,0.072,0,0,-0.9,0,2.3,13.309,10.409
4.2,normal,-2.434,-0.899,0,22,-10,30,0,0,2.301,64.321,-2.611,-15.465,1,13.296,1,0.085,0.051,0,0,-0.9,0,2.3,13.29,10.39
4.208,normal,-2.441,-0.901,0,22,-10,30,0,0,2.3,64.095,-2.608,-15.454,1,13.255,1,0.059,0.072,0,0,-0.9,0,2.3,13.272,10.372
4.217,normal,-2.449,-0.897,0,22,-10,30,0,0,2.299,64.108,-2.605,-15.443,1,13.243,1,0.094,0.089,0,0,-0.9,0,2.3,13.253,10.353
4.225,normal,-2.456,-0.902,0,22,-10,30,0,0,2.304,64.14,-2.602,-15.432,1,13.249,1,0.075,0.06,0,0,-0.9,0,2.3,13.235,10.335
4.233,normal,-2.464,-0.899,0,22,-10,30,0,0,2.295,64.345,-2.6,-15.422,1,13.221,1,0.078,0.074,0,0,-0.9,0,2.3,13.216,10.316
4.242,normal,-2.471,-0.9,0,22,-10,30,0,0,2.297,64.066,-2.597,-15.411,1,13.179,1,0.064,0.074,0,0,-0.9,0,2.3,13.197,10.297
4.25,normal,-2.479,-0.899,0,22,-10,30,0,0,2.297,64.141,-2.594,-15.4,1,13.171,1,0.069,0.056,0,0,-0.9,0,2.3,13.179,10.279
4.258,normal,-2.486,-0.898,0,22,-10,30,0,0,2.304,64.344,-2.591,-15.389,1,13.18,1,0.081,0.083,0,0,-0.9,0,2.3,13.16,10.26
4.267,normal,-2.494,-0.899,0,22,-10,30,0,0,2.303,64.264,-2.589,-15.378,1,13.12,1,0.091,0.089,0,0,-0.9,0,2.3,13.142,10.242
4.275,normal,-2.501,-0.898,0,22,-10,30,0,0,2.296,64.325,-2.586,-15.367,1,13.124,1,0.094,0.09,0,0,-0.9,0,2.3,13.123,10.223
4.283,normal,-2.509,-0.898,0,22,-10,30,0,0,2.296,64.286,-2.583,-15.356,1,13.101,1,0.079,0.087,0,0,-0.9,0,2.3,13.104,10.204
4.292,normal,-2.516,-0.897,0,22,-10,30,0,0,2.297,64.103,-2.58,-15.345,1,13.086,1,0.074,0.07,0,0,-0.9,0,2.3,13.086,10.186
4.3,normal,-2.524,-0.896,0,22,-10,30,0,0,2.302,64.166,-2.578,-15.334,1,13.079,1,0.094,0.072,0,0,-0.9,0,2.3,13.067,10.167
4.308,normal,-2.531,-0.896,0,22,-10,30,0,0,2.297,64.249,-2.575,-15.323,1,13.03,1,0.056,0.068,0,0,-0.9,0,2.3,13.049,10.149
4.317,normal,-2.539,-0.897,0,22,-10,30,0,0,2.297,64.327,-2.572,-15.312,1,13.019,1,0.093,0.068,0,0,-0.9,0,2.3,13.03,10.13
4.325,normal,-2.546,-0.903,0,22,-10,30,0,0,2.299,64.12,-2.569,-15.302,1,12.995,1,0.062,0.068,0,0,-0.9,0,2.3,13.011,10.111
4.333,normal,-2.554,-0.901,0,22,-10,30,0,0,2.296,64.36,-2.567,-15.291,1,13.015,1,0.057,0.075,0,0,-0.9,0,2.3,12.993,10.093
4.342,normal,-2.561,-0.898,0,22,-10,30,0,0,2.296,64.184,-2.564,-15.28,1,12.974,1,0.081,0.08,0,0,-0.9,0,2.3,12.974,10.074
4.35,normal,-2.569,-0.897,0,22,-10,30,0,0,2.304,64.31,-2.561,-15.269,1,12.947,1,0.066,0.057,0,0,-0.9,0,2.3,12.956,10.056
4.358,normal,-2.576,-0.903,0,22,-10,30,0,0,2.301,64.334,-2.558,-15.258,1,12.917,1,0.054,0.059,0,0,-0.9,0,2.3,12.937,10.037
4.367,normal,-2.584,-0.899,0,22,-10,30,0,0,2.303,64.341,-2.556,-15.247,1,12.914,1,0.08,0.086,0,0,-0.9,0,2.3,12.919,10.019
4.375,normal,-2.591,-0.903,0,22,-10,30,0,0,2.304,64.258,-2.553,-15.236,1,12.882,1,0.07,0.085,0,0,-0.9,0,2.3,12.9,10
4.383,normal,-2.599,-0.901,0,22,-10,30,0,0,2.297,64.262,-2.55,-15.225,1,12.869,1,0.053,0.058,0,0,-0.9,0,2.3,12.881,9.981
4.392,normal,-2.606,-0.898,0,22,-10,30,0,0,2.301,64.201,-2.547,-15.214,1,12.887,1,0.062,0.075,0,0,-0.9,0,2.3,12.863,9.963
4.4,normal,-2.614,-0.903,0,22,-10,30,0,0,2.299,64.169,-2.545,-15.203,1,12.836,1,0.096,0.08,0,0,-0.9,0,2.3,12.844,9.944
4.408,normal,-2.621,-0.9,0,22,-10,30,0,0,2.297,64.122,-2.542,-15.192,1,12.848,1,0.095,0.072,0,0,-0.9,0,2.3,12.826,9.926
4.417,normal,-2.629,-0.899,0,22,-10,30,0,0,2.296,64.169,-2.539,-15.182,1,12.797,1,0.091,0.09,0,0,-0.9,0,2.3,12.807,9.907
4.425,normal,-2.636,-0.903,0,22,-10,30,0,0,2.297,64.189,-2.536,-15.171,1,12.768,1,0.066,0.072,0,0,-0.9,0,2.3,12.788,9.888
4.433,normal,-2.644,-0.901,0,22,-10,30,0,0,2.297,64.174,-2.534,-15.16,1,12.762,1,0.069,0.052,0,0,-0.9,0,2.3,12.77,9.87
4.442,normal,-2.651,-0.9,0,22,-10,30,0,0,2.301,64.095,-2.531,-15.149,1,12.776,1,0.085,0.051,0,0,-0.9,0,2.3,12.751,9.851
4.45,normal,-2.659,-0.903,0,22,-10,30,0,0,2.303,64.144,-2.528,-15.138,1,12.726,1,0.097,0.079,0,0,-0.9,0,2.3,12.733,9.833
4.458,normal,-2.666,-0.899,0,22,-10,30,0,0,2.296,64.284,-2.525,-15.127,1,12.69,1,0.07,0.057,0,0,-0.9,0,2.3,12.714,9.814
4.467,normal,-2.674,-0.898,0,22,-10,30,0,0,2.301,64.36,-2.523,-15.116,1,12.699,1,0.093,0.059,0,0,-0.9,0,2.3,12.695,9.795
4.475,normal,-2.681,-0.898,0,22,-10,30,0,0,2.301,64.306,-2.52,-15.105,1,12.672,1,0.095,0.08,0,0,-0.9,0,2.3,12.677,9.777
4.483,normal,-2.689,-0.9,0,22,-10,30,0,0,2.299,64.252,-2.517,-15.094,1,12.638,1,0.071,0.083,0,0,-0.9,0,2.3,12.658,9.758
4.492,normal,-2.696,-0.901,0,22,-10,30,0,0,2.301,64.326,-2.515,-15.083,1,12.656,1,0.074,0.051,0,0,-0.9,0,2.3,12.64,9.74
4.5,normal,-2.704,-0.904,0,22,-10,30,0,0,2.298,64.303,-2.512,-15.072,1,12.596,1,0.054,0.084,0,0,-0.9,0,2.3,12.621,9.721
4.508,normal,-2.711,-0.897,0,22,-10,30,0,0,2.303,64.133,-2.509,-15.062,1,12.62,1,0.05,0.054,0,0,-0.9,0,2.3,12.603,9.703
4.517,normal,-2.719,-0.897,0,22,-10,30,0,0,2.305,64.1,-2.506,-15.051,1,12.578,1,0.08,0.078,0,0,-0.9,0,2.3,12.584,9.684
4.525,normal,-2.726,-0.9,0,22,-10,30,0,0,2.299,64.299,-2.504,-15.04,1,12.552,1,0.097,0.064,0,0,-0.9,0,2.3,12.565,9.665
4.533,normal,-2.734,-0.898,0,22,-10,30,0,0,2.297,64.145,-2.501,-15.029,1,12.566,1,0.067,0.078,0,0,-0.9,0,2.3,12.547,9.647
4.542,normal,-2.741,-0.9,0,22,-10,30,0,0,2.304,64.351,-2.498,-15.018,1,12.504,1,0.06,0.074,0,0,-0.9,0,2.3,12.528,9.628
4.55,normal,-2.749,-0.899,0,22,-10,30,0,0,2.304,64.094,-2.495,-15.007,1,12.534,1,0.098,0.063,0,0,-0.9,0,2.3,12.51,9.61
4.558,normal,-2.756,-0.9,0,22,-10,30,0,0,2.304,64.133,-2.493,-14.996,1,12.501,1,0.071,0.082,0,0,-0.9,0,2.3,12.491,9.591
4.567,normal,-2.764,-0.897,0,22,-10,30,0,0,2.297,64.272,-2.49,-14.985,1,12.481,1,0.082,0.069,0,0,-0.9,0,2.3,12.472,9.572
4.575,normal,-2.771,-0.898,0,22,-10,30,0,0,2.301,64.206,-2.487,-14.974,1,12.457,1,0.091,0.063,0,0,-0.9,0,2.3,12.454,9.554
4.583,normal,-2.779,-0.904,0,22,-10,30,0,0,2.303,64.215,-2.484,-14.963,1,12.452,1,0.05,0.081,0,0,-0.9,0,2.3,12.435,9.535
4.592,normal,-2.786,-0.903,0,22,-10,30,0,0,2.3,64.134,-2.482,-14.952,1,12.422,1,0.088,0.071,0,0,-0.9,0,2.3,12.417,9.517
4.6,normal,-2.794,-0.902,0,22,-10,30,0,0,2.3,64.167,-2.479,-14.941,1,12.381,1,0.098,0.052,0,0,-0.9,0,2.3,12.398,9.498
4.608,normal,-2.801,-0.901,0,22,-10,30,0,0,2.302,64.301,-2.476,-14.931,1,12.374,1,0.053,0.073,0,0,-0.9,0,2.3,12.379,9.479
4.617,normal,-2.809,-0.901,0,22,-10,30,0,0,2.296,64.258,-2.473,-14.92,1,12.366,1,0.052,0.065,0,0,-0.9,0,2.3,12.361,9.461
4.625,normal,-2.816,-0.903,0,22,-10,30,0,0,2.298,64.238,-2.471,-14.909,1,12.357,1,0.052,0.062,0,0,-0.9,0,2.3,12.342,9.442
4.633,normal,-2.824,-0.902,0,22,-10,30,0,0,2.304,64.243,-2.468,-14.898,1,12.338,1,0.099,0.05,0,0,-0.9,0,2.3,12.324,9.424
4.642,normal,-2.831,-0.904,0,22,-10,30,0,0,2.297,64.265,-2.465,-14.887,1,12.324,1,0.054,0.053,0,0,-0.9,0,2.3,12.305,9.405
4.65,normal,-2.839,-0.899,0,22,-10,30,0,0,2.297,64.169,-2.462,-14.876,1,12.276,1,0.097,0.084,0,0,-0.9,0,2.3,12.287,9.387
4.658,normal,-2.846,-0.903,0,22,-10,30,0,0,2.303,64.356,-2.46,-14.865,1,12.28,1,0.058,0.073,0,0,-0.9,0,2.3,12.268,9.368
4.667,normal,-2.854,-0.898,0,22,-10,30,0,0,2.3,64.226,-2.457,-14.854,1,12.256,1,0.051,0.063,0,0,-0.9,0,2.3,12.249,9.349
4.675,normal,-2.861,-0.903,0,22,-10,30,0,0,2.303,64.153,-2.454,-14.843,1,12.237,1,0.081,0.054,0,0,-0.9,0,2.3,12.231,9.331
4.683,normal,-2.869,-0.9,0,22,-10,30,0,0,2.303,64.094,-2.451,-14.832,1,12.206,1,0.077,0.069,0,0,-0.9,0,2.3,12.212,9.312
4.692,normal,-2.876,-0.9,0,22,-10,30,0,0,2.297,64.248,-2.449,-14.821,1,12.205,1,0.095,0.083,0,0,-0.9,0,2.3,12.194,9.294
4.7,normal,-2.884,-0.901,0,22,-10,30,0,0,2.297,64.244,-2.446,-14.811,1,12.176,1,0.065,0.061,0,0,-0.9,0,2.3,12.175,9.275
4.708,normal,-2.891,-0.902,0,22,-10,30,0,0,2.304,64.375,-2.443,-14.8,1,12.181,1,0.069,0.088,0,0,-0.9,0,2.3,12.156,9.256
4.717,normal,-2.899,-0.899,0,22,-10,30,0,0,2.305,64.273,-2.44,-14.789,1,12.14,1,0.085,0.087,0,0,-0.9,0,2.3,12.138,9.238
4.725,normal,-2.906,-0.898,0,22,-10,30,0,0,2.303,64.152,-2.438,-14.778,1,12.095,1,0.086,0.083,0,0,-0.9,0,2.3,12.119,9.219
4.733,normal,-2.914,-0.902,0,22,-10,30,0,0,2.303,64.102,-2.435,-14.767,1,12.077,1,0.099,0.053,0,0,-0.9,0,2.3,12.101,9.201
4.742,normal,-2.921,-0.903,0,22,-10,30,0,0,2.303,64.102,-2.432,-14.756,1,12.07,1,0.082,0.069,0,0,-0.9,0,2.3,12.082,9.182
4.75,normal,-2.929,-0.897,0,22,-10,30,0,0,2.301,64.114,-2.429,-14.745,1,12.074,1,0.064,0.083,0,0,-0.9,0,2.3,12.064,9.164
4.758,normal,-2.936,-0.903,0,22,-10,30,0,0,2.297,64.31,-2.427,-14.734,1,12.065,1,0.077,0.062,0,0,-0.9,0,2.3,12.045,9.145
4.767,normal,-2.944,-0.896,0,22,-10,30,0,0,2.302,64.381,-2.424,-14.723,1,12.049,1,0.088,0.066,0,0,-0.9,0,2.3,12.026,9.126
4.775,normal,-2.951,-0.899,0,22,-10,30,0,0,2.296,64.121,-2.421,-14.712,1,12.028,1,0.052,0.072,0,0,-0.9,0,2.3,12.008,9.108
4.783,normal,-2.959,-0.9,0,22,-10,30,0,0,2.303,64.365,-2.418,-14.701,1,11.99,1,0.089,0.056,0,0,-0.9,0,2.3,11.989,9.089
4.792,normal,-2.966,-0.901,0,22,-10,30,0,0,2.304,64.348,-2.416,-14.691,1,11.981,1,0.057,0.074,0,0,-0.9,0,2.3,11.971,9.071
4.8,normal,-2.974,-0.901,0,22,-10,30,0,0,2.3,64.14,-2.413,-14.68,1,11.93,1,0.076,0.087,0,0,-0.9,0,2.3,11.952,9.052
4.808,normal,-2.981,-0.9,0,22,-10,30,0,0,2.302,64.156,-2.41,-14.669,1,11.954,1,0.084,0.069,0,0,-0.9,0,2.3,11.933,9.033
4.817,normal,-2.989,-0.902,0,22,-10,30,0,0,2.302,64.111,-2.407,-14.658,1,11.937,1,0.097,0.073,0,0,-0.9,0,2.3,11.915,9.015
4.825,normal,-2.996,-0.9,0,22,-10,30,0,0,2.304,64.124,-2.405,-14.647,1,11.881,1,0.098,0.085,0,0,-0.9,0,2.3,11.896,8.996
4.833,normal,-3.004,-0.9,0,22,-10,30,0,0,2.302,64.114,-2.402,-14.636,1,11.878,1,0.085,0.059,0,0,-0.9,0,2.3,11.878,8.978
4.842,normal,-3.011,-0.902,0,22,-10,30,0,0,2.3,64.247,-2.399,-14.625,1,11.88,1,0.085,0.068,0,0,-0.9,0,2.3,11.859,8.959
4.85,normal,-3.019,-0.904,0,22,-10,30,0,0,2.296,64.371,-2.396,-14.614,1,11.834,1,0.085,0.052,0,0,-0.9,0,2.3,11.841,8.941
4.858,normal,-3.026,-0.902,0,22,-10,30,0,0,2.301,64.168,-2.394,-14.603,1,11.834,1,0.077,0.082,0,0,-0.9,0,2.3,11.822,8.922
4.867,normal,-3.034,-0.901,0,22,-10,30,0,0,2.304,64.171,-2.391,-14.592,1,11.796,1,0.063,0.076,0,0,-0.9,0,2.3,11.803,8.903
4.875,normal,-3.041,-0.898,0,22,-10,30,0,0,2.298,64.325,-2.388,-14.581,1,11.796,1,0.091,0.054,0,0,-0.9,0,2.3,11.785,8.885
4.883,normal,-3.049,-0.904,0,22,-10,30,0,0,2.304,64.339,-2.385,-14.571,1,11.764,1,0.068,0.087,0,0,-0.9,0,2.3,11.766,8.866
4.892,normal,-3.056,-0.897,0,22,-10,30,0,0,2.296,64.21,-2.383,-14.56,1,11.735,1,0.075,0.088,0,0,-0.9,0,2.3,11.748,8.848
4.9,normal,-3.064,-0.896,0,22,-10,30,0,0,2.296,64.263,-2.38,-14.549,1,11.726,1,0.065,0.05,0,0,-0.9,0,2.3,11.729,8.829
4.908,normal,-3.071,-0.899,0,22,-10,30,0,0,2.301,64.209,-2.377,-14.538,1,11.701,1,0.092,0.073,0,0,-0.9,0,2.3,11.71,8.81
4.917,normal,-3.079,-0.897,0,22,-10,30,0,0,2.303,64.291,-2.375,-14.527,1,11.712,1,0.064,0.072,0,0,-0.9,0,2.3,11.692,8.792
4.925,normal,-3.086,-0.896,0,22,-10,30,0,0,2.297,64.157,-2.372,-14.516,1,11.693,1,0.087,0.078,0,0,-0.9,0,2.3,11.673,8.773
4.933,normal,-3.094,-0.899,0,22,-10,30,0,0,2.297,64.393,-2.369,-14.505,1,11.661,1,0.078,0.081,0,0,-0.9,0,2.3,11.655,8.755
4.942,normal,-3.101,-0.897,0,22,-10,30,0,0,2.302,64.118,-2.366,-14.494,1,11.648,1,0.095,0.051,0,0,-0.9,0,2.3,11.636,8.736
4.95,normal,-3.109,-0.903,0,22,-10,30,0,0,2.296,64.123,-2.364,-14.483,1,11.62,1,0.055,0.082,0,0,-0.9,0,2.3,11.617,8.717
4.958,normal,-3.116,-0.904,0,22,-10,30,0,0,2.295,64.253,-2.361,-14.472,1,11.588,1,0.075,0.06,0,0,-0.9,0,2.3,11.599,8.699
4.967,normal,-3.124,-0.897,0,22,-10,30,0,0,2.297,64.235,-2.358,-14.461,1,11.577,1,0.068,0.072,0,0,-0.9,0,2.3,11.58,8.68
4.975,normal,-3.131,-0.898,0,22,-10,30,0,0,2.298,64.34,-2.355,-14.451,1,11.587,1,0.08,0.078,0,0,-0.9,0,2.3,11.562,8.662
4.983,normal,-3.139,-0.903,0,22,-10,30,0,0,2.296,64.141,-2.353,-14.44,1,11.553,1,0.053,0.072,0,0,-0.9,0,2.3,11.543,8.643
4.992,normal,-3.146,-0.898,0,22,-10,30,0,0,2.298,64.381,-2.35,-14.429,1,11.524,1,0.064,0.059,0,0,-0.9,0,2.3,11.525,8.625
5,normal,-3.154,-0.903,0,22,-10,30,0,0,2.298,64.171,-2.347,-14.418,1,11.487,1,0.078,0.052,0,0,-0.9,0,2.3,11.506,8.606
5.008,normal,-3.161,-0.898,0,22,-10,30,0,0,2.297,64.361,-2.344,-14.407,1,11.468,1,0.063,0.061,0,0,-0.9,0,2.3,11.487,8.587
5.017,normal,-3.169,-0.896,0,22,-10,30,0,0,2.298,64.288,-2.342,-14.396,1,11.454,1,0.075,0.064,0,0,-0.9,0,2.3,11.469,8.569
5.025,normal,-3.176,-0.902,0,22,-10,30,0,0,2.299,64.337,-2.339,-14.385,1,11.468,1,0.073,0.07,0,0,-0.9,0,2.3,11.45,8.55
5.033,normal,-3.184,-0.9,0,22,-10,30,0,0,2.299,64.225,-2.336,-14.374,1,11.431,1,0.095,0.056,0,0,-0.9,0,2.3,11.432,8.532
5.042,normal,-3.191,-0.904,0,22,-10,30,0,0,2.305,64.392,-2.333,-14.363,1,11.414,1,0.094,0.069,0,0,-0.9,0,2.3,11.413,8.513
5.05,normal,-3.199,-0.903,0,22,-10,30,0,0,2.295,64.351,-2.331,-14.352,1,11.396,1,0.081,0.054,0,0,-0.9,0,2.3,11.395,8.495
5.058,normal,-3.206,-0.898,0,22,-10,30,0,0,2.3,64.125,-2.328,-14.341,1,11.363,1,0.055,0.056,0,0,-0.9,0,2.3,11.376,8.476
5.067,normal,-3.214,-0.904,0,22,-10,30,0,0,2.305,64.212,-2.325,-14.331,1,11.382,1,0.059,0.089,0,0,-0.9,0,2.3,11.357,8.457
5.075,normal,-3.221,-0.902,0,22,-10,30,0,0,2.303,64.326,-2.322,-14.32,1,11.35,1,0.098,0.06,0,0,-0.9,0,2.3,11.339,8.439
5.083,normal,-3.229,-0.896,0,22,-10,30,0,0,2.302,64.116,-2.32,-14.309,1,11.315,1,0.051,0.062,0,0,-0.9,0,2.3,11.32,8.42
5.092,normal,-3.236,-0.904,0,22,-10,30,0,0,2.299,64.38,-2.317,-14.298,1,11.299,1,0.075,0.073,0,0,-0.9,0,2.3,11.302,8.402
5.1,normal,-3.244,-0.898,0,22,-10,30,0,0,2.304,64.13,-2.314,-14.287,1,11.306,1,0.06,0.08,0,0,-0.9,0,2.3,11.283,8.383
5.108,normal,-3.251,-0.899,0,22,-10,30,0,0,2.296,64.214,-2.311,-14.276,1,11.247,1,0.074,0.058,0,0,-0.9,0,2.3,11.264,8.364
5.117,normal,-3.259,-0.898,0,22,-10,30,0,0,2.3,64.17,-2.309,-14.265,1,11.256,1,0.067,0.055,0,0,-0.9,0,2.3,11.246,8.346
5.125,normal,-3.266,-0.901,0,22,-10,30,0,0,2.301,64.156,-2.306,-14.254,1,11.249,1,0.099,0.07,0,0,-0.9,0,2.3,11.227,8.327
5.133,normal,-3.274,-0.902,0,22,-10,30,0,0,2.298,64.223,-2.303,-14.243,1,11.184,1,0.089,0.067,0,0,-0.9,0,2.3,11.209,8.309
5.142,normal,-3.281,-0.901,0,22,-10,30,0,0,2.299,64.402,-2.3,-14.232,1,11.197,1,0.062,0.074,0,0,-0.9,0,2.3,11.19,8.29
5.15,normal,-3.289,-0.898,0,22,-10,30,0,0,2.301,64.347,-2.298,-14.221,1,11.175,1,0.069,0.068,0,0,-0.9,0,2.3,11.172,8.272
5.158,normal,-3.296,-0.904,0,22,-10,30,0,0,2.301,64.401,-2.295,-14.211,1,11.157,1,0.091,0.066,0,0,-0.9,0,2.3,11.153,8.253
5.167,normal,-3.304,-0.897,0,22,-10,30,0,0,2.301,64.389,-2.292,-14.2,1,11.133,1,0.099,0.09,0,0,-0.9,0,2.3,11.134,8.234
5.175,normal,-3.311,-0.9,0,22,-10,30,0,0,2.304,64.13,-2.289,-14.189,1,11.102,1,0.063,0.066,0,0,-0.9,0,2.3,11.116,8.216
5.183,normal,-3.319,-0.901,0,22,-10,30,0,0,2.3,64.3,-2.287,-14.178,1,11.103,1,0.091,0.082,0,0,-0.9,0,2.3,11.097,8.197
5.192,normal,-3.326,-0.896,0,22,-10,30,0,0,2.303,64.252,-2.284,-14.167,1,11.067,1,0.054,0.062,0,0,-0.9,0,2.3,11.079,8.179
5.2,normal,-3.334,-0.897,0,22,-10,30,0,0,2.299,64.353,-2.281,-14.156,1,11.049,1,0.051,0.052,0,0,-0.9,0,2.3,11.06,8.16
5.208,normal,-3.341,-0.898,0,22,-10,30,0,0,2.297,64.321,-2.278,-14.145,1,11.044,1,0.093,0.06,0,0,-0.9,0,2.3,11.041,8.141
5.217,normal,-3.349,-0.896,0,22,-10,30,0,0,2.304,64.127,-2.276,-14.134,1,11.045,1,0.057,0.05,0,0,-0.9,0,2.3,11.023,8.123
5.225,normal,-3.356,-0.901,0,22,-10,30,0,0,2.303,64.212,-2.273,-14.123,1,11.025,1,0.099,0.06,0,0,-0.9,0,2.3,11.004,8.104
5.233,normal,-3.364,-0.902,0,22,-10,30,0,0,2.303,64.395,-2.27,-14.112,1,10.981,1,0.063,0.076,0,0,-0.9,0,2.3,10.986,8.086
5.242,normal,-3.371,-0.896,0,22,-10,30,0,0,2.298,64.411,-2.267,-14.101,1,10.985,1,0.099,0.086,0,0,-0.9,0,2.3,10.967,8.067
5.25,normal,-3.379,-0.904,0,22,-10,30,0,0,2.297,64.322,-2.265,-14.091,1,10.925,1,0.063,0.083,0,0,-0.9,0,2.3,10.949,8.049
5.258,normal,-3.386,-0.897,0,22,-10,30,0,0,2.297,64.254,-2.262,-14.08,1,10.911,1,0.089,0.051,0,0,-0.9,0,2.3,10.93,8.03
5.267,normal,-3.394,-0.901,0,22,-10,30,0,0,2.3,64.149,-2.259,-14.069,1,10.931,1,0.059,0.058,0,0,-0.9,0,2.3,10.911,8.011
5.275,normal,-3.401,-0.901,0,22,-10,30,0,0,2.302,64.402,-2.256,-14.058,1,10.906,1,0.081,0.074,0,0,-0.9,0,2.3,10.893,7.993
5.283,normal,-3.409,-0.901,0,22,-10,30,0,0,2.299,64.399,-2.254,-14.047,1,10.898,1,0.092,0.066,0,0,-0.9,0,2.3,10.874,7.974
5.292,normal,-3.416,-0.903,0,22,-10,30,0,0,2.301,64.182,-2.251,-14.036,1,10.835,1,0.087,0.086,0,0,-0.9,0,2.3,10.856,7.956
5.3,normal,-3.424,-0.896,0,22,-10,30,0,0,2.296,64.342,-2.248,-14.025,1,10.86,1,0.069,0.076,0,0,-0.9,0,2.3,10.837,7.937
5.308,normal,-3.431,-0.904,0,22,-10,30,0,0,2.299,64.404,-2.245,-14.014,1,10.803,1,0.071,0.081,0,0,-0.9,0,2.3,10.819,7.919
5.317,normal,-3.439,-0.904,0,22,-10,30,0,0,2.299,64.212,-2.243,-14.003,1,10.777,1,0.063,0.065,0,0,-0.9,0,2.3,10.8,7.9
5.325,normal,-3.446,-0.899,0,22,-10,30,0,0,2.299,64.309,-2.24,-13.992,1,10.794,1,0.082,0.081,0,0,-0.9,0,2.3,10.781,7.881
5.333,normal,-3.454,-0.899,0,22,-10,30,0,0,2.303,64.274,-2.237,-13.981,1,10.769,1,0.084,0.053,0,0,-0.9,0,2.3,10.763,7.863
5.342,normal,-3.461,-0.896,0,22,-10,30,0,0,2.3,64.125,-2.235,-13.971,1,10.745,1,0.085,0.087,0,0,-0.9,0,2.3,10.744,7.844
5.35,normal,-3.469,-0.903,0,22,-10,30,0,0,2.299,64.211,-2.232,-13.96,1,10.742,1,0.057,0.073,0,0,-0.9,0,2.3,10.726,7.826
5.358,normal,-3.476,-0.897,0,22,-10,30,0,0,2.302,64.326,-2.229,-13.949,1,10.721,1,0.095,0.086,0,0,-0.9,0,2.3,10.707,7.807
5.367,normal,-3.484,-0.897,0,22,-10,30,0,0,2.297,64.31,-2.226,-13.938,1,10.665,1,0.083,0.056,0,0,-0.9,0,2.3,10.688,7.788
5.375,normal,-3.491,-0.899,0,22,-10,30,0,0,2.298,64.341,-2.224,-13.927,1,10.663,1,0.07,0.085,0,0,-0.9,0,2.3,10.67,7.77
5.383,normal,-3.499,-0.9,0,22,-10,30,0,0,2.301,64.173,-2.221,-13.916,1,10.665,1,0.091,0.088,0,0,-0.9,0,2.3,10.651,7.751
5.392,normal,-3.506,-0.899,0,22,-10,30,0,0,2.3,64.255,-2.218,-13.905,1,10.612,1,0.065,0.069,0,0,-0.9,0,2.3,10.633,7.733
5.4,normal,-3.514,-0.899,0,22,-10,30,0,0,2.302,64.23,-2.215,-13.894,1,10.627,1,0.083,0.056,0,0,-0.9,0,2.3,10.614,7.714
5.408,normal,-3.521,-0.9,0,22,-10,30,0,0,2.3,64.15,-2.213,-13.883,1,10.599,1,0.095,0.064,0,0,-0.9,0,2.3,10.596,7.696
5.417,normal,-3.529,-0.897,0,22,-10,30,0,0,2.3,64.412,-2.21,-13.872,1,10.588,1,0.06,0.085,0,0,-0.9,0,2.3,10.577,7.677
5.425,normal,-3.536,-0.899,0,22,-10,30,0,0,2.301,64.179,-2.207,-13.861,1,10.56,1,0.059,0.084,0,0,-0.9,0,2.3,10.558,7.658
5.433,normal,-3.544,-0.899,0,22,-10,30,0,0,2.297,64.271,-2.204,-13.851,1,10.552,1,0.071,0.059,0,0,-0.9,0,2.3,10.54,7.64
5.442,normal,-3.551,-0.898,0,22,-10,30,0,0,2.298,64.405,-2.202,-13.84,1,10.526,1,0.057,0.062,0,0,-0.9,0,2.3,10.521,7.621
5.45,normal,-3.559,-0.898,0,22,-10,30,0,0,2.303,64.152,-2.199,-13.829,1,10.527,1,0.071,0.063,0,0,-0.9,0,2.3,10.503,7.603
5.458,normal,-3.566,-0.896,0,22,-10,30,0,0,2.298,64.309,-2.196,-13.818,1,10.482,1,0.075,0.054,0,0,-0.9,0,2.3,10.484,7.584
5.467,normal,-3.574,-0.896,0,22,-10,30,0,0,2.299,64.126,-2.193,-13.807,1,10.477,1,0.056,0.089,0,0,-0.9,0,2.3,10.466,7.566
5.475,normal,-3.581,-0.904,0,22,-10,30,0,0,2.297,64.414,-2.191,-13.796,1,10.457,1,0.077,0.058,0,0,-0.9,0,2.3,10.447,7.547
5.483,normal,-3.589,-0.904,0,22,-10,30,0,0,2.303,64.421,-2.188,-13.785,1,10.408,1,0.065,0.086,0,0,-0.9,0,2.3,10.428,7.528
5.492,normal,-3.596,-0.898,0,22,-10,30,0,0,2.3,64.301,-2.185,-13.774,1,10.401,1,0.083,0.069,0,0,-0.9,0,2.3,10.41,7.51
5.5,normal,-3.604,-0.903,0,22,-10,30,0,0,2.303,64.261,-2.182,-13.763,1,10.396,1,0.089,0.053,0,0,-0.9,0,2.3,10.391,7.491
5.508,normal,-3.611,-0.898,0,22,-10,30,0,0,2.305,64.365,-2.18,-13.752,1,10.358,1,0.052,0.073,0,0,-0.9,0,2.3,10.373,7.473
5.517,normal,-3.619,-0.897,0,22,-10,30,0,0,2.297,64.374,-2.177,-13.741,1,10.331,1,0.072,0.087,0,0,-0.9,0,2.3,10.354,7.454
5.525,normal,-3.626,-0.896,0,22,-10,30,0,0,2.303,64.234,-2.174,-13.73,1,10.311,1,0.058,0.082,0,0,-0.9,0,2.3,10.336,7.436
5.533,normal,-3.634,-0.899,0,22,-10,30,0,0,2.297,64.191,-2.171,-13.72,1,10.336,1,0.098,0.059,0,0,-0.9,0,2.3,10.317,7.417
5.542,normal,-3.641,-0.898,0,22,-10,30,0,0,2.301,64.412,-2.169,-13.709,1,10.288,1,0.085,0.061,0,0,-0.9,0,2.3,10.298,7.398
5.55,normal,-3.649,-0.899,0,22,-10,30,0,0,2.302,64.212,-2.166,-13.698,1,10.273,1,0.065,0.066,0,0,-0.9,0,2.3,10.28,7.38
5.558,normal,-3.656,-0.904,0,22,-10,30,0,0,2.303,64.415,-2.163,-13.687,1,10.271,1,0.099,0.068,0,0,-0.9,0,2.3,10.261,7.361
5.567,normal,-3.664,-0.898,0,22,-10,30,0,0,2.301,64.351,-2.16,-13.676,1,10.266,1,0.089,0.079,0,0,-0.9,0,2.3,10.243,7.343
5.575,normal,-3.671,-0.901,0,22,-10,30,0,0,2.302,64.142,-2.158,-13.665,1,10.227,1,0.09,0.071,0,0,-0.9,0,2.3,10.224,7.324
5.583,normal,-3.679,-0.901,0,22,-10,30,0,0,2.298,64.406,-2.155,-13.654,1,10.214,1,0.071,0.084,0,0,-0.9,0,2.3,10.205,7.305
5.592,normal,-3.686,-0.901,0,22,-10,30,0,0,2.304,64.398,-2.152,-13.643,1,10.187,1,0.05,0.066,0,0,-0.9,0,2.3,10.187,7.287
5.6,normal,-3.694,-0.902,0,22,-10,30,0,0,2.3,64.376,-2.149,-13.632,1,10.191,1,0.064,0.083,0,0,-0.9,0,2.3,10.168,7.268
5.608,normal,-3.701,-0.903,0,22,-10,30,0,0,2.299,64.34,-2.147,-13.621,1,10.152,1,0.077,0.054,0,0,-0.9,0,2.3,10.15,7.25
5.617,normal,-3.709,-0.904,0,22,-10,30,0,0,2.304,64.317,-2.144,-13.61,1,10.135,1,0.082,0.056,0,0,-0.9,0,2.3,10.131,7.231
5.625,normal,-3.716,-0.901,0,22,-10,30,0,0,2.303,64.146,-2.141,-13.6,1,10.133,1,0.075,0.057,0,0,-0.9,0,2.3,10.113,7.213
5.633,normal,-3.724,-0.902,0,22,-10,30,0,0,2.303,64.136,-2.138,-13.589,1,10.107,1,0.057,0.056,0,0,-0.9,0,2.3,10.094,7.194
5.642,normal,-3.731,-0.904,0,22,-10,30,0,0,2.299,64.324,-2.136,-13.578,1,10.091,1,0.05,0.081,0,0,-0.9,0,2.3,10.075,7.175
5.65,normal,-3.739,-0.903,0,22,-10,30,0,0,2.296,64.156,-2.133,-13.567,1,10.061,1,0.08,0.08,0,0,-0.9,0,2.3,10.057,7.157
5.658,normal,-3.746,-0.899,0,22,-10,30,0,0,2.297,64.297,-2.13,-13.556,1,10.041,1,0.09,0.073,0,0,-0.9,0,2.3,10.038,7.138
5.667,normal,-3.754,-0.897,0,22,-10,30,0,0,2.295,64.21,-2.127,-13.545,1,10.024,1,0.081,0.058,0,0,-0.9,0,2.3,10.02,7.12
5.675,normal,-3.761,-0.903,0,22,-10,30,0,0,2.303,64.3,-2.125,-13.534,1,9.994,1,0.054,0.085,0,0,-0.9,0,2.3,10.001,7.101
5.683,normal,-3.769,-0.902,0,22,-10,30,0,0,2.304,64.322,-2.122,-13.523,1,9.96,1,0.091,0.058,0,0,-0.9,0,2.3,9.983,7.083
5.692,hazard,-3.776,-0.896,0,22,-10,30,0,0,2.299,64.394,-2.119,-13.512,1,9.951,1,0.063,0.061,0,0,-0.9,0,2.3,9.964,7.064
5.7,hazard,-3.784,-0.885,0,22,-10,30,0,0,2.297,64.227,-2.116,-13.501,1,9.958,1,0.064,0.086,0,0,-0.9,0,2.3,9.945,7.045
5.708,hazard,-3.791,-0.881,0,22,-10,30,0,0,2.304,64.369,-2.114,-13.49,1,9.911,1,0.061,0.059,0,0,-0.9,0,2.3,9.927,7.027
5.717,hazard,-3.798,-0.867,0,22,-10,30,0,0,2.3,64.287,-2.111,-13.48,1,9.922,1,0.057,0.055,0,0,-0.9,0,2.3,9.908,7.008
5.725,hazard,-3.805,-0.862,0,22,-10,30,0,0,2.3,64.137,-2.108,-13.469,1,9.874,1,0.051,0.068,0,0,-0.9,0,2.3,9.89,6.99
5.733,hazard,-3.812,-0.858,0,22,-10,30,0,0,2.299,64.193,-2.105,-13.458,1,9.855,1,0.098,0.078,0,0,-0.9,0,2.3,9.871,6.971
5.742,hazard,-3.819,-0.85,0,22,-10,30,0,0,2.3,64.18,-2.103,-13.447,1,9.866,1,0.072,0.066,0,0,-0.9,0,2.3,9.853,6.953
5.75,hazard,-3.826,-0.836,0,22,-10,30,0,0,2.3,64.398,-2.1,-13.436,1,9.859,1,0.078,0.087,0,0,-0.9,0,2.3,9.834,6.934
5.758,hazard,-3.833,-0.834,0,22,-10,30,0,0,2.305,64.394,-2.097,-13.425,1,9.805,1,0.065,0.08,0,0,-0.9,0,2.3,9.815,6.915
5.767,hazard,-3.84,-0.827,0,22,-10,30,0,0,2.295,64.186,-2.095,-13.414,1,9.794,1,0.087,0.053,0,0,-0.9,0,2.3,9.797,6.897
5.775,hazard,-3.847,-0.821,0,22,-10,30,0,0,2.301,64.205,-2.092,-13.403,1,9.769,1,0.093,0.066,0,0,-0.9,0,2.3,9.778,6.878
5.783,hazard,-3.854,-0.813,0,22,-10,30,0,0,2.3,64.418,-2.089,-13.392,1,9.748,1,0.091,0.061,0,0,-0.9,0,2.3,9.76,6.86
5.792,hazard,-3.861,-0.799,0,22,-10,30,0,0,2.305,64.208,-2.086,-13.381,1,9.749,1,0.086,0.083,0,0,-0.9,0,2.3,9.741,6.841
5.8,hazard,-3.867,-0.795,0,22,-10,30,0,0,2.301,64.334,-2.084,-13.37,1,9.718,1,0.098,0.078,0,0,-0.9,0,2.3,9.723,6.823
5.808,hazard,-3.874,-0.784,0,22,-10,30,0,0,2.296,64.336,-2.081,-13.36,1,9.7,1,0.058,0.072,0,0,-0.9,0,2.3,9.704,6.804
5.817,hazard,-3.88,-0.78,0,22,-10,30,0,0,2.295,64.268,-2.078,-13.349,1,9.674,1,0.051,0.064,0,0,-0.9,0,2.3,9.685,6.785
5.825,hazard,-3.887,-0.774,0,22,-10,30,0,0,2.304,64.395,-2.075,-13.338,1,9.7,1,0.086,0.063,0,0,-0.9,0,2.3,9.667,6.767
5.833,hazard,-3.893,-0.767,0,22,-10,30,0,0,2.297,64.414,-2.073,-13.327,1,9.657,1,0.084,0.073,0,0,-0.9,0,2.3,9.648,6.748
5.842,hazard,-3.899,-0.754,0,22,-10,30,0,0,2.302,64.39,-2.07,-13.316,1,9.621,1,0.066,0.058,0,0,-0.9,0,2.3,9.63,6.73
5.85,hazard,-3.906,-0.748,0,22,-10,30,0,0,2.296,64.311,-2.067,-13.305,1,9.637,1,0.099,0.068,0,0,-0.9,0,2.3,9.611,6.711
5.858,hazard,-3.912,-0.743,0,22,-10,30,0,0,2.299,64.396,-2.064,-13.294,1,9.621,1,0.059,0.089,0,0,-0.9,0,2.3,9.593,6.693
5.867,hazard,-3.918,-0.735,0,22,-10,30,0,0,2.305,64.436,-2.062,-13.283,1,9.612,1,0.07,0.085,0,0,-0.9,0,2.3,9.574,6.674
5.875,hazard,-3.924,-0.727,0,22,-10,30,0,0,2.298,64.163,-2.059,-13.272,1,9.556,1,0.064,0.085,0,0,-0.9,0,2.3,9.555,6.655
5.883,hazard,-3.93,-0.718,0,22,-10,30,0,0,2.302,64.337,-2.056,-13.261,1,9.539,1,0.068,0.075,0,0,-0.9,0,2.3,9.537,6.637
5.892,hazard,-3.936,-0.709,0,22,-10,30,0,0,2.301,64.381,-2.053,-13.25,1,9.533,1,0.081,0.087,0,0,-0.9,0,2.3,9.518,6.618
5.9,hazard,-3.942,-0.704,0,22,-10,30,0,0,2.301,64.289,-2.051,-13.24,1,9.506,1,0.09,0.066,0,0,-0.9,0,2.3,9.5,6.6
5.908,hazard,-3.948,-0.697,0,22,-10,30,0,0,2.296,64.253,-2.048,-13.229,1,9.524,1,0.077,0.084,0,0,-0.9,0,2.3,9.481,6.581
5.917,hazard,-3.953,-0.688,0,22,-10,30,0,0,2.298,64.248,-2.045,-13.218,1,9.5,1,0.076,0.076,0,0,-0.9,0,2.3,9.463,6.563
5.925,hazard,-3.959,-0.683,0,22,-10,30,0,0,2.296,64.266,-2.042,-13.207,1,9.455,1,0.07,0.084,0,0,-0.9,0,2.3,9.444,6.544
5.933,hazard,-3.965,-0.678,0,22,-10,30,0,0,2.301,64.256,-2.04,-13.196,1,9.471,1,0.055,0.051,0,0,-0.9,0,2.3,9.425,6.525
5.942,hazard,-3.97,-0.665,0,22,-10,30,0,0,2.304,64.316,-2.037,-13.185,1,9.452,1,0.084,0.06,0,0,-0.9,0,2.3,9.407,6.507
5.95,hazard,-3.976,-0.657,0,22,-10,30,0,0,2.302,64.254,-2.034,-13.174,1,9.428,1,0.099,0.079,0,0,-0.9,0,2.3,9.388,6.488
5.958,hazard,-3.981,-0.655,0,22,-10,30,0,0,2.303,64.408,-2.031,-13.163,1,9.418,1,0.072,0.081,0,0,-0.9,0,2.3,9.37,6.47
5.967,hazard,-3.987,-0.647,0,22,-10,30,0,0,2.296,64.154,-2.029,-13.152,1,9.405,1,0.081,0.074,0,0,-0.9,0,2.3,9.351,6.451
5.975,hazard,-3.992,-0.637,0,22,-10,30,0,0,2.299,64.368,-2.026,-13.141,1,9.389,1,0.086,0.052,0,0,-0.9,0,2.3,9.333,6.433
5.983,hazard,-3.997,-0.629,0,22,-10,30,0,0,2.303,64.263,-2.023,-13.13,1,9.33,1,0.094,0.062,0,0,-0.9,0,2.3,9.314,6.414
5.992,hazard,-4.002,-0.626,0,22,-10,30,0,0,2.299,64.207,-2.02,-13.12,1,9.324,1,0.083,0.074,0,0,-0.9,0,2.3,9.296,6.396
6,hazard,-4.007,-0.613,0,22,-10,30,0,0,2.302,64.359,-2.018,-13.109,1,9.313,1,0.074,0.056,0,0,-0.9,0,2.3,9.277,6.377
6.008,hazard,-4.012,-0.607,0,22,-10,30,0,0,2.304,64.255,-2.015,-13.098,1,9.281,1,0.079,0.07,0,0,-0.9,0,2.3,9.258,6.358
6.017,hazard,-4.017,-0.599,0,22,-10,30,0,0,2.295,64.208,-2.012,-13.087,1,9.277,1,0.059,0.088,0,0,-0.9,0,2.3,9.24,6.34
6.025,hazard,-4.022,-0.593,0,22,-10,30,0,0,2.297,64.286,-2.009,-13.076,1,9.279,1,0.087,0.078,0,0,-0.9,0,2.3,9.221,6.321
6.033,hazard,-4.027,-0.588,0,22,-10,30,0,0,2.302,64.162,-2.007,-13.065,1,9.246,1,0.081,0.051,0,0,-0.9,0,2.3,9.203,6.303
6.042,hazard,-4.032,-0.58,0,22,-10,30,0,0,2.298,64.212,-2.004,-13.054,1,9.257,1,0.095,0.06,0,0,-0.9,0,2.3,9.184,6.284
6.05,hazard,-4.037,-0.573,0,22,-10,30,0,0,2.298,64.395,-2.001,-13.043,1,9.208,1,0.09,0.086,0,0,-0.9,0,2.3,9.166,6.266
6.058,hazard,-4.042,-0.564,0,22,-10,30,0,0,2.3,64.401,-1.998,-13.032,1,9.192,1,0.074,0.079,0,0,-0.9,0,2.3,9.147,6.247
6.067,hazard,-4.046,-0.557,0,22,-10,30,0,0,2.302,64.159,-1.996,-13.021,1,9.17,1,0.073,0.058,0,0,-0.9,0,2.3,9.128,6.228
6.075,hazard,-4.051,-0.547,0,22,-10,30,0,0,2.297,64.412,-1.993,-13.01,1,9.202,1,0.06,0.089,0,0,-0.9,0,2.3,9.11,6.21
6.083,hazard,-4.055,-0.542,0,22,-10,30,0,0,2.299,64.438,-1.99,-13,1,9.143,1,0.051,0.076,0,0,-0.9,0,2.3,9.091,6.191
6.092,hazard,-4.06,-0.534,0,22,-10,30,0,0,2.302,64.254,-1.987,-12.989,1,9.128,1,0.071,0.09,0,0,-0.9,0,2.3,9.073,6.173
6.1,hazard,-4.064,-0.524,0,22,-10,30,0,0,2.295,64.18,-1.985,-12.978,1,9.133,1,0.092,0.054,0,0,-0.9,0,2.3,9.054,6.154
6.108,hazard,-4.068,-0.517,0,22,-10,30,0,0,2.298,64.313,-1.982,-12.967,1,9.101,1,0.089,0.051,0,0,-0.9,0,2.3,9.036,6.136
6.117,hazard,-4.073,-0.509,0,22,-10,30,0,0,2.302,64.394,-1.979,-12.956,1,9.109,1,0.094,0.063,0,0,-0.9,0,2.3,9.017,6.117
6.125,hazard,-4.077,-0.502,0,22,-10,30,0,0,2.297,64.229,-1.976,-12.945,1,9.104,1,0.087,0.068,0,0,-0.9,0,2.3,8.998,6.098
6.133,hazard,-4.081,-0.493,0,22,-10,30,0,0,2.304,64.202,-1.974,-12.934,1,9.06,1,0.059,0.086,0,0,-0.9,0,2.3,8.98,6.08
6.142,hazard,-4.085,-0.488,0,22,-10,30,0,0,2.303,64.333,-1.971,-12.923,1,9.043,1,0.06,0.059,0,0,-0.9,0,2.3,8.961,6.061
6.15,hazard,-4.089,-0.478,0,22,-10,30,0,0,2.297,64.262,-1.968,-12.912,1,9.029,1,0.059,0.063,0,0,-0.9,0,2.3,8.943,6.043
6.158,hazard,-4.093,-0.472,0,22,-10,30,0,0,2.295,64.225,-1.965,-12.901,1,9.048,1,0.091,0.084,0,0,-0.9,0,2.3,8.924,6.024
6.167,hazard,-4.097,-0.466,0,22,-10,30,0,0,2.296,64.398,-1.963,-12.89,1,8.987,1,0.096,0.063,0,0,-0.9,0,2.3,8.906,6.006
6.175,hazard,-4.101,-0.456,0,22,-10,30,0,0,2.303,64.242,-1.96,-12.88,1,8.991,1,0.097,0.082,0,0,-0.9,0,2.3,8.887,5.987
6.183,hazard,-4.104,-0.448,0,22,-10,30,0,0,2.299,64.402,-1.957,-12.869,1,8.99,1,0.095,0.065,0,0,-0.9,0,2.3,8.869,5.969
6.192,hazard,-4.108,-0.442,0,22,-10,30,0,0,2.299,64.385,-1.955,-12.858,1,8.95,1,0.098,0.088,0,0,-0.9,0,2.3,8.85,5.95
6.2,hazard,-4.112,-0.436,0,22,-10,30,0,0,2.296,64.267,-1.952,-12.847,1,8.959,1,0.079,0.065,0,0,-0.9,0,2.3,8.831,5.931
6.208,hazard,-4.115,-0.429,0,22,-10,30,0,0,2.303,64.274,-1.949,-12.836,1,8.961,1,0.064,0.089,0,0,-0.9,0,2.3,8.813,5.913
6.217,hazard,-4.119,-0.419,0,22,-10,30,0,0,2.297,64.308,-1.946,-12.825,1,8.942,1,0.073,0.078,0,0,-0.9,0,2.3,8.794,5.894
6.225,hazard,-4.122,-0.413,0,22,-10,30,0,0,2.299,64.204,-1.944,-12.814,1,8.915,1,0.085,0.058,0,0,-0.9,0,2.3,8.776,5.876
6.233,hazard,-4.126,-0.405,0,22,-10,30,0,0,2.296,64.189,-1.941,-12.803,1,8.911,1,0.07,0.061,0,0,-0.9,0,2.3,8.757,5.857
6.242,hazard,-4.129,-0.397,0,22,-10,30,0,0,2.303,64.187,-1.938,-12.792,1,8.858,1,0.082,0.062,0,0,-0.9,0,2.3,8.739,5.839
6.25,hazard,-4.132,-0.389,0,22,-10,30,0,0,2.301,64.317,-1.935,-12.781,1,8.845,1,0.07,0.086,0,0,-0.9,0,2.3,8.72,5.82
6.258,hazard,-4.135,-0.381,0,22,-10,30,0,0,2.304,64.421,-1.933,-12.77,1,8.863,1,0.068,0.059,0,0,-0.9,0,2.3,8.701,5.801
6.267,hazard,-4.138,-0.373,0,22,-10,30,0,0,2.299,64.311,-1.93,-12.76,1,8.848,1,0.073,0.083,0,0,-0.9,0,2.3,8.683,5.783
6.275,hazard,-4.141,-0.367,0,22,-10,30,0,0,2.303,64.451,-1.927,-12.749,1,8.801,1,0.055,0.055,0,0,-0.9,0,2.3,8.664,5.764
6.283,hazard,-4.144,-0.361,0,22,-10,30,0,0,2.301,64.313,-1.924,-12.738,1,8.812,1,0.057,0.078,0,0,-0.9,0,2.3,8.646,5.746
6.292,hazard,-4.147,-0.351,0,22,-10,30,0,0,2.298,64.274,-1.922,-12.727,1,8.771,1,0.079,0.056,0,0,-0.9,0,2.3,8.627,5.727
6.3,hazard,-4.15,-0.343,0,22,-10,30,0,0,2.299,64.206,-1.919,-12.716,1,8.776,1,0.095,0.088,0,0,-0.9,0,2.3,8.609,5.709
6.308,hazard,-4.153,-0.337,0,22,-10,30,0,0,2.296,64.275,-1.916,-12.705,1,8.761,1,0.055,0.054,0,0,-0.9,0,2.3,8.59,5.69
6.317,hazard,-4.156,-0.329,0,22,-10,30,0,0,2.301,64.431,-1.913,-12.694,1,8.751,1,0.095,0.083,0,0,-0.9,0,2.3,8.572,5.672
6.325,hazard,-4.159,-0.331,0,22,-10,30,0,0,2.302,64.182,-1.911,-12.683,1,8.716,1,0.055,0.058,0,0,-0.9,0,2.3,8.553,5.653
6.333,hazard,-4.161,-0.33,0,22,-10,30,0,0,2.302,64.443,-1.908,-12.672,1,8.735,1,0.082,0.08,0,0,-0.9,0,2.3,8.534,5.634
6.342,hazard,-4.164,-0.329,0,22,-10,30,0,0,2.301,64.258,-1.905,-12.661,1,8.707,1,0.097,0.064,0,0,-0.9,0,2.3,8.516,5.616
6.35,hazard,-4.167,-0.329,0,22,-10,30,0,0,2.3,64.408,-1.902,-12.65,1,8.699,1,0.097,0.055,0,0,-0.9,0,2.3,8.497,5.597
6.358,hazard,-4.17,-0.331,0,22,-10,30,0,0,2.3,64.427,-1.9,-12.639,1,8.704,1,0.076,0.077,0,0,-0.9,0,2.3,8.479,5.579
6.367,hazard,-4.172,-0.331,0,22,-10,30,0,0,2.301,64.179,-1.897,-12.629,1,8.676,1,0.098,0.087,0,0,-0.9,0,2.3,8.46,5.56
6.375,hazard,-4.175,-0.33,0,22,-10,30,0,0,2.3,64.446,-1.894,-12.618,1,8.639,1,0.071,0.062,0,0,-0.9,0,2.3,8.442,5.542
6.383,hazard,-4.178,-0.331,0,22,-10,30,0,0,2.304,64.337,-1.891,-12.607,1,8.648,1,0.052,0.082,0,0,-0.9,0,2.3,8.423,5.523
6.392,hazard,-4.181,-0.329,0,22,-10,30,0,0,2.301,64.275,-1.889,-12.596,1,8.623,1,0.079,0.073,0,0,-0.9,0,2.3,8.405,5.505
6.4,hazard,-4.183,-0.329,0,22,-10,30,0,0,2.305,64.193,-1.886,-12.585,1,8.605,1,0.065,0.077,0,0,-0.9,0,2.3,8.386,5.486
6.408,hazard,-4.186,-0.331,0,22,-10,30,0,0,2.302,64.252,-1.883,-12.574,1,8.577,1,0.092,0.073,0,0,-0.9,0,2.3,8.367,5.467
6.417,hazard,-4.189,-0.332,0,22,-10,30,0,0,2.297,64.408,-1.88,-12.563,1,8.567,1,0.095,0.087,0,0,-0.9,0,2.3,8.349,5.449
6.425,hazard,-4.192,-0.33,0,22,-10,30,0,0,2.297,64.327,-1.878,-12.552,1,8.586,1,0.081,0.085,0,0,-0.9,0,2.3,8.33,5.43
6.433,hazard,-4.194,-0.33,0,22,-10,30,0,0,2.295,64.299,-1.875,-12.541,1,8.556,1,0.08,0.081,0,0,-0.9,0,2.3,8.312,5.412
6.442,hazard,-4.197,-0.33,0,22,-10,30,0,0,2.301,64.202,-1.872,-12.53,1,8.548,1,0.066,0.073,0,0,-0.9,0,2.3,8.293,5.393
6.45,hazard,-4.2,-0.331,0,22,-10,30,0,0,2.299,64.312,-1.869,-12.519,1,8.506,1,0.061,0.089,0,0,-0.9,0,2.3,8.275,5.375
6.458,hazard,-4.203,-0.329,0,22,-10,30,0,0,2.305,64.213,-1.867,-12.509,1,8.5,1,0.057,0.063,0,0,-0.9,0,2.3,8.256,5.356
6.467,hazard,-4.205,-0.331,0,22,-10,30,0,0,2.297,64.188,-1.864,-12.498,1,8.522,1,0.053,0.066,0,0,-0.9,0,2.3,8.238,5.338
6.475,hazard,-4.208,-0.329,0,22,-10,30,0,0,2.297,64.208,-1.861,-12.487,1,8.475,1,0.07,0.079,0,0,-0.9,0,2.3,8.219,5.319
6.483,hazard,-4.211,-0.331,0,22,-10,30,0,0,2.297,64.28,-1.858,-12.476,1,8.475,1,0.068,0.068,0,0,-0.9,0,2.3,8.2,5.3
6.492,hazard,-4.214,-0.331,0,22,-10,30,0,0,2.296,64.328,-1.856,-12.465,1,8.457,1,0.053,0.081,0,0,-0.9,0,2.3,8.182,5.282
6.5,hazard,-4.216,-0.33,0,22,-10,30,0,0,2.299,64.443,-1.853,-12.454,1,8.459,1,0.07,0.063,0,0,-0.9,0,2.3,8.163,5.263
6.508,hazard,-4.219,-0.329,0,22,-10,30,0,0,2.304,64.246,-1.85,-12.443,1,8.432,1,0.087,0.075,0,0,-0.9,0,2.3,8.145,5.245
6.517,hazard,-4.222,-0.332,0,22,-10,30,0,0,2.302,64.289,-1.847,-12.432,1,8.411,1,0.074,0.085,0,0,-0.9,0,2.3,8.126,5.226
6.525,hazard,-4.225,-0.33,0,22,-10,30,0,0,2.304,64.403,-1.845,-12.421,1,8.417,1,0.074,0.054,0,0,-0.9,0,2.3,8.108,5.208
6.533,hazard,-4.227,-0.33,0,22,-10,30,0,0,2.297,64.251,-1.842,-12.41,1,8.396,1,0.051,0.082,0,0,-0.9,0,2.3,8.089,5.189
6.542,hazard,-4.23,-0.331,0,22,-10,30,0,0,2.304,64.421,-1.839,-12.399,1,8.37,1,0.074,0.089,0,0,-0.9,0,2.3,8.071,5.171
6.55,hazard,-4.233,-0.331,0,22,-10,30,0,0,2.297,64.355,-1.836,-12.389,1,8.351,1,0.063,0.067,0,0,-0.9,0,2.3,8.052,5.152
6.558,hazard,-4.236,-0.329,0,22,-10,30,0,0,2.302,64.423,-1.834,-12.378,1,8.366,1,0.093,0.081,0,0,-0.9,0,2.3,8.033,5.133
6.567,hazard,-4.238,-0.33,0,22,-10,30,0,0,2.303,64.272,-1.831,-12.367,1,8.33,1,0.093,0.066,0,0,-0.9,0,2.3,8.015,5.115
6.575,hazard,-4.241,-0.33,0,22,-10,30,0,0,2.301,64.201,-1.828,-12.356,1,8.306,1,0.092,0.056,0,0,-0.9,0,2.3,7.996,5.096
6.583,hazard,-4.244,-0.329,0,22,-10,30,0,0,2.303,64.246,-1.825,-12.345,1,8.324,1,0.082,0.089,0,0,-0.9,0,2.3,7.978,5.078
6.592,hazard,-4.247,-0.328,0,22,-10,30,0,0,2.295,64.453,-1.823,-12.334,1,8.308,1,0.087,0.084,0,0,-0.9,0,2.3,7.959,5.059
6.6,hazard,-4.249,-0.329,0,22,-10,30,0,0,2.303,64.256,-1.82,-12.323,1,8.261,1,0.057,0.079,0,0,-0.9,0,2.3,7.941,5.041
6.608,hazard,-4.252,-0.33,0,22,-10,30,0,0,2.302,64.265,-1.817,-12.312,1,8.272,1,0.075,0.068,0,0,-0.9,0,2.3,7.922,5.022
6.617,hazard,-4.255,-0.329,0,22,-10,30,0,0,2.302,64.246,-1.815,-12.301,1,8.244,1,0.066,0.086,0,0,-0.9,0,2.3,7.904,5.004
6.625,hazard,-4.258,-0.329,0,22,-10,30,0,0,2.303,64.448,-1.812,-12.29,1,8.243,1,0.056,0.062,0,0,-0.9,0,2.3,7.885,4.985
6.633,hazard,-4.26,-0.33,0,22,-10,30,0,0,2.298,64.453,-1.809,-12.279,1,8.224,1,0.051,0.088,0,0,-0.9,0,2.3,7.867,4.967
6.642,hazard,-4.263,-0.329,0,22,-10,30,0,0,2.296,64.477,-1.806,-12.269,1,8.198,1,0.1,0.05,0,0,-0.9,0,2.3,7.848,4.948
6.65,hazard,-4.266,-0.329,0,22,-10,30,0,0,2.297,64.31,-1.804,-12.258,1,8.189,1,0.094,0.086,0,0,-0.9,0,2.3,7.829,4.929
6.658,hazard,-4.269,-0.329,0,22,-10,30,0,0,2.305,64.207,-1.801,-12.247,1,8.179,1,0.064,0.067,0,0,-0.9,0,2.3,7.811,4.911
6.667,hazard,-4.271,-0.329,0,22,-10,30,0,0,2.302,64.357,-1.798,-12.236,1,8.176,1,0.065,0.066,0,0,-0.9,0,2.3,7.792,4.892
6.675,hazard,-4.274,-0.33,0,22,-10,30,0,0,2.304,64.432,-1.795,-12.225,1,8.13,1,0.092,0.077,0,0,-0.9,0,2.3,7.774,4.874
6.683,hazard,-4.277,-0.329,0,22,-10,30,0,0,2.298,64.221,-1.793,-12.214,1,8.157,1,0.053,0.054,0,0,-0.9,0,2.3,7.755,4.855
6.692,hazard,-4.28,-0.33,0,22,-10,30,0,0,2.302,64.332,-1.79,-12.203,1,8.131,1,0.069,0.088,0,0,-0.9,0,2.3,7.737,4.837
6.7,hazard,-4.282,-0.331,0,22,-10,30,0,0,2.299,64.371,-1.787,-12.192,1,8.107,1,0.06,0.069,0,0,-0.9,0,2.3,7.718,4.818
6.708,hazard,-4.285,-0.33,0,22,-10,30,0,0,2.296,64.356,-1.784,-12.181,1,8.101,1,0.077,0.082,0,0,-0.9,0,2.3,7.7,4.8
6.717,hazard,-4.288,-0.33,0,22,-10,30,0,0,2.297,64.281,-1.782,-12.17,1,8.061,1,0.071,0.077,0,0,-0.9,0,2.3,7.681,4.781
6.725,hazard,-4.291,-0.33,0,22,-10,30,0,0,2.304,64.34,-1.779,-12.159,1,8.089,1,0.073,0.084,0,0,-0.9,0,2.3,7.663,4.763
6.733,hazard,-4.293,-0.329,0,22,-10,30,0,0,2.305,64.212,-1.776,-12.149,1,8.059,1,0.054,0.078,0,0,-0.9,0,2.3,7.644,4.744
6.742,hazard,-4.296,-0.331,0,22,-10,30,0,0,2.303,64.298,-1.773,-12.138,1,8.021,1,0.072,0.061,0,0,-0.9,0,2.3,7.625,4.725
6.75,hazard,-4.299,-0.331,0,22,-10,30,0,0,2.299,64.327,-1.771,-12.127,1,8.033,1,0.094,0.059,0,0,-0.9,0,2.3,7.607,4.707
6.758,hazard,-4.302,-0.331,0,22,-10,30,0,0,2.303,64.29,-1.768,-12.116,1,7.989,1,0.096,0.075,0,0,-0.9,0,2.3,7.588,4.688
6.767,hazard,-4.304,-0.33,0,22,-10,30,0,0,2.3,64.448,-1.765,-12.105,1,7.979,1,0.089,0.088,0,0,-0.9,0,2.3,7.57,4.67
6.775,hazard,-4.307,-0.331,0,22,-10,30,0,0,2.304,64.299,-1.762,-12.094,1,7.968,1,0.051,0.072,0,0,-0.9,0,2.3,7.551,4.651
6.783,hazard,-4.31,-0.329,0,22,-10,30,0,0,2.296,64.31,-1.76,-12.083,1,7.994,1,0.078,0.087,0,0,-0.9,0,2.3,7.533,4.633
6.792,hazard,-4.313,-0.33,0,22,-10,30,0,0,2.301,64.302,-1.757,-12.072,1,7.975,1,0.074,0.062,0,0,-0.9,0,2.3,7.514,4.614
6.8,hazard,-4.315,-0.33,0,22,-10,30,0,0,2.295,64.371,-1.754,-12.061,1,7.962,1,0.09,0.058,0,0,-0.9,0,2.3,7.496,4.596
6.808,hazard,-4.318,-0.329,0,22,-10,30,0,0,2.3,64.442,-1.751,-12.05,1,7.908,1,0.067,0.06,0,0,-0.9,0,2.3,7.477,4.577
6.817,hazard,-4.321,-0.331,0,22,-10,30,0,0,2.304,64.313,-1.749,-12.039,1,7.938,1,0.06,0.079,0,0,-0.9,0,2.3,7.459,4.559
6.825,hazard,-4.324,-0.328,0,22,-10,30,0,0,2.296,64.483,-1.746,-12.029,1,7.923,1,0.069,0.081,0,0,-0.9,0,2.3,7.44,4.54
6.833,hazard,-4.326,-0.329,0,22,-10,30,0,0,2.302,64.361,-1.743,-12.018,1,7.872,1,0.082,0.066,0,0,-0.9,0,2.3,7.421,4.521
6.842,hazard,-4.329,-0.329,0,22,-10,30,0,0,2.303,64.358,-1.74,-12.007,1,7.878,1,0.1,0.068,0,0,-0.9,0,2.3,7.403,4.503
6.85,hazard,-4.332,-0.331,0,22,-10,30,0,0,2.305,64.491,-1.738,-11.996,1,7.835,1,0.073,0.086,0,0,-0.9,0,2.3,7.384,4.484
6.858,hazard,-4.335,-0.329,0,22,-10,30,0,0,2.301,64.223,-1.735,-11.985,1,7.836,1,0.075,0.072,0,0,-0.9,0,2.3,7.366,4.466
6.867,hazard,-4.337,-0.329,0,22,-10,30,0,0,2.305,64.22,-1.732,-11.974,1,7.836,1,0.065,0.061,0,0,-0.9,0,2.3,7.347,4.447
6.875,hazard,-4.34,-0.33,0,22,-10,30,0,0,2.295,64.36,-1.729,-11.963,1,7.808,1,0.054,0.051,0,0,-0.9,0,2.3,7.329,4.429
6.883,hazard,-4.343,-0.331,0,22,-10,30,0,0,2.296,64.482,-1.727,-11.952,1,7.803,1,0.084,0.051,0,0,-0.9,0,2.3,7.31,4.41
6.892,hazard,-4.346,-0.331,0,22,-10,30,0,0,2.3,64.311,-1.724,-11.941,1,7.8,1,0.088,0.073,0,0,-0.9,0,2.3,7.292,4.392
6.9,hazard,-4.348,-0.33,0,22,-10,30,0,0,2.303,64.201,-1.721,-11.93,1,7.762,1,0.073,0.076,0,0,-0.9,0,2.3,7.273,4.373
6.908,hazard,-4.351,-0.329,0,22,-10,30,0,0,2.304,64.354,-1.718,-11.919,1,7.739,1,0.074,0.071,0,0,-0.9,0,2.3,7.255,4.355
6.917,hazard,-4.354,-0.331,0,22,-10,30,0,0,2.304,64.389,-1.716,-11.909,1,7.73,1,0.086,0.061,0,0,-0.9,0,2.3,7.236,4.336
6.925,hazard,-4.357,-0.33,0,22,-10,30,0,0,2.296,64.42,-1.713,-11.898,1,7.752,1,0.06,0.089,0,0,-0.9,0,2.3,7.218,4.318
6.933,hazard,-4.359,-0.329,0,22,-10,30,0,0,2.302,64.357,-1.71,-11.887,1,7.738,1,0.072,0.061,0,0,-0.9,0,2.3,7.199,4.299
6.942,hazard,-4.362,-0.331,0,22,-10,30,0,0,2.297,64.45,-1.707,-11.876,1,7.698,1,0.066,0.052,0,0,-0.9,0,2.3,7.181,4.281
6.95,hazard,-4.365,-0.329,0,22,-10,30,0,0,2.302,64.339,-1.705,-11.865,1,7.701,1,0.078,0.071,0,0,-0.9,0,2.3,7.162,4.262
6.958,hazard,-4.368,-0.331,0,22,-10,30,0,0,2.302,64.307,-1.702,-11.854,1,7.657,1,0.088,0.07,0,0,-0.9,0,2.3,7.143,4.243
6.967,hazard,-4.37,-0.328,0,22,-10,30,0,0,2.296,64.267,-1.699,-11.843,1,7.642,1,0.091,0.083,0,0,-0.9,0,2.3,7.125,4.225
6.975,hazard,-4.373,-0.33,0,22,-10,30,0,0,2.301,64.293,-1.696,-11.832,1,7.63,1,0.051,0.077,0,0,-0.9,0,2.3,7.106,4.206
6.983,hazard,-4.376,-0.329,0,22,-10,30,0,0,2.299,64.395,-1.694,-11.821,1,7.62,1,0.062,0.086,0,0,-0.9,0,2.3,7.088,4.188
6.992,hazard,-4.379,-0.329,0,22,-10,30,0,0,2.3,64.478,-1.691,-11.81,1,7.599,1,0.077,0.068,0,0,-0.9,0,2.3,7.069,4.169
7,hazard,-4.381,-0.328,0,22,-10,30,0,0,2.297,64.201,-1.688,-11.799,1,7.623,1,0.062,0.082,0,0,-0.9,0,2.3,7.051,4.151
7.008,hazard,-4.384,-0.331,0,22,-10,30,0,0,2.301,64.287,-1.685,-11.789,1,7.581,1,0.052,0.083,0,0,-0.9,0,2.3,7.032,4.132
7.017,hazard,-4.387,-0.329,0,22,-10,30,0,0,2.296,64.485,-1.683,-11.778,1,7.563,1,0.1,0.077,0,0,-0.9,0,2.3,7.014,4.114
7.025,hazard,-4.39,-0.329,0,22,-10,30,0,0,2.297,64.354,-1.68,-11.767,1,7.586,1,0.059,0.063,0,0,-0.9,0,2.3,6.995,4.095
7.033,hazard,-4.392,-0.328,0,22,-10,30,0,0,2.303,64.476,-1.677,-11.756,1,7.553,1,0.078,0.07,0,0,-0.9,0,2.3,6.977,4.077
7.042,hazard,-4.395,-0.331,0,22,-10,30,0,0,2.303,64.214,-1.675,-11.745,1,7.526,1,0.057,0.065,0,0,-0.9,0,2.3,6.958,4.058
7.05,hazard,-4.398,-0.33,0,22,-10,30,0,0,2.305,64.435,-1.672,-11.734,1,7.508,1,0.069,0.077,0,0,-0.9,0,2.3,6.94,4.04
7.058,hazard,-4.401,-0.33,0,22,-10,30,0,0,2.297,64.35,-1.669,-11.723,1,7.511,1,0.058,0.055,0,0,-0.9,0,2.3,6.921,4.021
7.067,hazard,-4.403,-0.329,0,22,-10,30,0,0,2.296,64.363,-1.666,-11.712,1,7.491,1,0.05,0.057,0,0,-0.9,0,2.3,6.903,4.003
7.075,hazard,-4.406,-0.329,0,22,-10,30,0,0,2.295,64.448,-1.664,-11.701,1,7.491,1,0.076,0.086,0,0,-0.9,0,2.3,6.884,3.984
7.083,hazard,-4.409,-0.33,0,22,-10,30,0,0,2.296,64.425,-1.661,-11.69,1,7.476,1,0.074,0.051,0,0,-0.9,0,2.3,6.865,3.965
7.092,hazard,-4.412,-0.329,0,22,-10,30,0,0,2.305,64.29,-1.658,-11.679,1,7.465,1,0.052,0.081,0,0,-0.9,0,2.3,6.847,3.947
7.1,hazard,-4.414,-0.328,0,22,-10,30,0,0,2.302,64.425,-1.655,-11.669,1,7.451,1,0.096,0.086,0,0,-0.9,0,2.3,6.828,3.928
7.108,hazard,-4.417,-0.332,0,22,-10,30,0,0,2.295,64.457,-1.653,-11.658,1,7.422,1,0.085,0.088,0,0,-0.9,0,2.3,6.81,3.91
7.117,hazard,-4.42,-0.331,0,22,-10,30,0,0,2.3,64.487,-1.65,-11.647,1,7.415,1,0.081,0.08,0,0,-0.9,0,2.3,6.791,3.891
7.125,hazard,-4.423,-0.329,0,22,-10,30,0,0,2.304,64.3,-1.647,-11.636,1,7.39,1,0.082,0.081,0,0,-0.9,0,2.3,6.773,3.873
7.133,hazard,-4.425,-0.331,0,22,-10,30,0,0,2.304,64.382,-1.644,-11.625,1,7.392,1,0.089,0.067,0,0,-0.9,0,2.3,6.754,3.854
7.142,hazard,-4.428,-0.33,0,22,-10,30,0,0,2.302,64.215,-1.642,-11.614,1,7.384,1,0.07,0.067,0,0,-0.9,0,2.3,6.736,3.836
7.15,hazard,-4.431,-0.331,0,22,-10,30,0,0,2.3,64.32,-1.639,-11.603,1,7.339,1,0.073,0.074,0,0,-0.9,0,2.3,6.717,3.817
7.158,hazard,-4.434,-0.329,0,22,-10,30,0,0,2.298,64.343,-1.636,-11.592,1,7.345,1,0.074,0.085,0,0,-0.9,0,2.3,6.699,3.799
7.167,hazard,-4.436,-0.331,0,22,-10,30,0,0,2.296,64.322,-1.633,-11.581,1,7.35,1,0.057,0.052,0,0,-0.9,0,2.3,6.68,3.78
7.175,hazard,-4.439,-0.33,0,22,-10,30,0,0,2.296,64.254,-1.631,-11.57,1,7.335,1,0.094,0.086,0,0,-0.9,0,2.3,6.662,3.762
7.183,hazard,-4.442,-0.329,0,22,-10,30,0,0,2.301,64.496,-1.628,-11.559,1,7.306,1,0.071,0.077,0,0,-0.9,0,2.3,6.643,3.743
7.192,hazard,-4.445,-0.331,0,22,-10,30,0,0,2.301,64.447,-1.625,-11.549,1,7.293,1,0.087,0.08,0,0,-0.9,0,2.3,6.625,3.725
7.2,hazard,-4.447,-0.331,0,22,-10,30,0,0,2.303,64.477,-1.622,-11.538,1,7.279,1,0.078,0.074,0,0,-0.9,0,2.3,6.606,3.706
7.208,hazard,-4.45,-0.329,0,22,-10,30,0,0,2.3,64.314,-1.62,-11.527,1,7.274,1,0.055,0.061,0,0,-0.9,0,2.3,6.588,3.688
7.217,hazard,-4.453,-0.329,0,22,-10,30,0,0,2.3,64.395,-1.617,-11.516,1,7.254,1,0.063,0.077,0,0,-0.9,0,2.3,6.569,3.669
7.225,hazard,-4.456,-0.33,0,22,-10,30,0,0,2.3,64.384,-1.614,-11.505,1,7.232,1,0.051,0.08,0,0,-0.9,0,2.3,6.551,3.651
7.233,hazard,-4.458,-0.33,0,22,-10,30,0,0,2.298,64.389,-1.611,-11.494,1,7.238,1,0.093,0.061,0,0,-0.9,0,2.3,6.532,3.632
7.242,hazard,-4.461,-0.329,0,22,-10,30,0,0,2.298,64.295,-1.609,-11.483,1,7.22,1,0.081,0.067,0,0,-0.9,0,2.3,6.514,3.614
7.25,hazard,-4.464,-0.331,0,22,-10,30,0,0,2.298,64.374,-1.606,-11.472,1,7.17,1,0.064,0.073,0,0,-0.9,0,2.3,6.495,3.595
7.258,hazard,-4.467,-0.331,0,22,-10,30,0,0,2.296,64.257,-1.603,-11.461,1,7.172,1,0.066,0.063,0,0,-0.9,0,2.3,6.477,3.577
7.267,hazard,-4.469,-0.331,0,22,-10,30,0,0,2.3,64.339,-1.6,-11.45,1,7.154,1,0.095,0.05,0,0,-0.9,0,2.3,6.458,3.558
7.275,hazard,-4.472,-0.33,0,22,-10,30,0,0,2.301,64.48,-1.598,-11.439,1,7.149,1,0.063,0.087,0,0,-0.9,0,2.3,6.439,3.539
7.283,hazard,-4.475,-0.331,0,22,-10,30,0,0,2.3,64.441,-1.595,-11.428,1,7.114,1,0.057,0.059,0,0,-0.9,0,2.3,6.421,3.521
7.292,hazard,-4.478,-0.329,0,22,-10,30,0,0,2.295,64.265,-1.592,-11.418,1,7.128,1,0.085,0.078,0,0,-0.9,0,2.3,6.402,3.502
7.3,hazard,-4.48,-0.329,0,22,-10,30,0,0,2.296,64.282,-1.589,-11.407,1,7.097,1,0.05,0.071,0,0,-0.9,0,2.3,6.384,3.484
7.308,hazard,-4.483,-0.331,0,22,-10,30,0,0,2.302,64.386,-1.587,-11.396,1,7.098,1,0.055,0.084,0,0,-0.9,0,2.3,6.365,3.465
7.317,hazard,-4.486,-0.329,0,22,-10,30,0,0,2.301,64.497,-1.584,-11.385,1,7.061,1,0.085,0.088,0,0,-0.9,0,2.3,6.347,3.447
7.325,hazard,-4.489,-0.331,0,22,-10,30,0,0,2.295,64.47,-1.581,-11.374,1,7.054,1,0.074,0.079,0,0,-0.9,0,2.3,6.328,3.428
7.333,hazard,-4.491,-0.331,0,22,-10,30,0,0,2.298,64.324,-1.578,-11.363,1,7.057,1,0.074,0.07,0,0,-0.9,0,2.3,6.31,3.41
7.342,hazard,-4.494,-0.331,0,22,-10,30,0,0,2.296,64.337,-1.576,-11.352,1,7.014,1,0.1,0.05,0,0,-0.9,0,2.3,6.291,3.391
7.35,hazard,-4.497,-0.329,0,22,-10,30,0,0,2.305,64.443,-1.573,-11.341,1,7.043,1,0.065,0.057,0,0,-0.9,0,2.3,6.273,3.373
7.358,hazard,-4.5,-0.33,0,22,-10,30,0,0,2.301,64.374,-1.57,-11.33,1,6.993,1,0.055,0.068,0,0,-0.9,0,2.3,6.254,3.354
7.367,hazard,-4.502,-0.33,0,22,-10,30,0,0,2.304,64.302,-1.567,-11.319,1,7.003,1,0.073,0.052,0,0,-0.9,0,2.3,6.236,3.336
7.375,hazard,-4.505,-0.331,0,22,-10,30,0,0,2.301,64.35,-1.565,-11.308,1,6.977,1,0.081,0.064,0,0,-0.9,0,2.3,6.217,3.317
7.383,hazard,-4.508,-0.331,0,22,-10,30,0,0,2.299,64.292,-1.562,-11.298,1,6.965,1,0.083,0.061,0,0,-0.9,0,2.3,6.199,3.299
7.392,hazard,-4.511,-0.329,0,22,-10,30,0,0,2.301,64.434,-1.559,-11.287,1,6.953,1,0.075,0.062,0,0,-0.9,0,2.3,6.18,3.28
7.4,hazard,-4.513,-0.33,0,22,-10,30,0,0,2.298,64.485,-1.556,-11.276,1,6.926,1,0.057,0.075,0,0,-0.9,0,2.3,6.162,3.262
7.408,hazard,-4.516,-0.328,0,22,-10,30,0,0,2.304,64.454,-1.554,-11.265,1,6.901,1,0.078,0.059,0,0,-0.9,0,2.3,6.143,3.243
7.417,hazard,-4.519,-0.329,0,22,-10,30,0,0,2.303,64.509,-1.551,-11.254,1,6.895,1,0.097,0.064,0,0,-0.9,0,2.3,6.125,3.225
7.425,hazard,-4.522,-0.331,0,22,-10,30,0,0,2.297,64.358,-1.548,-11.243,1,6.904,1,0.096,0.067,0,0,-0.9,0,2.3,6.106,3.206
7.433,hazard,-4.524,-0.33,0,22,-10,30,0,0,2.3,64.312,-1.546,-11.232,1,6.881,1,0.077,0.084,0,0,-0.9,0,2.3,6.088,3.188
7.442,hazard,-4.527,-0.331,0,22,-10,30,0,0,2.304,64.354,-1.543,-11.221,1,6.852,1,0.056,0.063,0,0,-0.9,0,2.3,6.069,3.169
7.45,hazard,-4.53,-0.329,0,22,-10,30,0,0,2.304,64.325,-1.54,-11.21,1,6.847,1,0.058,0.073,0,0,-0.9,0,2.3,6.051,3.151
7.458,hazard,-4.533,-0.328,0,22,-10,30,0,0,2.299,64.463,-1.537,-11.199,1,6.82,1,0.091,0.077,0,0,-0.9,0,2.3,6.032,3.132
7.467,hazard,-4.535,-0.329,0,22,-10,30,0,0,2.301,64.494,-1.535,-11.188,1,6.842,1,0.074,0.066,0,0,-0.9,0,2.3,6.014,3.114
7.475,hazard,-4.538,-0.331,0,22,-10,30,0,0,2.302,64.434,-1.532,-11.178,1,6.817,1,0.085,0.084,0,0,-0.9,0,2.3,5.995,3.095
7.483,hazard,-4.541,-0.329,0,22,-10,30,0,0,2.303,64.348,-1.529,-11.167,1,6.821,1,0.089,0.071,0,0,-0.9,0,2.3,5.977,3.077
7.492,hazard,-4.544,-0.332,0,22,-10,30,0,0,2.302,64.455,-1.526,-11.156,1,6.787,1,0.075,0.066,0,0,-0.9,0,2.3,5.958,3.058
7.5,hazard,-4.546,-0.329,0,22,-10,30,0,0,2.298,64.513,-1.524,-11.145,1,6.762,1,0.087,0.079,0,0,-0.9,0,2.3,5.94,3.04
7.508,hazard,-4.549,-0.329,0,22,-10,30,0,0,2.296,64.33,-1.521,-11.134,1,6.746,1,0.064,0.079,0,0,-0.9,0,2.3,5.921,3.021
7.517,hazard,-4.552,-0.331,0,22,-10,30,0,0,2.303,64.487,-1.518,-11.123,1,6.723,1,0.067,0.062,0,0,-0.9,0,2.3,5.903,3.003
7.525,hazard,-4.555,-0.331,0,22,-10,30,0,0,2.296,64.261,-1.515,-11.112,1,6.741,1,0.066,0.061,0,0,-0.9,0,2.3,5.884,2.984
7.533,hazard,-4.557,-0.329,0,22,-10,30,0,0,2.296,64.364,-1.513,-11.101,1,6.732,1,0.098,0.081,0,0,-0.9,0,2.3,5.866,2.966
7.542,hazard,-4.56,-0.328,0,22,-10,30,0,0,2.301,64.439,-1.51,-11.09,1,6.719,1,0.099,0.057,0,0,-0.9,0,2.3,5.847,2.947
7.55,hazard,-4.563,-0.331,0,22,-10,30,0,0,2.301,64.429,-1.507,-11.079,1,6.702,1,0.074,0.06,0,0,-0.9,0,2.3,5.829,2.929
7.558,hazard,-4.566,-0.33,0,22,-10,30,0,0,2.297,64.331,-1.504,-11.068,1,6.656,1,0.079,0.057,0,0,-0.9,0,2.3,5.81,2.91
7.567,hazard,-4.568,-0.33,0,22,-10,30,0,0,2.3,64.519,-1.502,-11.058,1,6.68,1,0.082,0.089,0,0,-0.9,0,2.3,5.792,2.892
7.575,hazard,-4.571,-0.329,0,22,-10,30,0,0,2.303,64.399,-1.499,-11.047,1,6.661,1,0.072,0.06,0,0,-0.9,0,2.3,5.773,2.873
7.583,hazard,-4.574,-0.33,0,22,-10,30,0,0,2.304,64.51,-1.496,-11.036,1,6.633,1,0.076,0.09,0,0,-0.9,0,2.3,5.755,2.855
7.592,hazard,-4.577,-0.331,0,22,-10,30,0,0,2.303,64.245,-1.493,-11.025,1,6.616,1,0.053,0.072,0,0,-0.9,0,2.3,5.736,2.836
7.6,hazard,-4.579,-0.33,0,22,-10,30,0,0,2.303,64.266,-1.491,-11.014,1,6.583,1,0.075,0.08,0,0,-0.9,0,2.3,5.718,2.818
7.608,hazard,-4.582,-0.329,0,22,-10,30,0,0,2.296,64.431,-1.488,-11.003,1,6.59,1,0.092,0.073,0,0,-0.9,0,2.3,5.699,2.799
7.617,hazard,-4.585,-0.329,0,22,-10,30,0,0,2.296,64.456,-1.485,-10.992,1,6.556,1,0.055,0.07,0,0,-0.9,0,2.3,5.681,2.781
7.625,hazard,-4.588,-0.33,0,22,-10,30,0,0,2.299,64.386,-1.482,-10.981,1,6.575,1,0.064,0.073,0,0,-0.9,0,2.3,5.662,2.762
7.633,hazard,-4.59,-0.331,0,22,-10,30,0,0,2.303,64.505,-1.48,-10.97,1,6.536,1,0.064,0.073,0,0,-0.9,0,2.3,5.644,2.744
7.642,hazard,-4.593,-0.331,0,22,-10,30,0,0,2.297,64.432,-1.477,-10.959,1,6.552,1,0.089,0.06,0,0,-0.9,0,2.3,5.625,2.725
7.65,hazard,-4.596,-0.331,0,22,-10,30,0,0,2.305,64.521,-1.474,-10.948,1,6.545,1,0.075,0.073,0,0,-0.9,0,2.3,5.607,2.707
7.658,hazard,-4.599,-0.33,0,22,-10,30,0,0,2.304,64.435,-1.471,-10.938,1,6.522,1,0.086,0.067,0,0,-0.9,0,2.3,5.588,2.688
7.667,hazard,-4.601,-0.328,0,22,-10,30,0,0,2.295,64.422,-1.469,-10.927,1,6.473,1,0.065,0.085,0,0,-0.9,0,2.3,5.57,2.67
7.675,hazard,-4.604,-0.33,0,22,-10,30,0,0,2.296,64.365,-1.466,-10.916,1,6.46,1,0.085,0.064,0,0,-0.9,0,2.3,5.552,2.652
7.683,hazard,-4.607,-0.33,0,22,-10,30,0,0,2.302,64.328,-1.463,-10.905,1,6.478,1,0.074,0.08,0,0,-0.9,0,2.3,5.533,2.633
7.692,hazard,-4.61,-0.329,0,22,-10,30,0,0,2.296,64.295,-1.46,-10.894,1,6.437,1,0.056,0.069,0,0,-0.9,0,2.3,5.515,2.615
7.7,hazard,-4.612,-0.331,0,22,-10,30,0,0,2.301,64.395,-1.458,-10.883,1,6.446,1,0.05,0.078,0,0,-0.9,0,2.3,5.496,2.596
7.708,hazard,-4.615,-0.33,0,22,-10,30,0,0,2.297,64.245,-1.455,-10.872,1,6.414,1,0.084,0.081,0,0,-0.9,0,2.3,5.478,2.578
7.717,hazard,-4.618,-0.331,0,22,-10,30,0,0,2.297,64.395,-1.452,-10.861,1,6.4,1,0.078,0.061,0,0,-0.9,0,2.3,5.459,2.559
7.725,hazard,-4.621,-0.33,0,22,-10,30,0,0,2.305,64.343,-1.449,-10.85,1,6.421,1,0.067,0.089,0,0,-0.9,0,2.3,5.441,2.541
7.733,hazard,-4.623,-0.331,0,22,-10,30,0,0,2.298,64.499,-1.447,-10.839,1,6.39,1,0.054,0.069,0,0,-0.9,0,2.3,5.422,2.522
7.742,hazard,-4.626,-0.331,0,22,-10,30,0,0,2.301,64.368,-1.444,-10.828,1,6.366,1,0.098,0.066,0,0,-0.9,0,2.3,5.404,2.504
7.75,hazard,-4.629,-0.331,0,22,-10,30,0,0,2.299,64.495,-1.441,-10.818,1,6.35,1,0.067,0.069,0,0,-0.9,0,2.3,5.385,2.485
7.758,hazard,-4.632,-0.331,0,22,-10,30,0,0,2.302,64.406,-1.438,-10.807,1,6.33,1,0.09,0.082,0,0,-0.9,0,2.3,5.367,2.467
7.767,hazard,-4.634,-0.329,0,22,-10,30,0,0,2.301,64.458,-1.436,-10.796,1,6.303,1,0.062,0.085,0,0,-0.9,0,2.3,5.348,2.448
7.775,hazard,-4.637,-0.329,0,22,-10,30,0,0,2.297,64.34,-1.433,-10.785,1,6.294,1,0.075,0.07,0,0,-0.9,0,2.3,5.33,2.43
7.783,hazard,-4.64,-0.331,0,22,-10,30,0,0,2.299,64.31,-1.43,-10.774,1,6.297,1,0.069,0.081,0,0,-0.9,0,2.3,5.311,2.411
7.792,hazard,-4.643,-0.329,0,22,-10,30,0,0,2.297,64.373,-1.427,-10.763,1,6.289,1,0.071,0.073,0,0,-0.9,0,2.3,5.293,2.393
7.8,hazard,-4.645,-0.33,0,22,-10,30,0,0,2.295,64.311,-1.425,-10.752,1,6.257,1,0.061,0.06,0,0,-0.9,0,2.3,5.274,2.374
7.808,hazard,-4.648,-0.33,0,22,-10,30,0,0,2.298,64.451,-1.422,-10.741,1,6.27,1,0.072,0.065,0,0,-0.9,0,2.3,5.256,2.356
7.817,hazard,-4.651,-0.328,0,22,-10,30,0,0,2.298,64.246,-1.419,-10.73,1,6.247,1,0.06,0.087,0,0,-0.9,0,2.3,5.237,2.337
7.825,hazard,-4.654,-0.331,0,22,-10,30,0,0,2.299,64.274,-1.416,-10.719,1,6.223,1,0.064,0.057,0,0,-0.9,0,2.3,5.219,2.319
7.833,hazard,-4.656,-0.329,0,22,-10,30,0,0,2.301,64.3,-1.414,-10.708,1,6.238,1,0.052,0.078,0,0,-0.9,0,2.3,5.201,2.301
7.842,hazard,-4.659,-0.331,0,22,-10,30,0,0,2.298,64.347,-1.411,-10.698,1,6.186,1,0.08,0.085,0,0,-0.9,0,2.3,5.182,2.282
7.85,hazard,-4.662,-0.33,0,22,-10,30,0,0,2.297,64.416,-1.408,-10.687,1,6.204,1,0.067,0.088,0,0,-0.9,0,2.3,5.164,2.264
7.858,hazard,-4.665,-0.33,0,22,-10,30,0,0,2.303,64.38,-1.406,-10.676,1,6.165,1,0.065,0.058,0,0,-0.9,0,2.3,5.145,2.245
7.867,hazard,-4.667,-0.331,0,22,-10,30,0,0,2.297,64.319,-1.403,-10.665,1,6.154,1,0.089,0.081,0,0,-0.9,0,2.3,5.127,2.227
7.875,hazard,-4.67,-0.329,0,22,-10,30,0,0,2.303,64.465,-1.4,-10.654,1,6.122,1,0.076,0.068,0,0,-0.9,0,2.3,5.108,2.208
7.883,hazard,-4.673,-0.331,0,22,-10,30,0,0,2.304,64.309,-1.397,-10.643,1,6.119,1,0.093,0.059,0,0,-0.9,0,2.3,5.09,2.19
7.892,hazard,-4.676,-0.331,0,22,-10,30,0,0,2.3,64.528,-1.395,-10.632,1,6.131,1,0.061,0.063,0,0,-0.9,0,2.3,5.071,2.171
7.9,hazard,-4.678,-0.331,0,22,-10,30,0,0,2.297,64.49,-1.392,-10.621,1,6.119,1,0.082,0.073,0,0,-0.9,0,2.3,5.053,2.153
7.908,hazard,-4.681,-0.331,0,22,-10,30,0,0,2.296,64.251,-1.389,-10.61,1,6.084,1,0.062,0.074,0,0,-0.9,0,2.3,5.034,2.134
7.917,hazard,-4.684,-0.33,0,22,-10,30,0,0,2.302,64.3,-1.386,-10.599,1,6.094,1,0.064,0.075,0,0,-0.9,0,2.3,5.016,2.116
7.925,hazard,-4.687,-0.33,0,22,-10,30,0,0,2.302,64.536,-1.384,-10.588,1,6.068,1,0.07,0.066,0,0,-0.9,0,2.3,4.998,2.098
7.933,hazard,-4.689,-0.328,0,22,-10,30,0,0,2.304,64.306,-1.381,-10.578,1,6.03,1,0.078,0.069,0,0,-0.9,0,2.3,4.979,2.079
7.942,hazard,-4.692,-0.329,0,22,-10,30,0,0,2.297,64.536,-1.378,-10.567,1,6.053,1,0.088,0.055,0,0,-0.9,0,2.3,4.961,2.061
7.95,hazard,-4.695,-0.33,0,22,-10,30,0,0,2.303,64.284,-1.375,-10.556,1,6.033,1,0.075,0.061,0,0,-0.9,0,2.3,4.942,2.042
7.958,hazard,-4.698,-0.331,0,22,-10,30,0,0,2.301,64.441,-1.373,-10.545,1,6.027,1,0.052,0.081,0,0,-0.9,0,2.3,4.924,2.024
7.967,hazard,-4.7,-0.328,0,22,-10,30,0,0,2.295,64.376,-1.37,-10.534,1,5.971,1,0.066,0.053,0,0,-0.9,0,2.3,4.905,2.005
7.975,intervention,-4.703,-0.316,0,22,-10,30,0,0,2.295,64.3,-1.367,-10.523,1,5.979,1,0.099,0.072,0,0,-0.9,0,2.3,4.887,1.987
7.983,intervention,-4.705,-0.3,0,22,-10,30,0,0,2.302,64.37,-1.364,-10.512,1,5.954,1,0.065,0.079,0,0,-0.9,0,2.3,4.868,1.968
7.992,intervention,-4.708,-0.285,0,22,-10,30,0,0,2.299,64.49,-1.362,-10.501,1,5.944,1,0.097,0.068,0,0,-0.9,0,2.3,4.85,1.95
8,intervention,-4.71,-0.269,0,22,-10,30,0,0,2.304,64.501,-1.359,-10.49,1,5.921,1,0.081,0.067,0,0,-0.9,0,2.3,4.832,1.932
8.008,intervention,-4.712,-0.256,0,22,-10,30,0,0,2.298,64.464,-1.356,-10.479,1,5.944,1,0.055,0.052,0,0,-0.9,0,2.3,4.813,1.913
8.017,intervention,-4.714,-0.24,0,22,-10,30,0,0,2.299,64.398,-1.353,-10.468,1,5.897,1,0.092,0.069,0,0,-0.9,0,2.3,4.795,1.895
8.025,intervention,-4.716,-0.226,0,22,-10,30,0,0,2.301,64.474,-1.351,-10.458,1,5.886,1,0.074,0.09,0,0,-0.9,0,2.3,4.776,1.876
8.033,intervention,-4.718,-0.21,0,22,-10,30,0,0,2.303,64.488,-1.348,-10.447,1,5.862,1,0.098,0.06,0,0,-0.9,0,2.3,4.758,1.858
8.042,intervention,-4.719,-0.196,0,22,-10,30,0,0,2.305,64.31,-1.345,-10.436,1,5.88,1,0.095,0.054,0,0,-0.9,0,2.3,4.739,1.839
8.05,intervention,-4.721,-0.181,0,22,-10,30,0,0,2.302,64.482,-1.342,-10.425,1,5.862,1,0.08,0.085,0,0,-0.9,0,2.3,4.721,1.821
8.058,intervention,-4.722,-0.166,0,22,-10,30,0,0,2.301,64.365,-1.34,-10.414,1,5.823,1,0.062,0.05,0,0,-0.9,0,2.3,4.702,1.802
8.067,intervention,-4.724,-0.15,0,22,-10,30,0,0,2.301,64.433,-1.337,-10.403,1,5.84,1,0.072,0.05,0,0,-0.9,0,2.3,4.684,1.784
8.075,intervention,-4.725,-0.135,0,22,-10,30,0,0,2.301,64.46,-1.334,-10.392,1,5.798,1,0.09,0.088,0,0,-0.9,0,2.3,4.666,1.766
8.083,intervention,-4.726,-0.12,0,22,-10,30,0,0,2.305,64.45,-1.331,-10.381,1,5.809,1,0.095,0.062,0,0,-0.9,0,2.3,4.647,1.747
8.092,intervention,-4.727,-0.105,0,22,-10,30,0,0,2.302,64.263,-1.329,-10.37,1,5.819,1,0.093,0.054,0,0,-0.9,0,2.3,4.629,1.729
8.1,intervention,-4.727,-0.09,0,22,-10,30,0,0,2.301,64.494,-1.326,-10.359,1,5.809,1,0.078,0.082,0,0,-0.9,0,2.3,4.61,1.71
8.108,intervention,-4.728,-0.075,0,22,-10,30,0,0,2.298,64.293,-1.323,-10.348,1,5.788,1,0.059,0.083,0,0,-0.9,0,2.3,4.592,1.692
8.117,intervention,-4.728,-0.06,0,22,-10,30,0,0,2.305,64.432,-1.32,-10.337,1,5.743,1,0.099,0.076,0,0,-0.9,0,2.3,4.574,1.674
8.125,intervention,-4.729,-0.045,0,22,-10,30,0,0,2.295,64.504,-1.318,-10.327,1,5.731,1,0.08,0.086,0,0,-0.9,0,2.3,4.555,1.655
8.133,intervention,-4.729,-0.03,0,22,-10,30,0,0,2.304,64.505,-1.315,-10.316,1,5.727,1,0.091,0.082,0,0,-0.9,0,2.3,4.537,1.637
8.142,intervention,-4.729,-0.015,0,22,-10,30,0,0,2.298,64.547,-1.312,-10.305,1,5.719,1,0.066,0.068,0,0,-0.9,0,2.3,4.518,1.618
8.15,intervention,-4.729,0,0,22,-10,30,0,0,2.296,64.406,-1.309,-10.294,1,5.693,1,0.055,0.059,0,0,-0.9,0,2.3,4.5,1.6
8.158,intervention,-4.729,0,0,22,-10,30,0,0,2.304,64.547,-1.307,-10.283,1,5.711,1,0.096,0.073,0,0,-0.9,0,2.3,4.481,1.581
8.167,intervention,-4.729,0,0,22,-10,30,0,0,2.299,64.425,-1.304,-10.272,1,5.693,1,0.064,0.056,0,0,-0.9,0,2.3,4.463,1.563
8.175,intervention,-4.729,0,0,22,-10,30,0,0,2.304,64.269,-1.301,-10.261,1,5.705,1,0.099,0.06,0,0,-0.9,0,2.3,4.445,1.545
8.183,intervention,-4.729,0,0,22,-10,30,0,0,2.302,64.285,-1.298,-10.25,1,5.665,1,0.094,0.078,0,0,-0.9,0,2.3,4.426,1.526
8.192,intervention,-4.729,0,0,22,-10,30,0,0,2.295,64.359,-1.296,-10.239,1,5.672,1,0.079,0.061,0,0,-0.9,0,2.3,4.408,1.508
8.2,intervention,-4.729,0,0,22,-10,30,0,0,2.301,64.42,-1.293,-10.228,1,5.638,1,0.062,0.052,0,0,-0.9,0,2.3,4.389,1.489
8.208,intervention,-4.729,0,0,22,-10,30,0,0,2.303,64.306,-1.29,-10.217,1,5.614,1,0.068,0.077,0,0,-0.9,0,2.3,4.371,1.471
8.217,intervention,-4.729,0,0,22,-10,30,0,0,2.305,64.411,-1.287,-10.207,1,5.619,1,0.056,0.068,0,0,-0.9,0,2.3,4.353,1.453
8.225,intervention,-4.729,0,0,22,-10,30,0,0,2.304,64.481,-1.285,-10.196,1,5.6,1,0.088,0.086,0,0,-0.9,0,2.3,4.334,1.434
8.233,intervention,-4.729,0,0,22,-10,30,0,0,2.302,64.492,-1.282,-10.185,1,5.592,1,0.054,0.081,0,0,-0.9,0,2.3,4.316,1.416
8.242,intervention,-4.729,0,0,22,-10,30,0,0,2.303,64.364,-1.279,-10.174,1,5.594,1,0.072,0.074,0,0,-0.9,0,2.3,4.297,1.397
8.25,intervention,-4.729,0,0,22,-10,30,0,0,2.296,64.305,-1.276,-10.163,1,5.593,1,0.088,0.082,0,0,-0.9,0,2.3,4.279,1.379
8.258,intervention,-4.729,0,0,22,-10,30,0,0,2.299,64.484,-1.274,-10.152,1,5.572,1,0.055,0.059,0,0,-0.9,0,2.3,4.261,1.361
8.267,intervention,-4.729,0,0,22,-10,30,0,0,2.299,64.314,-1.271,-10.141,1,5.541,1,0.057,0.055,0,0,-0.9,0,2.3,4.242,1.342
8.275,intervention,-4.729,0,0,22,-10,30,0,0,2.304,64.346,-1.268,-10.13,1,5.524,1,0.056,0.059,0,0,-0.9,0,2.3,4.224,1.324
8.283,intervention,-4.729,0,0,22,-10,30,0,0,2.297,64.386,-1.266,-10.119,1,5.517,1,0.082,0.071,0,0,-0.9,0,2.3,4.205,1.305
8.292,intervention,-4.729,0,0,22,-10,30,0,0,2.296,64.429,-1.263,-10.108,1,5.541,1,0.097,0.055,0,0,-0.9,0,2.3,4.187,1.287
8.3,intervention,-4.729,0,0,22,-10,30,0,0,2.297,64.409,-1.26,-10.097,1,5.531,1,0.061,0.052,0,0,-0.9,0,2.3,4.169,1.269
8.308,intervention,-4.729,0,0,22,-10,30,0,0,2.301,64.323,-1.257,-10.087,1,5.508,1,0.069,0.086,0,0,-0.9,0,2.3,4.15,1.25
8.317,intervention,-4.729,0,0,22,-10,30,0,0,2.3,64.555,-1.255,-10.076,1,5.512,1,0.073,0.067,0,0,-0.9,0,2.3,4.132,1.232
8.325,intervention,-4.729,0,0,22,-10,30,0,0,2.296,64.51,-1.252,-10.065,1,5.494,1,0.058,0.059,0,0,-0.9,0,2.3,4.114,1.214
8.333,intervention,-4.729,0,0,22,-10,30,0,0,2.3,64.334,-1.249,-10.054,1,5.489,1,0.063,0.074,0,0,-0.9,0,2.3,4.095,1.195
8.342,intervention,-4.729,0,0,22,-10,30,0,0,2.304,64.335,-1.246,-10.043,1,5.439,1,0.089,0.071,0,0,-0.9,0,2.3,4.077,1.177
8.35,intervention,-4.729,0,0,22,-10,30,0,0,2.302,64.287,-1.244,-10.032,1,5.446,1,0.088,0.073,0,0,-0.9,0,2.3,4.058,1.158
8.358,intervention,-4.729,0,0,22,-10,30,0,0,2.296,64.35,-1.241,-10.021,1,5.423,1,0.077,0.055,0,0,-0.9,0,2.3,4.04,1.14
8.367,intervention,-4.729,0,0,22,-10,30,0,0,2.303,64.399,-1.238,-10.01,1,5.417,1,0.087,0.081,0,0,-0.9,0,2.3,4.022,1.122
8.375,intervention,-4.729,0,0,22,-10,30,0,0,2.301,64.446,-1.235,-9.999,1,5.427,1,0.057,0.078,0,0,-0.9,0,2.3,4.003,1.103
8.383,intervention,-4.729,0,0,22,-10,30,0,0,2.299,64.341,-1.233,-9.988,1,5.403,1,0.095,0.065,0,0,-0.9,0,2.3,3.985,1.085
8.392,intervention,-4.729,0,0,22,-10,30,0,0,2.3,64.556,-1.23,-9.977,1,5.4,1,0.053,0.065,0,0,-0.9,0,2.3,3.967,1.067
8.4,intervention,-4.729,0,0,22,-10,30,0,0,2.301,64.331,-1.227,-9.967,1,5.355,1,0.092,0.052,0,0,-0.9,0,2.3,3.948,1.048
8.408,intervention,-4.729,0,0,22,-10,30,0,0,2.304,64.458,-1.224,-9.956,1,5.352,1,0.054,0.08,0,0,-0.9,0,2.3,3.93,1.03
8.417,intervention,-4.729,0,0,22,-10,30,0,0,2.299,64.392,-1.222,-9.945,1,5.367,1,0.095,0.08,0,0,-0.9,0,2.3,3.912,1.012
8.425,intervention,-4.729,0,0,22,-10,30,0,0,2.299,64.495,-1.219,-9.934,1,5.357,1,0.058,0.062,0,0,-0.9,0,2.3,3.893,0.993
8.433,intervention,-4.729,0,0,22,-10,30,0,0,2.299,64.492,-1.216,-9.923,1,5.333,1,0.083,0.078,0,0,-0.9,0,2.3,3.875,0.975
8.442,intervention,-4.729,0,0,22,-10,30,0,0,2.304,64.376,-1.213,-9.912,1,5.323,1,0.067,0.089,0,0,-0.9,0,2.3,3.857,0.957
8.45,intervention,-4.729,0,0,22,-10,30,0,0,2.302,64.35,-1.211,-9.901,1,5.298,1,0.089,0.053,0,0,-0.9,0,2.3,3.838,0.938
8.458,intervention,-4.729,0,0,22,-10,30,0,0,2.297,64.533,-1.208,-9.89,1,5.28,1,0.059,0.074,0,0,-0.9,0,2.3,3.82,0.92
8.467,intervention,-4.729,0,0,22,-10,30,0,0,2.299,64.357,-1.205,-9.879,1,5.299,1,0.075,0.067,0,0,-0.9,0,2.3,3.802,0.902
8.475,intervention,-4.729,0,0,22,-10,30,0,0,2.298,64.424,-1.202,-9.868,1,5.278,1,0.061,0.089,0,0,-0.9,0,2.3,3.783,0.883
8.483,intervention,-4.729,0,0,22,-10,30,0,0,2.295,64.522,-1.2,-9.857,1,5.244,1,0.085,0.079,0,0,-0.9,0,2.3,3.765,0.865
8.492,intervention,-4.729,0,0,22,-10,30,0,0,2.298,64.536,-1.197,-9.847,1,5.263,1,0.073,0.089,0,0,-0.9,0,2.3,3.747,0.847
8.5,intervention,-4.729,0,0,22,-10,30,0,0,2.295,64.353,-1.194,-9.836,1,5.266,1,0.088,0.067,0,0,-0.9,0,2.3,3.728,0.828
8.508,intervention,-4.729,0,0,22,-10,30,0,0,2.298,64.424,-1.191,-9.825,1,5.231,1,0.084,0.056,0,0,-0.9,0,2.3,3.71,0.81
8.517,intervention,-4.729,0,0,22,-10,30,0,0,2.304,64.31,-1.189,-9.814,1,5.221,1,0.072,0.062,0,0,-0.9,0,2.3,3.692,0.792
8.525,intervention,-4.729,0,0,22,-10,30,0,0,2.297,64.332,-1.186,-9.803,1,5.206,1,0.064,0.078,0,0,-0.9,0,2.3,3.673,0.773
8.533,intervention,-4.729,0,0,22,-10,30,0,0,2.302,64.489,-1.183,-9.792,1,5.204,1,0.067,0.071,0,0,-0.9,0,2.3,3.655,0.755
8.542,intervention,-4.729,0,0,22,-10,30,0,0,2.299,64.415,-1.18,-9.781,1,5.193,1,0.072,0.078,0,0,-0.9,0,2.3,3.637,0.737
8.55,intervention,-4.729,0,0,22,-10,30,0,0,2.301,64.312,-1.178,-9.77,1,5.193,1,0.054,0.061,0,0,-0.9,0,2.3,3.618,0.718
8.558,intervention,-4.729,0,0,22,-10,30,0,0,2.297,64.337,-1.175,-9.759,1,5.177,1,0.077,0.087,0,0,-0.9,0,2.3,3.6,0.7
8.567,intervention,-4.729,0,0,22,-10,30,0,0,2.295,64.428,-1.172,-9.748,1,5.148,1,0.074,0.053,0,0,-0.9,0,2.3,3.582,0.682
8.575,intervention,-4.729,0,0,22,-10,30,0,0,2.297,64.339,-1.169,-9.737,1,5.127,1,0.059,0.052,0,0,-0.9,0,2.3,3.564,0.664
8.583,intervention,-4.729,0,0,22,-10,30,0,0,2.296,64.514,-1.167,-9.727,1,5.138,1,0.093,0.063,0,0,-0.9,0,2.3,3.545,0.645
8.592,intervention,-4.729,0,0,22,-10,30,0,0,2.297,64.525,-1.164,-9.716,1,5.112,1,0.097,0.059,0,0,-0.9,0,2.3,3.527,0.627
8.6,intervention,-4.729,0,0,22,-10,30,0,0,2.3,64.32,-1.161,-9.705,1,5.117,1,0.076,0.087,0,0,-0.9,0,2.3,3.509,0.609
8.608,intervention,-4.729,0,0,22,-10,30,0,0,2.298,64.457,-1.158,-9.694,1,5.092,1,0.084,0.061,0,0,-0.9,0,2.3,3.49,0.59
8.617,intervention,-4.729,0,0,22,-10,30,0,0,2.302,64.502,-1.156,-9.683,1,5.094,1,0.095,0.068,0,0,-0.9,0,2.3,3.472,0.572
8.625,intervention,-4.729,0,0,22,-10,30,0,0,2.299,64.305,-1.153,-9.672,1,5.06,1,0.063,0.06,0,0,-0.9,0,2.3,3.454,0.554
8.633,intervention,-4.729,0,0,22,-10,30,0,0,2.303,64.323,-1.15,-9.661,1,5.065,1,0.057,0.068,0,0,-0.9,0,2.3,3.436,0.536
8.642,intervention,-4.729,0,0,22,-10,30,0,0,2.301,64.579,-1.147,-9.65,1,5.074,1,0.083,0.053,0,0,-0.9,0,2.3,3.417,0.517
8.65,intervention,-4.729,0,0,22,-10,30,0,0,2.296,64.354,-1.145,-9.639,1,5.053,1,0.086,0.066,0,0,-0.9,0,2.3,3.399,0.499
8.658,intervention,-4.729,0,0,22,-10,30,0,0,2.301,64.411,-1.142,-9.628,1,5.014,1,0.074,0.071,0,0,-0.9,0,2.3,3.381,0.481
8.667,intervention,-4.729,0,0,22,-10,30,0,0,2.298,64.579,-1.139,-9.617,1,5.004,1,0.067,0.074,0,0,-0.9,0,2.3,3.363,0.463
8.675,intervention,-4.729,0,0,22,-10,30,0,0,2.304,64.385,-1.136,-9.607,1,4.996,1,0.083,0.088,0,0,-0.9,0,2.3,3.344,0.444
8.683,intervention,-4.729,0,0,22,-10,30,0,0,2.305,64.312,-1.134,-9.596,1,5.01,1,0.061,0.063,0,0,-0.9,0,2.3,3.326,0.426
8.692,intervention,-4.729,0,0,22,-10,30,0,0,2.297,64.345,-1.131,-9.585,1,4.963,1,0.053,0.076,0,0,-0.9,0,2.3,3.308,0.408
8.7,intervention,-4.729,0,0,22,-10,30,0,0,2.301,64.46,-1.128,-9.574,1,4.984,1,0.096,0.087,0,0,-0.9,0,2.3,3.29,0.39
8.708,intervention,-4.729,0,0,22,-10,30,0,0,2.295,64.418,-1.126,-9.563,1,4.948,1,0.071,0.08,0,0,-0.9,0,2.3,3.271,0.371
8.717,intervention,-4.729,0,0,22,-10,30,0,0,2.305,64.464,-1.123,-9.552,1,4.947,1,0.052,0.068,0,0,-0.9,0,2.3,3.253,0.353
8.725,intervention,-4.729,0,0,22,-10,30,0,0,2.295,64.518,-1.12,-9.541,1,4.941,1,0.06,0.068,0,0,-0.9,0,2.3,3.235,0.335
8.733,intervention,-4.729,0,0,22,-10,30,0,0,2.301,64.356,-1.117,-9.53,1,4.921,1,0.072,0.053,0,0,-0.9,0,2.3,3.217,0.317
8.742,intervention,-4.729,0,0,22,-10,30,0,0,2.3,64.323,-1.115,-9.519,1,4.9,1,0.052,0.081,0,0,-0.9,0,2.3,3.198,0.298
8.75,intervention,-4.729,0,0,22,-10,30,0,0,2.297,64.391,-1.112,-9.508,1,4.885,1,0.084,0.065,0,0,-0.9,0,2.3,3.18,0.28
8.758,intervention,-4.729,0,0,22,-10,30,0,0,2.295,64.564,-1.109,-9.497,1,4.903,1,0.097,0.062,0,0,-0.9,0,2.3,3.162,0.262
8.767,intervention,-4.729,0,0,22,-10,30,0,0,2.299,64.326,-1.106,-9.487,1,4.896,1,0.059,0.059,0,0,-0.9,0,2.3,3.144,0.244
8.775,intervention,-4.729,0,0,22,-10,30,0,0,2.305,64.48,-1.104,-9.476,1,4.873,1,0.064,0.061,0,0,-0.9,0,2.3,3.126,0.226
8.783,intervention,-4.729,0,0,22,-10,30,0,0,2.295,64.403,-1.101,-9.465,1,4.841,1,0.086,0.09,0,0,-0.9,0,2.3,3.107,0.207
8.792,intervention,-4.729,0,0,22,-10,30,0,0,2.304,64.586,-1.098,-9.454,1,4.853,1,0.066,0.062,0,0,-0.9,0,2.3,3.089,0.189
8.8,intervention,-4.729,0,0,22,-10,30,0,0,2.299,64.295,-1.095,-9.443,1,4.848,1,0.063,0.069,0,0,-0.9,0,2.3,3.071,0.171
8.808,intervention,-4.729,0,0,22,-10,30,0,0,2.296,64.296,-1.093,-9.432,1,4.807,1,0.09,0.071,0,0,-0.9,0,2.3,3.053,0.153
8.817,intervention,-4.729,0,0,22,-10,30,0,0,2.303,64.374,-1.09,-9.421,1,4.813,1,0.094,0.073,0,0,-0.9,0,2.3,3.035,0.135
8.825,intervention,-4.729,0,0,22,-10,30,0,0,2.296,64.433,-1.087,-9.41,1,4.804,1,0.08,0.056,0,0,-0.9,0,2.3,3.017,0.117
8.833,intervention,-4.729,0,0,22,-10,30,0,0,2.299,64.459,-1.084,-9.399,1,4.803,1,0.074,0.073,0,0,-0.9,0,2.3,2.998,0.098
8.842,intervention,-4.729,0,0,22,-10,30,0,0,2.3,64.447,-1.082,-9.388,1,4.777,1,0.095,0.054,0,0,-0.9,0,2.3,2.98,0.08
8.85,intervention,-4.729,0,0,22,-10,30,0,0,2.304,64.477,-1.079,-9.377,1,4.766,1,0.084,0.052,0,0,-0.9,0,2.3,2.962,0.062
8.858,intervention,-4.729,0,0,22,-10,30,0,0,2.295,64.378,-1.076,-9.367,1,4.737,1,0.062,0.074,0,0,-0.9,0,2.3,2.944,0.044
8.867,intervention,-4.729,0,0,22,-10,30,0,0,2.303,64.459,-1.073,-9.356,1,4.74,1,0.078,0.087,0,0,-0.9,0,2.3,2.926,0.026
8.875,intervention,-4.729,0,0,22,-10,30,0,0,2.303,64.346,-1.071,-9.345,1,4.75,1,0.067,0.089,0,0,-0.9,0,2.3,2.908,0.008
8.883,intervention,-4.729,0,0,22,-10,30,0,0,2.297,64.566,-1.057,-9.345,1,4.722,1,0.063,0.053,0,0,0,0,2.3,2.89,0
8.892,intervention,-4.729,0,0,22,-10,30,0,0,2.298,64.312,-1.044,-9.345,1,4.743,1,0.091,0.084,0,0,0,0,2.3,2.89,0
8.9,intervention,-4.729,0,0,22,-10,30,0,0,2.302,64.558,-1.031,-9.345,1,4.71,1,0.094,0.056,0,0,0,0,2.3,2.89,0
8.908,intervention,-4.729,0,0,22,-10,30,0,0,2.295,64.348,-1.017,-9.345,1,4.734,1,0.085,0.087,0,0,0,0,2.3,2.89,0
8.917,intervention,-4.729,0,0,22,-10,30,0,0,2.297,64.524,-1.004,-9.345,1,4.723,1,0.095,0.089,0,0,0,0,2.3,2.89,0
8.925,intervention,-4.729,0,0,22,-10,30,0,0,2.295,64.396,-0.991,-9.345,1,4.742,1,0.066,0.077,0,0,0,0,2.3,2.89,0
8.933,intervention,-4.729,0,0,22,-10,30,0,0,2.3,64.565,-0.977,-9.345,1,4.722,1,0.096,0.088,0,0,0,0,2.3,2.89,0
8.942,intervention,-4.729,0,0,22,-10,30,0,0,2.302,64.418,-0.964,-9.345,1,4.708,1,0.066,0.054,0,0,0,0,2.3,2.89,0
8.95,intervention,-4.729,0,0,22,-10,30,0,0,2.297,64.551,-0.951,-9.345,1,4.699,1,0.079,0.069,0,0,0,0,2.3,2.89,0
8.958,intervention,-4.729,0,0,22,-10,30,0,0,2.301,64.526,-0.937,-9.345,1,4.724,1,0.093,0.088,0,0,0,0,2.3,2.89,0
8.967,intervention,-4.729,0,0,22,-10,30,0,0,2.301,64.518,-0.924,-9.345,1,4.683,1,0.052,0.086,0,0,0,0,2.3,2.89,0
8.975,intervention,-4.729,0,0,22,-10,30,0,0,2.3,64.39,-0.911,-9.345,1,4.725,1,0.057,0.063,0,0,0,0,2.3,2.89,0
8.983,intervention,-4.729,0,0,22,-10,30,0,0,2.297,64.562,-0.897,-9.345,1,4.688,1,0.071,0.062,0,0,0,0,2.3,2.89,0
8.992,intervention,-4.729,0,0,22,-10,30,0,0,2.303,64.384,-0.884,-9.345,1,4.709,1,0.053,0.063,0,0,0,0,2.3,2.89,0
9,intervention,-4.729,0,0,22,-10,30,0,0,2.298,64.56,-0.871,-9.345,1,4.676,1,0.064,0.061,0,0,0,0,2.3,2.89,0
9.008,intervention,-4.729,0,0,22,-10,30,0,0,2.295,64.541,-0.857,-9.345,1,4.697,1,0.072,0.071,0,0,0,0,2.3,2.89,0
9.017,intervention,-4.729,0,0,22,-10,30,0,0,2.3,64.534,-0.844,-9.345,1,4.679,1,0.07,0.089,0,0,0,0,2.3,2.89,0
9.025,intervention,-4.729,0,0,22,-10,30,0,0,2.302,64.325,-0.831,-9.345,1,4.674,1,0.094,0.061,0,0,0,0,2.3,2.89,0
9.033,intervention,-4.729,0,0,22,-10,30,0,0,2.299,64.341,-0.817,-9.345,1,4.702,1,0.081,0.079,0,0,0,0,2.3,2.89,0
9.042,intervention,-4.729,0,0,22,-10,30,0,0,2.298,64.571,-0.804,-9.345,1,4.672,1,0.077,0.058,0,0,0,0,2.3,2.89,0
9.05,intervention,-4.729,0,0,22,-10,30,0,0,2.295,64.425,-0.791,-9.345,1,4.675,1,0.051,0.055,0,0,0,0,2.3,2.89,0
9.058,intervention,-4.729,0,0,22,-10,30,0,0,2.295,64.413,-0.777,-9.345,1,4.703,1,0.053,0.064,0,0,0,0,2.3,2.89,0
9.067,intervention,-4.729,0,0,22,-10,30,0,0,2.3,64.305,-0.764,-9.345,1,4.658,1,0.099,0.062,0,0,0,0,2.3,2.89,0
9.075,intervention,-4.729,0,0,22,-10,30,0,0,2.302,64.35,-0.751,-9.345,1,4.68,1,0.082,0.076,0,0,0,0,2.3,2.89,0
9.083,intervention,-4.729,0,0,22,-10,30,0,0,2.297,64.512,-0.737,-9.345,1,4.674,1,0.095,0.069,0,0,0,0,2.3,2.89,0
9.092,intervention,-4.729,0,0,22,-10,30,0,0,2.298,64.482,-0.724,-9.345,1,4.655,1,0.079,0.076,0,0,0,0,2.3,2.89,0
9.1,intervention,-4.729,0,0,22,-10,30,0,0,2.296,64.412,-0.711,-9.345,1,4.681,1,0.097,0.08,0,0,0,0,2.3,2.89,0
9.108,intervention,-4.729,0,0,22,-10,30,0,0,2.305,64.306,-0.697,-9.345,1,4.652,1,0.095,0.054,0,0,0,0,2.3,2.89,0
9.117,intervention,-4.729,0,0,22,-10,30,0,0,2.303,64.463,-0.684,-9.345,1,4.666,1,0.054,0.089,0,0,0,0,2.3,2.89,0
9.125,intervention,-4.729,0,0,22,-10,30,0,0,2.296,64.357,-0.671,-9.345,1,4.687,1,0.068,0.057,0,0,0,0,2.3,2.89,0
9.133,intervention,-4.729,0,0,22,-10,30,0,0,2.296,64.393,-0.657,-9.345,1,4.686,1,0.096,0.078,0,0,0,0,2.3,2.89,0
9.142,intervention,-4.729,0,0,22,-10,30,0,0,2.303,64.331,-0.644,-9.345,1,4.659,1,0.096,0.068,0,0,0,0,2.3,2.89,0
9.15,intervention,-4.729,0,0,22,-10,30,0,0,2.3,64.603,-0.631,-9.345,1,4.658,1,0.086,0.074,0,0,0,0,2.3,2.89,0
9.158,intervention,-4.729,0,0,22,-10,30,0,0,2.296,64.487,-0.617,-9.345,1,4.664,1,0.087,0.088,0,0,0,0,2.3,2.89,0
9.167,intervention,-4.729,0,0,22,-10,30,0,0,2.304,64.531,-0.604,-9.345,1,4.648,1,0.1,0.054,0,0,0,0,2.3,2.89,0
9.175,intervention,-4.729,0,0,22,-10,30,0,0,2.302,64.372,-0.591,-9.345,1,4.658,1,0.089,0.084,0,0,0,0,2.3,2.89,0
9.183,intervention,-4.729,0,0,22,-10,30,0,0,2.299,64.402,-0.577,-9.345,1,4.664,1,0.089,0.07,0,0,0,0,2.3,2.89,0
9.192,intervention,-4.729,0,0,22,-10,30,0,0,2.302,64.386,-0.564,-9.345,1,4.631,1,0.061,0.076,0,0,0,0,2.3,2.89,0
9.2,intervention,-4.729,0,0,22,-10,30,0,0,2.304,64.463,-0.551,-9.345,1,4.629,1,0.081,0.088,0,0,0,0,2.3,2.89,0
9.208,intervention,-4.729,0,0,22,-10,30,0,0,2.301,64.586,-0.537,-9.345,1,4.644,1,0.095,0.061,0,0,0,0,2.3,2.89,0
9.217,intervention,-4.729,0,0,22,-10,30,0,0,2.299,64.372,-0.524,-9.345,1,4.645,1,0.051,0.089,0,0,0,0,2.3,2.89,0
9.225,intervention,-4.729,0,0,22,-10,30,0,0,2.303,64.321,-0.511,-9.345,1,4.626,1,0.055,0.077,0,0,0,0,2.3,2.89,0
9.233,intervention,-4.729,0,0,22,-10,30,0,0,2.305,64.422,-0.497,-9.345,1,4.624,1,0.077,0.084,0,0,0,0,2.3,2.89,0
9.242,intervention,-4.729,0,0,22,-10,30,0,0,2.299,64.364,-0.484,-9.345,1,4.618,1,0.093,0.083,0,0,0,0,2.3,2.89,0
9.25,intervention,-4.729,0,0,22,-10,30,0,0,2.304,64.516,-0.471,-9.345,1,4.624,1,0.083,0.05,0,0,0,0,2.3,2.89,0
9.258,intervention,-4.729,0,0,22,-10,30,0,0,2.303,64.57,-0.457,-9.345,1,4.616,1,0.088,0.052,0,0,0,0,2.3,2.89,0
9.267,intervention,-4.729,0,0,22,-10,30,0,0,2.3,64.447,-0.444,-9.345,1,4.659,1,0.08,0.068,0,0,0,0,2.3,2.89,0
9.275,intervention,-4.729,0,0,22,-10,30,0,0,2.3,64.39,-0.431,-9.345,1,4.651,1,0.06,0.062,0,0,0,0,2.3,2.89,0
9.283,intervention,-4.729,0,0,22,-10,30,0,0,2.302,64.418,-0.417,-9.345,1,4.629,1,0.069,0.081,0,0,0,0,2.3,2.89,0
9.292,intervention,-4.729,0,0,22,-10,30,0,0,2.298,64.543,-0.404,-9.345,1,4.614,1,0.07,0.079,0,0,0,0,2.3,2.89,0
9.3,intervention,-4.729,0,0,22,-10,30,0,0,2.299,64.376,-0.391,-9.345,1,4.652,1,0.073,0.08,0,0,0,0,2.3,2.89,0
9.308,intervention,-4.729,0,0,22,-10,30,0,0,2.296,64.522,-0.377,-9.345,1,4.649,1,0.086,0.07,0,0,0,0,2.3,2.89,0
9.317,intervention,-4.729,0,0,22,-10,30,0,0,2.3,64.554,-0.364,-9.345,1,4.614,1,0.093,0.063,0,0,0,0,2.3,2.89,0
9.325,intervention,-4.729,0,0,22,-10,30,0,0,2.301,64.453,-0.351,-9.345,1,4.615,1,0.096,0.051,0,0,0,0,2.3,2.89,0
9.333,intervention,-4.729,0,0,22,-10,30,0,0,2.297,64.377,-0.337,-9.345,1,4.628,1,0.057,0.089,0,0,0,0,2.3,2.89,0
9.342,intervention,-4.729,0,0,22,-10,30,0,0,2.299,64.319,-0.324,-9.345,1,4.642,1,0.06,0.075,0,0,0,0,2.3,2.89,0
9.35,intervention,-4.729,0,0,22,-10,30,0,0,2.296,64.406,-0.311,-9.345,1,4.645,1,0.07,0.059,0,0,0,0,2.3,2.89,0
9.358,intervention,-4.729,0,0,22,-10,30,0,0,2.298,64.593,-0.297,-9.345,1,4.646,1,0.098,0.052,0,0,0,0,2.3,2.89,0
9.367,intervention,-4.729,0,0,22,-10,30,0,0,2.305,64.443,-0.284,-9.345,1,4.626,1,0.066,0.059,0,0,0,0,2.3,2.89,0
9.375,intervention,-4.729,0,0,22,-10,30,0,0,2.297,64.508,-0.271,-9.345,1,4.604,1,0.055,0.051,0,0,0,0,2.3,2.89,0
9.383,intervention,-4.729,0,0,22,-10,30,0,0,2.302,64.595,-0.257,-9.345,1,4.599,1,0.051,0.065,0,0,0,0,2.3,2.89,0
9.392,intervention,-4.729,0,0,22,-10,30,0,0,2.299,64.506,-0.244,-9.345,1,4.633,1,0.081,0.057,0,0,0,0,2.3,2.89,0
9.4,intervention,-4.729,0,0,22,-10,30,0,0,2.304,64.602,-0.231,-9.345,1,4.604,1,0.053,0.086,0,0,0,0,2.3,2.89,0
9.408,intervention,-4.729,0,0,22,-10,30,0,0,2.296,64.61,-0.217,-9.345,1,4.61,1,0.058,0.052,0,0,0,0,2.3,2.89,0
9.417,intervention,-4.729,0,0,22,-10,30,0,0,2.305,64.419,-0.204,-9.345,1,4.623,1,0.06,0.088,0,0,0,0,2.3,2.89,0
9.425,intervention,-4.729,0,0,22,-10,30,0,0,2.304,64.4,-0.191,-9.345,1,4.616,1,0.072,0.088,0,0,0,0,2.3,2.89,0
9.433,intervention,-4.729,0,0,22,-10,30,0,0,2.3,64.482,-0.177,-9.345,1,4.627,1,0.073,0.05,0,0,0,0,2.3,2.89,0
9.442,intervention,-4.729,0,0,22,-10,30,0,0,2.298,64.507,-0.164,-9.345,1,4.629,1,0.069,0.083,0,0,0,0,2.3,2.89,0
9.45,intervention,-4.729,0,0,22,-10,30,0,0,2.3,64.586,-0.151,-9.345,1,4.612,1,0.073,0.081,0,0,0,0,2.3,2.89,0
9.458,intervention,-4.729,0,0,22,-10,30,0,0,2.303,64.572,-0.137,-9.345,1,4.63,1,0.059,0.071,0,0,0,0,2.3,2.89,0
9.467,intervention,-4.729,0,0,22,-10,30,0,0,2.3,64.495,-0.124,-9.345,1,4.624,1,0.081,0.051,0,0,0,0,2.3,2.89,0
9.475,intervention,-4.729,0,0,22,-10,30,0,0,2.298,64.472,-0.111,-9.345,1,4.607,1,0.087,0.079,0,0,0,0,2.3,2.89,0
9.483,intervention,-4.729,0,0,22,-10,30,0,0,2.302,64.554,-0.097,-9.345,1,4.638,1,0.064,0.057,0,0,0,0,2.3,2.89,0
9.492,intervention,-4.729,0,0,22,-10,30,0,0,2.301,64.471,-0.084,-9.345,1,4.638,1,0.088,0.07,0,0,0,0,2.3,2.89,0
9.5,intervention,-4.729,0,0,22,-10,30,0,0,2.303,64.583,-0.071,-9.345,1,4.612,1,0.08,0.059,0,0,0,0,2.3,2.89,0
9.508,intervention,-4.729,0,0,22,-10,30,0,0,2.296,64.413,-0.057,-9.345,1,4.614,1,0.072,0.066,0,0,0,0,2.3,2.89,0
9.517,intervention,-4.729,0,0,22,-10,30,0,0,2.295,64.579,-0.044,-9.345,1,4.623,1,0.077,0.066,0,0,0,0,2.3,2.89,0
9.525,intervention,-4.729,0,0,22,-10,30,0,0,2.298,64.458,-0.031,-9.345,1,4.604,1,0.092,0.062,0,0,0,0,2.3,2.89,0
9.533,intervention,-4.729,0,0,22,-10,30,0,0,2.297,64.582,-0.017,-9.345,1,4.597,1,0.088,0.075,0,0,0,0,2.3,2.89,0
9.542,intervention,-4.729,0,0,22,-10,30,0,0,2.3,64.395,-0.004,-9.345,1,4.631,1,0.083,0.085,0,0,0,0,2.3,2.89,0
9.55,intervention,-4.729,0,0,22,-10,30,0,0,2.297,64.591,0.009,-9.345,1,4.636,1,0.055,0.054,0,0,0,0,2.3,2.89,0
9.558,intervention,-4.729,0,0,22,-10,30,0,0,2.303,64.519,0.023,-9.345,1,4.609,1,0.059,0.055,0,0,0,0,2.3,2.89,0
9.567,intervention,-4.729,0,0,22,-10,30,0,0,2.297,64.566,0.036,-9.345,1,4.594,1,0.077,0.061,0,0,0,0,2.3,2.89,0
9.575,intervention,-4.729,0,0,22,-10,30,0,0,2.299,64.385,0.049,-9.345,1,4.637,1,0.051,0.08,0,0,0,0,2.3,2.89,0
9.583,intervention,-4.729,0,0,22,-10,30,0,0,2.303,64.371,0.063,-9.345,1,4.635,1,0.07,0.068,0,0,0,0,2.3,2.89,0
9.592,intervention,-4.729,0,0,22,-10,30,0,0,2.301,64.539,0.076,-9.345,1,4.622,1,0.076,0.076,0,0,0,0,2.3,2.89,0
9.6,intervention,-4.729,0,0,22,-10,30,0,0,2.296,64.461,0.089,-9.345,1,4.633,1,0.07,0.074,0,0,0,0,2.3,2.89,0
9.608,intervention,-4.729,0,0,22,-10,30,0,0,2.298,64.584,0.103,-9.345,1,4.622,1,0.075,0.084,0,0,0,0,2.3,2.89,0
9.617,intervention,-4.729,0,0,22,-10,30,0,0,2.3,64.577,0.116,-9.345,1,4.605,1,0.093,0.062,0,0,0,0,2.3,2.89,0
9.625,intervention,-4.729,0,0,22,-10,30,0,0,2.302,64.387,0.129,-9.345,1,4.64,1,0.068,0.072,0,0,0,0,2.3,2.89,0
9.633,intervention,-4.729,0,0,22,-10,30,0,0,2.297,64.535,0.143,-9.345,1,4.603,1,0.085,0.079,0,0,0,0,2.3,2.89,0
9.642,intervention,-4.729,0,0,22,-10,30,0,0,2.301,64.541,0.156,-9.345,1,4.621,1,0.064,0.073,0,0,0,0,2.3,2.89,0
9.65,intervention,-4.729,0,0,22,-10,30,0,0,2.303,64.346,0.169,-9.345,1,4.63,1,0.053,0.051,0,0,0,0,2.3,2.89,0
9.658,intervention,-4.729,0,0,22,-10,30,0,0,2.303,64.378,0.183,-9.345,1,4.614,1,0.056,0.084,0,0,0,0,2.3,2.89,0
9.667,intervention,-4.729,0,0,22,-10,30,0,0,2.3,64.591,0.196,-9.345,1,4.611,1,0.055,0.071,0,0,0,0,2.3,2.89,0
9.675,intervention,-4.729,0,0,22,-10,30,0,0,2.299,64.522,0.209,-9.345,1,4.63,1,0.092,0.051,0,0,0,0,2.3,2.89,0
9.683,intervention,-4.729,0,0,22,-10,30,0,0,2.296,64.423,0.223,-9.345,1,4.63,1,0.053,0.073,0,0,0,0,2.3,2.89,0
9.692,intervention,-4.729,0,0,22,-10,30,0,0,2.298,64.412,0.236,-9.345,1,4.609,1,0.085,0.084,0,0,0,0,2.3,2.89,0
9.7,intervention,-4.729,0,0,22,-10,30,0,0,2.296,64.498,0.249,-9.345,1,4.604,1,0.086,0.069,0,0,0,0,2.3,2.89,0
9.708,intervention,-4.729,0,0,22,-10,30,0,0,2.301,64.538,0.263,-9.345,1,4.636,1,0.061,0.077,0,0,0,0,2.3,2.89,0
9.717,intervention,-4.729,0,0,22,-10,30,0,0,2.305,64.431,0.276,-9.345,1,4.628,1,0.072,0.06,0,0,0,0,2.3,2.89,0
9.725,intervention,-4.729,0,0,22,-10,30,0,0,2.3,64.391,0.289,-9.345,1,4.63,1,0.085,0.085,0,0,0,0,2.3,2.89,0
9.733,intervention,-4.729,0,0,22,-10,30,0,0,2.297,64.448,0.303,-9.345,1,4.646,1,0.079,0.059,0,0,0,0,2.3,2.89,0
9.742,intervention,-4.729,0,0,22,-10,30,0,0,2.297,64.392,0.316,-9.345,1,4.64,1,0.089,0.055,0,0,0,0,2.3,2.89,0
9.75,intervention,-4.729,0,0,22,-10,30,0,0,2.295,64.491,0.329,-9.345,1,4.622,1,0.076,0.074,0,0,0,0,2.3,2.89,0
9.758,intervention,-4.729,0,0,22,-10,30,0,0,2.305,64.634,0.343,-9.345,1,4.643,1,0.071,0.052,0,0,0,0,2.3,2.89,0
9.767,intervention,-4.729,0,0,22,-10,30,0,0,2.296,64.596,0.356,-9.345,1,4.614,1,0.086,0.074,0,0,0,0,2.3,2.89,0
9.775,intervention,-4.729,0,0,22,-10,30,0,0,2.302,64.398,0.369,-9.345,1,4.646,1,0.085,0.083,0,0,0,0,2.3,2.89,0
9.783,intervention,-4.729,0,0,22,-10,30,0,0,2.298,64.514,0.383,-9.345,1,4.616,1,0.092,0.08,0,0,0,0,2.3,2.89,0
9.792,intervention,-4.729,0,0,22,-10,30,0,0,2.297,64.564,0.396,-9.345,1,4.641,1,0.051,0.065,0,0,0,0,2.3,2.89,0
9.8,intervention,-4.729,0,0,22,-10,30,0,0,2.296,64.396,0.409,-9.345,1,4.626,1,0.081,0.08,0,0,0,0,2.3,2.89,0
9.808,intervention,-4.729,0,0,22,-10,30,0,0,2.296,64.454,0.423,-9.345,1,4.658,1,0.054,0.066,0,0,0,0,2.3,2.89,0
9.817,intervention,-4.729,0,0,22,-10,30,0,0,2.3,64.562,0.436,-9.345,1,4.645,1,0.066,0.07,0,0,0,0,2.3,2.89,0
9.825,intervention,-4.729,0,0,22,-10,30,0,0,2.299,64.55,0.449,-9.345,1,4.642,1,0.064,0.064,0,0,0,0,2.3,2.89,0
9.833,intervention,-4.729,0,0,22,-10,30,0,0,2.304,64.634,0.463,-9.345,1,4.626,1,0.052,0.06,0,0,0,0,2.3,2.89,0
9.842,intervention,-4.729,0,0,22,-10,30,0,0,2.3,64.425,0.476,-9.345,1,4.66,1,0.064,0.061,0,0,0,0,2.3,2.89,0
9.85,intervention,-4.729,0,0,22,-10,30,0,0,2.302,64.377,0.489,-9.345,1,4.655,1,0.067,0.087,0,0,0,0,2.3,2.89,0
9.858,intervention,-4.729,0,0,22,-10,30,0,0,2.3,64.603,0.503,-9.345,1,4.653,1,0.087,0.067,0,0,0,0,2.3,2.89,0
9.867,intervention,-4.729,0,0,22,-10,30,0,0,2.297,64.37,0.516,-9.345,1,4.638,1,0.095,0.056,0,0,0,0,2.3,2.89,0
9.875,intervention,-4.729,0,0,22,-10,30,0,0,2.303,64.443,0.529,-9.345,1,4.635,1,0.058,0.061,0,0,0,0,2.3,2.89,0
9.883,intervention,-4.729,0,0,22,-10,30,0,0,2.3,64.558,0.543,-9.345,1,4.658,1,0.078,0.082,0,0,0,0,2.3,2.89,0
9.892,intervention,-4.729,0,0,22,-10,30,0,0,2.301,64.545,0.556,-9.345,1,4.671,1,0.069,0.072,0,0,0,0,2.3,2.89,0
9.9,intervention,-4.729,0,0,22,-10,30,0,0,2.301,64.644,0.569,-9.345,1,4.652,1,0.085,0.074,0,0,0,0,2.3,2.89,0
9.908,intervention,-4.729,0,0,22,-10,30,0,0,2.299,64.537,0.583,-9.345,1,4.674,1,0.057,0.083,0,0,0,0,2.3,2.89,0
9.917,intervention,-4.729,0,0,22,-10,30,0,0,2.298,64.357,0.596,-9.345,1,4.633,1,0.098,0.067,0,0,0,0,2.3,2.89,0
9.925,intervention,-4.729,0,0,22,-10,30,0,0,2.305,64.367,0.609,-9.345,1,4.659,1,0.059,0.053,0,0,0,0,2.3,2.89,0
9.933,intervention,-4.729,0,0,22,-10,30,0,0,2.302,64.387,0.623,-9.345,1,4.674,1,0.067,0.067,0,0,0,0,2.3,2.89,0
9.942,intervention,-4.729,0,0,22,-10,30,0,0,2.298,64.544,0.636,-9.345,1,4.68,1,0.079,0.053,0,0,0,0,2.3,2.89,0
9.95,intervention,-4.729,0,0,22,-10,30,0,0,2.299,64.58,0.649,-9.345,1,4.678,1,0.074,0.065,0,0,0,0,2.3,2.89,0
9.958,intervention,-4.729,0,0,22,-10,30,0,0,2.304,64.404,0.663,-9.345,1,4.643,1,0.084,0.078,0,0,0,0,2.3,2.89,0
9.967,intervention,-4.729,0,0,22,-10,30,0,0,2.304,64.497,0.676,-9.345,1,4.683,1,0.085,0.088,0,0,0,0,2.3,2.89,0
9.975,intervention,-4.729,0,0,22,-10,30,0,0,2.296,64.441,0.689,-9.345,1,4.667,1,0.071,0.077,0,0,0,0,2.3,2.89,0
9.983,intervention,-4.729,0,0,22,-10,30,0,0,2.304,64.487,0.703,-9.345,1,4.655,1,0.05,0.074,0,0,0,0,2.3,2.89,0
9.992,intervention,-4.729,0,0,22,-10,30,0,0,2.3,64.454,0.716,-9.345,1,4.651,1,0.087,0.07,0,0,0,0,2.3,2.89,0
10,intervention,-4.729,0,0,22,-10,30,0,0,2.296,64.51,0.729,-9.345,1,4.667,1,0.093,0.056,0,0,0,0,2.3,2.89,0
10.008,intervention,-4.729,0,0,22,-10,30,0,0,2.295,64.438,0.743,-9.345,1,4.687,1,0.067,0.08,0,0,0,0,2.3,2.89,0
10.017,intervention,-4.729,0,0,22,-10,30,0,0,2.302,64.526,0.756,-9.345,1,4.678,1,0.05,0.063,0,0,0,0,2.3,2.89,0
10.025,intervention,-4.729,0,0,22,-10,30,0,0,2.296,64.538,0.769,-9.345,1,4.663,1,0.067,0.063,0,0,0,0,2.3,2.89,0
10.033,intervention,-4.729,0,0,22,-10,30,0,0,2.304,64.411,0.783,-9.345,1,4.694,1,0.084,0.052,0,0,0,0,2.3,2.89,0
10.042,intervention,-4.729,0,0,22,-10,30,0,0,2.302,64.382,0.796,-9.345,1,4.704,1,0.085,0.071,0,0,0,0,2.3,2.89,0
10.05,intervention,-4.729,0,0,22,-10,30,0,0,2.304,64.454,0.809,-9.345,1,4.684,1,0.074,0.072,0,0,0,0,2.3,2.89,0
10.058,intervention,-4.729,0,0,22,-10,30,0,0,2.303,64.49,0.823,-9.345,1,4.686,1,0.051,0.078,0,0,0,0,2.3,2.89,0
10.067,intervention,-4.729,0,0,22,-10,30,0,0,2.301,64.583,0.836,-9.345,1,4.704,1,0.075,0.084,0,0,0,0,2.3,2.89,0
10.075,intervention,-4.729,0,0,22,-10,30,0,0,2.299,64.452,0.849,-9.345,1,4.704,1,0.072,0.089,0,0,0,0,2.3,2.89,0
10.083,intervention,-4.729,0,0,22,-10,30,0,0,2.3,64.368,0.863,-9.345,1,4.711,1,0.086,0.082,0,0,0,0,2.3,2.89,0
10.092,intervention,-4.729,0,0,22,-10,30,0,0,2.299,64.438,0.876,-9.345,1,4.687,1,0.094,0.089,0,0,0,0,2.3,2.89,0
10.1,intervention,-4.729,0,0,22,-10,30,0,0,2.302,64.494,0.889,-9.345,1,4.717,1,0.054,0.071,0,0,0,0,2.3,2.89,0
10.108,intervention,-4.729,0,0,22,-10,30,0,0,2.297,64.615,0.903,-9.345,1,4.701,1,0.095,0.055,0,0,0,0,2.3,2.89,0
10.117,intervention,-4.729,0,0,22,-10,30,0,0,2.301,64.609,0.916,-9.345,1,4.71,1,0.065,0.088,0,0,0,0,2.3,2.89,0
10.125,intervention,-4.729,0,0,22,-10,30,0,0,2.303,64.396,0.929,-9.345,1,4.723,1,0.097,0.055,0,0,0,0,2.3,2.89,0
10.133,intervention,-4.729,0,0,22,-10,30,0,0,2.3,64.368,0.943,-9.345,1,4.732,1,0.097,0.056,0,0,0,0,2.3,2.89,0
10.142,intervention,-4.729,0,0,22,-10,30,0,0,2.302,64.477,0.956,-9.345,1,4.717,1,0.074,0.088,0,0,0,0,2.3,2.89,0
10.15,intervention,-4.729,0,0,22,-10,30,0,0,2.302,64.465,0.969,-9.345,1,4.737,1,0.076,0.074,0,0,0,0,2.3,2.89,0
10.158,intervention,-4.729,0,0,22,-10,30,0,0,2.298,64.446,0.983,-9.345,1,4.716,1,0.055,0.073,0,0,0,0,2.3,2.89,0
10.167,intervention,-4.729,0,0,22,-10,30,0,0,2.305,64.534,0.996,-9.345,1,4.738,1,0.062,0.084,0,0,0,0,2.3,2.89,0
10.175,intervention,-4.729,0,0,22,-10,30,0,0,2.305,64.543,1.009,-9.345,1,4.706,1,0.054,0.055,0,0,0,0,2.3,2.89,0
10.183,intervention,-4.729,0,0,22,-10,30,0,0,2.302,64.45,1.023,-9.345,1,4.728,1,0.056,0.087,0,0,0,0,2.3,2.89,0
10.192,intervention,-4.729,0,0,22,-10,30,0,0,2.303,64.413,1.036,-9.345,1,4.732,1,0.09,0.077,0,0,0,0,2.3,2.89,0
10.2,intervention,-4.729,0,0,22,-10,30,0,0,2.296,64.642,1.049,-9.345,1,4.728,1,0.09,0.059,0,0,0,0,2.3,2.89,0
10.208,intervention,-4.729,0,0,22,-10,30,0,0,2.296,64.554,1.063,-9.345,1,4.718,1,0.092,0.057,0,0,0,0,2.3,2.89,0
10.217,intervention,-4.729,0,0,22,-10,30,0,0,2.3,64.374,1.076,-9.345,1,4.748,1,0.081,0.076,0,0,0,0,2.3,2.89,0
10.225,intervention,-4.729,0,0,22,-10,30,0,0,2.303,64.581,1.089,-9.345,1,4.72,1,0.069,0.087,0,0,0,0,2.3,2.89,0
10.233,intervention,-4.729,0,0,22,-10,30,0,0,2.295,64.466,1.103,-9.345,1,4.735,1,0.056,0.077,0,0,0,0,2.3,2.89,0
10.242,intervention,-4.729,0,0,22,-10,30,0,0,2.297,64.517,1.116,-9.345,1,4.761,1,0.098,0.063,0,0,0,0,2.3,2.89,0
10.25,intervention,-4.729,0,0,22,-10,30,0,0,2.298,64.416,1.129,-9.345,1,4.731,1,0.078,0.069,0,0,0,0,2.3,2.89,0
10.258,intervention,-4.729,0,0,22,-10,30,0,0,2.299,64.63,1.143,-9.345,1,4.764,1,0.068,0.082,0,0,0,0,2.3,2.89,0
10.267,intervention,-4.729,0,0,22,-10,30,0,0,2.304,64.441,1.156,-9.345,1,4.767,1,0.082,0.055,0,0,0,0,2.3,2.89,0
10.275,intervention,-4.729,0,0,22,-10,30,0,0,2.301,64.535,1.169,-9.345,1,4.761,1,0.064,0.081,0,0,0,0,2.3,2.89,0
10.283,intervention,-4.729,0,0,22,-10,30,0,0,2.301,64.446,1.183,-9.345,1,4.758,1,0.09,0.053,0,0,0,0,2.3,2.89,0
10.292,intervention,-4.729,0,0,22,-10,30,0,0,2.3,64.369,1.196,-9.345,1,4.752,1,0.057,0.067,0,0,0,0,2.3,2.89,0
10.3,intervention,-4.729,0,0,22,-10,30,0,0,2.304,64.536,1.209,-9.345,1,4.754,1,0.092,0.057,0,0,0,0,2.3,2.89,0
10.308,intervention,-4.729,0,0,22,-10,30,0,0,2.304,64.592,1.223,-9.345,1,4.79,1,0.098,0.073,0,0,0,0,2.3,2.89,0
10.317,intervention,-4.729,0,0,22,-10,30,0,0,2.299,64.611,1.236,-9.345,1,4.768,1,0.075,0.06,0,0,0,0,2.3,2.89,0
10.325,intervention,-4.729,0,0,22,-10,30,0,0,2.298,64.438,1.249,-9.345,1,4.785,1,0.072,0.06,0,0,0,0,2.3,2.89,0
10.333,intervention,-4.729,0,0,22,-10,30,0,0,2.296,64.525,1.263,-9.345,1,4.779,1,0.095,0.068,0,0,0,0,2.3,2.89,0
10.342,intervention,-4.729,0,0,22,-10,30,0,0,2.304,64.493,1.276,-9.345,1,4.791,1,0.074,0.079,0,0,0,0,2.3,2.89,0
10.35,intervention,-4.729,0,0,22,-10,30,0,0,2.304,64.597,1.289,-9.345,1,4.796,1,0.099,0.057,0,0,0,0,2.3,2.89,0
10.358,intervention,-4.729,0,0,22,-10,30,0,0,2.296,64.57,1.303,-9.345,1,4.795,1,0.071,0.062,0,0,0,0,2.3,2.89,0
10.367,intervention,-4.729,0,0,22,-10,30,0,0,2.299,64.538,1.316,-9.345,1,4.781,1,0.059,0.064,0,0,0,0,2.3,2.89,0
10.375,intervention,-4.729,0,0,22,-10,30,0,0,2.302,64.465,1.329,-9.345,1,4.815,1,0.08,0.089,0,0,0,0,2.3,2.89,0
10.383,intervention,-4.729,0,0,22,-10,30,0,0,2.296,64.414,1.343,-9.345,1,4.784,1,0.089,0.083,0,0,0,0,2.3,2.89,0
10.392,intervention,-4.729,0,0,22,-10,30,0,0,2.3,64.637,1.356,-9.345,1,4.8,1,0.069,0.058,0,0,0,0,2.3,2.89,0
10.4,intervention,-4.729,0,0,22,-10,30,0,0,2.304,64.386,1.369,-9.345,1,4.804,1,0.072,0.086,0,0,0,0,2.3,2.89,0
10.408,intervention,-4.729,0,0,22,-10,30,0,0,2.297,64.503,1.383,-9.345,1,4.802,1,0.058,0.076,0,0,0,0,2.3,2.89,0
10.417,intervention,-4.729,0,0,22,-10,30,0,0,2.296,64.469,1.396,-9.345,1,4.823,1,0.061,0.059,0,0,0,0,2.3,2.89,0
10.425,intervention,-4.729,0,0,22,-10,30,0,0,2.302,64.509,1.409,-9.345,1,4.826,1,0.072,0.058,0,0,0,0,2.3,2.89,0
10.433,intervention,-4.729,0,0,22,-10,30,0,0,2.296,64.478,1.423,-9.345,1,4.818,1,0.075,0.052,0,0,0,0,2.3,2.89,0
10.442,intervention,-4.729,0,0,22,-10,30,0,0,2.304,64.421,1.436,-9.345,1,4.813,1,0.079,0.087,0,0,0,0,2.3,2.89,0
10.45,intervention,-4.729,0,0,22,-10,30,0,0,2.301,64.405,1.449,-9.345,1,4.814,1,0.057,0.072,0,0,0,0,2.3,2.89,0
10.458,intervention,-4.729,0,0,22,-10,30,0,0,2.301,64.469,1.463,-9.345,1,4.862,1,0.076,0.079,0,0,0,0,2.3,2.89,0
10.467,intervention,-4.729,0,0,22,-10,30,0,0,2.297,64.663,1.476,-9.345,1,4.853,1,0.071,0.07,0,0,0,0,2.3,2.89,0
10.475,intervention,-4.729,0,0,22,-10,30,0,0,2.298,64.575,1.489,-9.345,1,4.827,1,0.09,0.066,0,0,0,0,2.3,2.89,0
10.483,intervention,-4.729,0,0,22,-10,30,0,0,2.302,64.608,1.503,-9.345,1,4.837,1,0.099,0.088,0,0,0,0,2.3,2.89,0
10.492,intervention,-4.729,0,0,22,-10,30,0,0,2.303,64.607,1.516,-9.345,1,4.879,1,0.056,0.078,0,0,0,0,2.3,2.89,0
10.5,intervention,-4.729,0,0,22,-10,30,0,0,2.298,64.436,1.529,-9.345,1,4.853,1,0.06,0.053,0,0,0,0,2.3,2.89,0
10.508,intervention,-4.729,0,0,22,-10,30,0,0,2.303,64.638,1.543,-9.345,1,4.845,1,0.093,0.06,0,0,0,0,2.3,2.89,0
10.517,intervention,-4.729,0,0,22,-10,30,0,0,2.3,64.59,1.556,-9.345,1,4.881,1,0.071,0.061,0,0,0,0,2.3,2.89,0
10.525,intervention,-4.729,0,0,22,-10,30,0,0,2.296,64.46,1.569,-9.345,1,4.864,1,0.079,0.063,0,0,0,0,2.3,2.89,0
10.533,intervention,-4.729,0,0,22,-10,30,0,0,2.303,64.607,1.583,-9.345,1,4.892,1,0.058,0.069,0,0,0,0,2.3,2.89,0
10.542,intervention,-4.729,0,0,22,-10,30,0,0,2.3,64.641,1.596,-9.345,1,4.869,1,0.087,0.05,0,0,0,0,2.3,2.89,0
10.55,intervention,-4.729,0,0,22,-10,30,0,0,2.298,64.382,1.609,-9.345,1,4.904,1,0.073,0.063,0,0,0,0,2.3,2.89,0
10.558,intervention,-4.729,0,0,22,-10,30,0,0,2.304,64.395,1.623,-9.345,1,4.877,1,0.061,0.087,0,0,0,0,2.3,2.89,0
10.567,intervention,-4.729,0,0,22,-10,30,0,0,2.298,64.38,1.636,-9.345,1,4.875,1,0.087,0.055,0,0,0,0,2.3,2.89,0
10.575,intervention,-4.729,0,0,22,-10,30,0,0,2.298,64.635,1.649,-9.345,1,4.914,1,0.092,0.089,0,0,0,0,2.3,2.89,0
10.583,intervention,-4.729,0,0,22,-10,30,0,0,2.302,64.646,1.663,-9.345,1,4.922,1,0.061,0.068,0,0,0,0,2.3,2.89,0
10.592,intervention,-4.729,0,0,22,-10,30,0,0,2.304,64.582,1.676,-9.345,1,4.92,1,0.068,0.079,0,0,0,0,2.3,2.89,0
10.6,intervention,-4.729,0,0,22,-10,30,0,0,2.304,64.557,1.689,-9.345,1,4.94,1,0.08,0.053,0,0,0,0,2.3,2.89,0
10.608,intervention,-4.729,0,0,22,-10,30,0,0,2.302,64.602,1.703,-9.345,1,4.94,1,0.065,0.066,0,0,0,0,2.3,2.89,0
10.617,intervention,-4.729,0,0,22,-10,30,0,0,2.295,64.511,1.716,-9.345,1,4.904,1,0.055,0.072,0,0,0,0,2.3,2.89,0
10.625,intervention,-4.729,0,0,22,-10,30,0,0,2.303,64.577,1.729,-9.345,1,4.915,1,0.085,0.072,0,0,0,0,2.3,2.89,0
10.633,intervention,-4.729,0,0,22,-10,30,0,0,2.298,64.643,1.743,-9.345,1,4.941,1,0.056,0.077,0,0,0,0,2.3,2.89,0
10.642,intervention,-4.729,0,0,22,-10,30,0,0,2.305,64.617,1.756,-9.345,1,4.93,1,0.08,0.057,0,0,0,0,2.3,2.89,0
10.65,intervention,-4.729,0,0,22,-10,30,0,0,2.3,64.644,1.769,-9.345,1,4.923,1,0.052,0.086,0,0,0,0,2.3,2.89,0
10.658,intervention,-4.729,0,0,22,-10,30,0,0,2.297,64.508,1.783,-9.345,1,4.927,1,0.087,0.07,0,0,0,0,2.3,2.89,0
10.667,intervention,-4.729,0,0,22,-10,30,0,0,2.3,64.493,1.796,-9.345,1,4.942,1,0.087,0.079,0,0,0,0,2.3,2.89,0
10.675,intervention,-4.729,0,0,22,-10,30,0,0,2.299,64.482,1.809,-9.345,1,4.954,1,0.099,0.067,0,0,0,0,2.3,2.89,0
10.683,intervention,-4.729,0,0,22,-10,30,0,0,2.296,64.602,1.823,-9.345,1,4.985,1,0.077,0.057,0,0,0,0,2.3,2.89,0
10.692,intervention,-4.729,0,0,22,-10,30,0,0,2.303,64.63,1.836,-9.345,1,4.987,1,0.099,0.077,0,0,0,0,2.3,2.89,0
10.7,intervention,-4.729,0,0,22,-10,30,0,0,2.301,64.657,1.849,-9.345,1,4.948,1,0.059,0.069,0,0,0,0,2.3,2.89,0
10.708,intervention,-4.729,0,0,22,-10,30,0,0,2.303,64.404,1.863,-9.345,1,4.966,1,0.087,0.084,0,0,0,0,2.3,2.89,0
10.717,intervention,-4.729,0,0,22,-10,30,0,0,2.3,64.47,1.876,-9.345,1,5.001,1,0.077,0.062,0,0,0,0,2.3,2.89,0
10.725,intervention,-4.729,0,0,22,-10,30,0,0,2.3,64.574,1.889,-9.345,1,4.963,1,0.077,0.074,0,0,0,0,2.3,2.89,0
10.733,intervention,-4.729,0,0,22,-10,30,0,0,2.3,64.586,1.903,-9.345,1,4.981,1,0.073,0.076,0,0,0,0,2.3,2.89,0
10.742,intervention,-4.729,0,0,22,-10,30,0,0,2.3,64.581,1.916,-9.345,1,4.995,1,0.086,0.057,0,0,0,0,2.3,2.89,0
10.75,intervention,-4.729,0,0,22,-10,30,0,0,2.297,64.588,1.929,-9.345,1,5.026,1,0.077,0.075,0,0,0,0,2.3,2.89,0
10.758,intervention,-4.729,0,0,22,-10,30,0,0,2.3,64.512,1.943,-9.345,1,4.993,1,0.063,0.057,0,0,0,0,2.3,2.89,0
10.767,intervention,-4.729,0,0,22,-10,30,0,0,2.299,64.607,1.956,-9.345,1,5.007,1,0.087,0.072,0,0,0,0,2.3,2.89,0
10.775,intervention,-4.729,0,0,22,-10,30,0,0,2.303,64.606,1.969,-9.345,1,5.01,1,0.064,0.05,0,0,0,0,2.3,2.89,0
10.783,intervention,-4.729,0,0,22,-10,30,0,0,2.295,64.639,1.983,-9.345,1,5.006,1,0.062,0.058,0,0,0,0,2.3,2.89,0
10.792,intervention,-4.729,0,0,22,-10,30,0,0,2.305,64.646,1.996,-9.345,1,5.027,1,0.061,0.067,0,0,0,0,2.3,2.89,0
10.8,intervention,-4.729,0,0,22,-10,30,0,0,2.301,64.563,2.009,-9.345,1,5.058,1,0.089,0.058,0,0,0,0,2.3,2.89,0
10.808,intervention,-4.729,0,0,22,-10,30,0,0,2.296,64.672,2.023,-9.345,1,5.017,1,0.084,0.06,0,0,0,0,2.3,2.89,0
10.817,intervention,-4.729,0,0,22,-10,30,0,0,2.302,64.551,2.036,-9.345,1,5.048,1,0.06,0.088,0,0,0,0,2.3,2.89,0
10.825,intervention,-4.729,0,0,22,-10,30,0,0,2.304,64.417,2.049,-9.345,1,5.068,1,0.072,0.083,0,0,0,0,2.3,2.89,0
10.833,intervention,-4.729,0,0,22,-10,30,0,0,2.295,64.543,2.063,-9.345,1,5.068,1,0.089,0.064,0,0,0,0,2.3,2.89,0
10.842,intervention,-4.729,0,0,22,-10,30,0,0,2.301,64.612,2.076,-9.345,1,5.078,1,0.076,0.07,0,0,0,0,2.3,2.89,0
10.85,intervention,-4.729,0,0,22,-10,30,0,0,2.295,64.654,2.089,-9.345,1,5.067,1,0.079,0.06,0,0,0,0,2.3,2.89,0
10.858,intervention,-4.729,0,0,22,-10,30,0,0,2.301,64.407,2.103,-9.345,1,5.059,1,0.087,0.079,0,0,0,0,2.3,2.89,0
10.867,intervention,-4.729,0,0,22,-10,30,0,0,2.297,64.518,2.116,-9.345,1,5.063,1,0.094,0.069,0,0,0,0,2.3,2.89,0
10.875,intervention,-4.729,0,0,22,-10,30,0,0,2.298,64.686,2.129,-9.345,1,5.071,1,0.082,0.069,0,0,0,0,2.3,2.89,0
10.883,intervention,-4.729,0,0,22,-10,30,0,0,2.301,64.409,2.143,-9.345,1,5.071,1,0.086,0.059,0,0,0,0,2.3,2.89,0
10.892,intervention,-4.729,0,0,22,-10,30,0,0,2.301,64.472,2.156,-9.345,1,5.108,1,0.077,0.082,0,0,0,0,2.3,2.89,0
10.9,intervention,-4.729,0,0,22,-10,30,0,0,2.303,64.539,2.169,-9.345,1,5.11,1,0.068,0.076,0,0,0,0,2.3,2.89,0
10.908,intervention,-4.729,0,0,22,-10,30,0,0,2.301,64.69,2.183,-9.345,1,5.11,1,0.096,0.087,0,0,0,0,2.3,2.89,0
10.917,intervention,-4.729,0,0,22,-10,30,0,0,2.304,64.592,2.196,-9.345,1,5.121,1,0.084,0.062,0,0,0,0,2.3,2.89,0
10.925,intervention,-4.729,0,0,22,-10,30,0,0,2.297,64.595,2.209,-9.345,1,5.099,1,0.07,0.08,0,0,0,0,2.3,2.89,0
10.933,intervention,-4.729,0,0,22,-10,30,0,0,2.303,64.572,2.223,-9.345,1,5.103,1,0.099,0.06,0,0,0,0,2.3,2.89,0
10.942,intervention,-4.729,0,0,22,-10,30,0,0,2.295,64.556,2.236,-9.345,1,5.108,1,0.059,0.085,0,0,0,0,2.3,2.89,0
10.95,intervention,-4.729,0,0,22,-10,30,0,0,2.304,64.435,2.249,-9.345,1,5.11,1,0.076,0.068,0,0,0,0,2.3,2.89,0
10.958,intervention,-4.729,0,0,22,-10,30,0,0,2.299,64.523,2.263,-9.345,1,5.141,1,0.087,0.079,0,0,0,0,2.3,2.89,0
10.967,intervention,-4.729,0,0,22,-10,30,0,0,2.297,64.54,2.276,-9.345,1,5.135,1,0.096,0.072,0,0,0,0,2.3,2.89,0
10.975,intervention,-4.729,0,0,22,-10,30,0,0,2.298,64.629,2.289,-9.345,1,5.166,1,0.071,0.061,0,0,0,0,2.3,2.89,0
10.983,intervention,-4.729,0,0,22,-10,30,0,0,2.296,64.61,2.303,-9.345,1,5.143,1,0.085,0.081,0,0,0,0,2.3,2.89,0
10.992,intervention,-4.729,0,0,22,-10,30,0,0,2.302,64.441,2.316,-9.345,1,5.178,1,0.063,0.072,0,0,0,0,2.3,2.89,0
11,intervention,-4.729,0,0,22,-10,30,0,0,2.296,64.659,2.329,-9.345,1,5.169,1,0.068,0.063,0,0,0,0,2.3,2.89,0
11.008,intervention,-4.729,0,0,22,-10,30,0,0,2.297,64.7,2.343,-9.345,1,5.186,1,0.069,0.061,0,0,0,0,2.3,2.89,0
11.017,intervention,-4.729,0,0,22,-10,30,0,0,2.295,64.478,2.356,-9.345,1,5.177,1,0.078,0.09,0,0,0,0,2.3,2.89,0
11.025,intervention,-4.729,0,0,22,-10,30,0,0,2.302,64.514,2.369,-9.345,1,5.181,1,0.083,0.063,0,0,0,0,2.3,2.89,0
11.033,intervention,-4.729,0,0,22,-10,30,0,0,2.302,64.46,2.383,-9.345,1,5.197,1,0.079,0.056,0,0,0,0,2.3,2.89,0
11.042,intervention,-4.729,0,0,22,-10,30,0,0,2.297,64.521,2.396,-9.345,1,5.201,1,0.062,0.087,0,0,0,0,2.3,2.89,0
11.05,intervention,-4.729,0,0,22,-10,30,0,0,2.296,64.64,2.409,-9.345,1,5.195,1,0.088,0.063,0,0,0,0,2.3,2.89,0
11.058,intervention,-4.729,0,0,22,-10,30,0,0,2.305,64.463,2.423,-9.345,1,5.219,1,0.082,0.055,0,0,0,0,2.3,2.89,0
11.067,intervention,-4.729,0,0,22,-10,30,0,0,2.299,64.577,2.436,-9.345,1,5.211,1,0.056,0.085,0,0,0,0,2.3,2.89,0
11.075,intervention,-4.729,0,0,22,-10,30,0,0,2.301,64.503,2.449,-9.345,1,5.248,1,0.068,0.071,0,0,0,0,2.3,2.89,0
11.083,intervention,-4.729,0,0,22,-10,30,0,0,2.303,64.674,2.463,-9.345,1,5.22,1,0.085,0.07,0,0,0,0,2.3,2.89,0
11.092,intervention,-4.729,0,0,22,-10,30,0,0,2.3,64.538,2.476,-9.345,1,5.244,1,0.051,0.05,0,0,0,0,2.3,2.89,0
11.1,intervention,-4.729,0,0,22,-10,30,0,0,2.299,64.472,2.489,-9.345,1,5.227,1,0.069,0.085,0,0,0,0,2.3,2.89,0
11.108,intervention,-4.729,0,0,22,-10,30,0,0,2.296,64.66,2.503,-9.345,1,5.274,1,0.089,0.09,0,0,0,0,2.3,2.89,0
11.117,intervention,-4.729,0,0,22,-10,30,0,0,2.3,64.449,2.516,-9.345,1,5.241,1,0.082,0.057,0,0,0,0,2.3,2.89,0
11.125,intervention,-4.729,0,0,22,-10,30,0,0,2.304,64.588,2.529,-9.345,1,5.278,1,0.074,0.067,0,0,0,0,2.3,2.89,0
11.133,intervention,-4.729,0,0,22,-10,30,0,0,2.302,64.568,2.543,-9.345,1,5.275,1,0.067,0.082,0,0,0,0,2.3,2.89,0
11.142,intervention,-4.729,0,0,22,-10,30,0,0,2.296,64.537,2.556,-9.345,1,5.291,1,0.09,0.069,0,0,0,0,2.3,2.89,0
11.15,intervention,-4.729,0,0,22,-10,30,0,0,2.296,64.672,2.569,-9.345,1,5.276,1,0.062,0.063,0,0,0,0,2.3,2.89,0
11.158,intervention,-4.729,0,0,22,-10,30,0,0,2.3,64.67,2.583,-9.345,1,5.301,1,0.096,0.062,0,0,0,0,2.3,2.89,0
11.167,intervention,-4.729,0,0,22,-10,30,0,0,2.296,64.649,2.596,-9.345,1,5.317,1,0.065,0.087,0,0,0,0,2.3,2.89,0
11.175,intervention,-4.729,0,0,22,-10,30,0,0,2.3,64.54,2.609,-9.345,1,5.286,1,0.092,0.086,0,0,0,0,2.3,2.89,0
11.183,intervention,-4.729,0,0,22,-10,30,0,0,2.3,64.649,2.623,-9.345,1,5.318,1,0.056,0.074,0,0,0,0,2.3,2.89,0
11.192,intervention,-4.729,0,0,22,-10,30,0,0,2.296,64.621,2.636,-9.345,1,5.295,1,0.065,0.05,0,0,0,0,2.3,2.89,0
11.2,intervention,-4.729,0,0,22,-10,30,0,0,2.3,64.492,2.649,-9.345,1,5.315,1,0.095,0.055,0,0,0,0,2.3,2.89,0
11.208,intervention,-4.729,0,0,22,-10,30,0,0,2.303,64.605,2.663,-9.345,1,5.351,1,0.07,0.067,0,0,0,0,2.3,2.89,0
11.217,intervention,-4.729,0,0,22,-10,30,0,0,2.298,64.553,2.676,-9.345,1,5.328,1,0.094,0.061,0,0,0,0,2.3,2.89,0
11.225,intervention,-4.729,0,0,22,-10,30,0,0,2.3,64.434,2.689,-9.345,1,5.36,1,0.086,0.055,0,0,0,0,2.3,2.89,0
11.233,intervention,-4.729,0,0,22,-10,30,0,0,2.3,64.674,2.703,-9.345,1,5.337,1,0.059,0.08,0,0,0,0,2.3,2.89,0
11.242,intervention,-4.729,0,0,22,-10,30,0,0,2.296,64.459,2.716,-9.345,1,5.374,1,0.067,0.088,0,0,0,0,2.3,2.89,0
11.25,intervention,-4.729,0,0,22,-10,30,0,0,2.297,64.571,2.729,-9.345,1,5.342,1,0.056,0.073,0,0,0,0,2.3,2.89,0
11.258,intervention,-4.729,0,0,22,-10,30,0,0,2.302,64.463,2.743,-9.345,1,5.393,1,0.077,0.078,0,0,0,0,2.3,2.89,0
11.267,intervention,-4.729,0,0,22,-10,30,0,0,2.295,64.687,2.756,-9.345,1,5.359,1,0.074,0.056,0,0,0,0,2.3,2.89,0
11.275,intervention,-4.729,0,0,22,-10,30,0,0,2.302,64.54,2.769,-9.345,1,5.399,1,0.062,0.051,0,0,0,0,2.3,2.89,0
11.283,intervention,-4.729,0,0,22,-10,30,0,0,2.295,64.622,2.783,-9.345,1,5.388,1,0.07,0.084,0,0,0,0,2.3,2.89,0
11.292,intervention,-4.729,0,0,22,-10,30,0,0,2.303,64.713,2.796,-9.345,1,5.406,1,0.082,0.068,0,0,0,0,2.3,2.89,0
11.3,intervention,-4.729,0,0,22,-10,30,0,0,2.303,64.599,2.809,-9.345,1,5.386,1,0.075,0.073,0,0,0,0,2.3,2.89,0
11.308,intervention,-4.729,0,0,22,-10,30,0,0,2.3,64.52,2.823,-9.345,1,5.422,1,0.088,0.054,0,0,0,0,2.3,2.89,0
11.317,intervention,-4.729,0,0,22,-10,30,0,0,2.295,64.542,2.836,-9.345,1,5.395,1,0.088,0.059,0,0,0,0,2.3,2.89,0
11.325,intervention,-4.729,0,0,22,-10,30,0,0,2.297,64.649,2.849,-9.345,1,5.425,1,0.064,0.064,0,0,0,0,2.3,2.89,0
11.333,intervention,-4.729,0,0,22,-10,30,0,0,2.304,64.628,2.863,-9.345,1,5.422,1,0.099,0.079,0,0,0,0,2.3,2.89,0
11.342,intervention,-4.729,0,0,22,-10,30,0,0,2.295,64.632,2.876,-9.345,1,5.457,1,0.066,0.087,0,0,0,0,2.3,2.89,0
11.35,intervention,-4.729,0,0,22,-10,30,0,0,2.305,64.574,2.889,-9.345,1,5.431,1,0.091,0.087,0,0,0,0,2.3,2.89,0
11.358,intervention,-4.729,0,0,22,-10,30,0,0,2.298,64.481,2.903,-9.345,1,5.45,1,0.065,0.061,0,0,0,0,2.3,2.89,0
11.367,intervention,-4.729,0,0,22,-10,30,0,0,2.298,64.606,2.916,-9.345,1,5.455,1,0.085,0.065,0,0,0,0,2.3,2.89,0
11.375,intervention,-4.729,0,0,22,-10,30,0,0,2.301,64.569,2.929,-9.345,1,5.481,1,0.093,0.067,0,0,0,0,2.3,2.89,0
11.383,intervention,-4.729,0,0,22,-10,30,0,0,2.298,64.527,2.943,-9.345,1,5.498,1,0.072,0.057,0,0,0,0,2.3,2.89,0
11.392,intervention,-4.729,0,0,22,-10,30,0,0,2.305,64.516,2.956,-9.345,1,5.497,1,0.085,0.07,0,0,0,0,2.3,2.89,0
11.4,intervention,-4.729,0,0,22,-10,30,0,0,2.298,64.612,2.969,-9.345,1,5.492,1,0.069,0.057,0,0,0,0,2.3,2.89,0
11.408,intervention,-4.729,0,0,22,-10,30,0,0,2.305,64.663,2.983,-9.345,1,5.512,1,0.073,0.083,0,0,0,0,2.3,2.89,0
11.417,intervention,-4.729,0,0,22,-10,30,0,0,2.299,64.539,2.996,-9.345,1,5.495,1,0.092,0.073,0,0,0,0,2.3,2.89,0
11.425,intervention,-4.729,0,0,22,-10,30,0,0,2.299,64.583,3.009,-9.345,1,5.509,1,0.061,0.07,0,0,0,0,2.3,2.89,0
11.433,intervention,-4.729,0,0,22,-10,30,0,0,2.299,64.709,3.023,-9.345,1,5.535,1,0.065,0.061,0,0,0,0,2.3,2.89,0
11.442,intervention,-4.729,0,0,22,-10,30,0,0,2.303,64.442,3.036,-9.345,1,5.52,1,0.093,0.061,0,0,0,0,2.3,2.89,0
11.45,intervention,-4.729,0,0,22,-10,30,0,0,2.303,64.7,3.049,-9.345,1,5.537,1,0.064,0.063,0,0,0,0,2.3,2.89,0
11.458,intervention,-4.729,0,0,22,-10,30,0,0,2.3,64.531,3.063,-9.345,1,5.532,1,0.051,0.076,0,0,0,0,2.3,2.89,0
11.467,intervention,-4.729,0,0,22,-10,30,0,0,2.296,64.486,3.076,-9.345,1,5.524,1,0.083,0.086,0,0,0,0,2.3,2.89,0
11.475,intervention,-4.729,0,0,22,-10,30,0,0,2.301,64.677,3.089,-9.345,1,5.53,1,0.06,0.087,0,0,0,0,2.3,2.89,0
11.483,intervention,-4.729,0,0,22,-10,30,0,0,2.303,64.445,3.103,-9.345,1,5.559,1,0.086,0.08,0,0,0,0,2.3,2.89,0
11.492,intervention,-4.729,0,0,22,-10,30,0,0,2.304,64.534,3.116,-9.345,1,5.553,1,0.079,0.086,0,0,0,0,2.3,2.89,0
11.5,intervention,-4.729,0,0,22,-10,30,0,0,2.296,64.647,3.129,-9.345,1,5.588,1,0.087,0.076,0,0,0,0,2.3,2.89,0
11.508,intervention,-4.729,0,0,22,-10,30,0,0,2.296,64.447,3.143,-9.345,1,5.592,1,0.071,0.068,0,0,0,0,2.3,2.89,0
11.517,intervention,-4.729,0,0,22,-10,30,0,0,2.3,64.563,3.156,-9.345,1,5.616,1,0.1,0.052,0,0,0,0,2.3,2.89,0
11.525,intervention,-4.729,0,0,22,-10,30,0,0,2.298,64.672,3.169,-9.345,1,5.612,1,0.059,0.055,0,0,0,0,2.3,2.89,0
11.533,intervention,-4.729,0,0,22,-10,30,0,0,2.298,64.436,3.183,-9.345,1,5.613,1,0.074,0.077,0,0,0,0,2.3,2.89,0
11.542,intervention,-4.729,0,0,22,-10,30,0,0,2.303,64.601,3.196,-9.345,1,5.63,1,0.08,0.062,0,0,0,0,2.3,2.89,0
11.55,intervention,-4.729,0,0,22,-10,30,0,0,2.3,64.696,3.209,-9.345,1,5.622,1,0.063,0.069,0,0,0,0,2.3,2.89,0
11.558,intervention,-4.729,0,0,22,-10,30,0,0,2.299,64.586,3.223,-9.345,1,5.63,1,0.094,0.076,0,0,0,0,2.3,2.89,0
11.567,intervention,-4.729,0,0,22,-10,30,0,0,2.301,64.432,3.236,-9.345,1,5.645,1,0.094,0.088,0,0,0,0,2.3,2.89,0
11.575,intervention,-4.729,0,0,22,-10,30,0,0,2.296,64.662,3.249,-9.345,1,5.646,1,0.094,0.075,0,0,0,0,2.3,2.89,0
11.583,intervention,-4.729,0,0,22,-10,30,0,0,2.3,64.605,3.263,-9.345,1,5.652,1,0.086,0.077,0,0,0,0,2.3,2.89,0
11.592,intervention,-4.729,0,0,22,-10,30,0,0,2.299,64.675,3.276,-9.345,1,5.652,1,0.09,0.08,0,0,0,0,2.3,2.89,0
11.6,intervention,-4.729,0,0,22,-10,30,0,0,2.298,64.599,3.289,-9.345,1,5.681,1,0.066,0.07,0,0,0,0,2.3,2.89,0
11.608,intervention,-4.729,0,0,22,-10,30,0,0,2.304,64.641,3.303,-9.345,1,5.671,1,0.058,0.053,0,0,0,0,2.3,2.89,0
11.617,intervention,-4.729,0,0,22,-10,30,0,0,2.3,64.689,3.316,-9.345,1,5.704,1,0.097,0.075,0,0,0,0,2.3,2.89,0
11.625,intervention,-4.729,0,0,22,-10,30,0,0,2.3,64.677,3.329,-9.345,1,5.712,1,0.071,0.074,0,0,0,0,2.3,2.89,0
11.633,intervention,-4.729,0,0,22,-10,30,0,0,2.302,64.464,3.343,-9.345,1,5.719,1,0.086,0.07,0,0,0,0,2.3,2.89,0
11.642,intervention,-4.729,0,0,22,-10,30,0,0,2.305,64.59,3.356,-9.345,1,5.71,1,0.068,0.063,0,0,0,0,2.3,2.89,0
11.65,intervention,-4.729,0,0,22,-10,30,0,0,2.302,64.595,3.369,-9.345,1,5.709,1,0.062,0.072,0,0,0,0,2.3,2.89,0
11.658,intervention,-4.729,0,0,22,-10,30,0,0,2.298,64.689,3.383,-9.345,1,5.721,1,0.075,0.071,0,0,0,0,2.3,2.89,0
11.667,intervention,-4.729,0,0,22,-10,30,0,0,2.3,64.472,3.396,-9.345,1,5.722,1,0.054,0.082,0,0,0,0,2.3,2.89,0
11.675,intervention,-4.729,0,0,22,-10,30,0,0,2.299,64.496,3.409,-9.345,1,5.728,1,0.075,0.077,0,0,0,0,2.3,2.89,0
11.683,intervention,-4.729,0,0,22,-10,30,0,0,2.302,64.718,3.423,-9.345,1,5.731,1,0.063,0.071,0,0,0,0,2.3,2.89,0
11.692,intervention,-4.729,0,0,22,-10,30,0,0,2.302,64.523,3.436,-9.345,1,5.739,1,0.089,0.09,0,0,0,0,2.3,2.89,0
11.7,intervention,-4.729,0,0,22,-10,30,0,0,2.299,64.663,3.449,-9.345,1,5.745,1,0.089,0.057,0,0,0,0,2.3,2.89,0
11.708,intervention,-4.729,0,0,22,-10,30,0,0,2.296,64.588,3.463,-9.345,1,5.765,1,0.075,0.09,0,0,0,0,2.3,2.89,0
11.717,intervention,-4.729,0,0,22,-10,30,0,0,2.296,64.601,3.476,-9.345,1,5.756,1,0.058,0.058,0,0,0,0,2.3,2.89,0
11.725,intervention,-4.729,0,0,22,-10,30,0,0,2.298,64.462,3.489,-9.345,1,5.806,1,0.073,0.066,0,0,0,0,2.3,2.89,0
11.733,intervention,-4.729,0,0,22,-10,30,0,0,2.304,64.656,3.503,-9.345,1,5.772,1,0.086,0.056,0,0,0,0,2.3,2.89,0
11.742,intervention,-4.729,0,0,22,-10,30,0,0,2.3,64.723,3.516,-9.345,1,5.823,1,0.075,0.072,0,0,0,0,2.3,2.89,0
11.75,intervention,-4.729,0,0,22,-10,30,0,0,2.299,64.611,3.529,-9.345,1,5.805,1,0.091,0.079,0,0,0,0,2.3,2.89,0
11.758,intervention,-4.729,0,0,22,-10,30,0,0,2.297,64.626,3.543,-9.345,1,5.828,1,0.073,0.07,0,0,0,0,2.3,2.89,0
11.767,intervention,-4.729,0,0,22,-10,30,0,0,2.299,64.696,3.556,-9.345,1,5.837,1,0.069,0.062,0,0,0,0,2.3,2.89,0
11.775,intervention,-4.729,0,0,22,-10,30,0,0,2.3,64.543,3.569,-9.345,1,5.833,1,0.086,0.053,0,0,0,0,2.3,2.89,0
11.783,intervention,-4.729,0,0,22,-10,30,0,0,2.303,64.524,3.583,-9.345,1,5.851,1,0.07,0.062,0,0,0,0,2.3,2.89,0
11.792,intervention,-4.729,0,0,22,-10,30,0,0,2.304,64.653,3.596,-9.345,1,5.842,1,0.054,0.06,0,0,0,0,2.3,2.89,0
11.8,intervention,-4.729,0,0,22,-10,30,0,0,2.296,64.549,3.609,-9.345,1,5.874,1,0.057,0.086,0,0,0,0,2.3,2.89,0
11.808,intervention,-4.729,0,0,22,-10,30,0,0,2.298,64.687,3.623,-9.345,1,5.886,1,0.061,0.06,0,0,0,0,2.3,2.89,0
11.817,intervention,-4.729,0,0,22,-10,30,0,0,2.305,64.536,3.636,-9.345,1,5.869,1,0.077,0.051,0,0,0,0,2.3,2.89,0
11.825,intervention,-4.729,0,0,22,-10,30,0,0,2.3,64.721,3.649,-9.345,1,5.907,1,0.05,0.058,0,0,0,0,2.3,2.89,0
11.833,intervention,-4.729,0,0,22,-10,30,0,0,2.297,64.578,3.663,-9.345,1,5.897,1,0.097,0.053,0,0,0,0,2.3,2.89,0
11.842,intervention,-4.729,0,0,22,-10,30,0,0,2.302,64.575,3.676,-9.345,1,5.913,1,0.082,0.076,0,0,0,0,2.3,2.89,0
11.85,intervention,-4.729,0,0,22,-10,30,0,0,2.301,64.701,3.689,-9.345,1,5.91,1,0.057,0.052,0,0,0,0,2.3,2.89,0
11.858,intervention,-4.729,0,0,22,-10,30,0,0,2.299,64.474,3.703,-9.345,1,5.9,1,0.054,0.067,0,0,0,0,2.3,2.89,0
11.867,intervention,-4.729,0,0,22,-10,30,0,0,2.297,64.451,3.716,-9.345,1,5.906,1,0.066,0.071,0,0,0,0,2.3,2.89,0
11.875,intervention,-4.729,0,0,22,-10,30,0,0,2.297,64.648,3.729,-9.345,1,5.934,1,0.088,0.072,0,0,0,0,2.3,2.89,0
11.883,intervention,-4.729,0,0,22,-10,30,0,0,2.303,64.528,3.743,-9.345,1,5.919,1,0.09,0.072,0,0,0,0,2.3,2.89,0
11.892,intervention,-4.729,0,0,22,-10,30,0,0,2.304,64.599,3.756,-9.345,1,5.932,1,0.086,0.072,0,0,0,0,2.3,2.89,0
11.9,intervention,-4.729,0,0,22,-10,30,0,0,2.302,64.552,3.769,-9.345,1,5.955,1,0.091,0.079,0,0,0,0,2.3,2.89,0
11.908,intervention,-4.729,0,0,22,-10,30,0,0,2.298,64.682,3.783,-9.345,1,5.968,1,0.09,0.054,0,0,0,0,2.3,2.89,0
11.917,intervention,-4.729,0,0,22,-10,30,0,0,2.295,64.463,3.796,-9.345,1,5.978,1,0.09,0.063,0,0,0,0,2.3,2.89,0
11.925,intervention,-4.729,0,0,22,-10,30,0,0,2.303,64.51,3.809,-9.345,1,5.965,1,0.061,0.055,0,0,0,0,2.3,2.89,0
11.933,intervention,-4.729,0,0,22,-10,30,0,0,2.296,64.641,3.823,-9.345,1,5.975,1,0.053,0.06,0,0,0,0,2.3,2.89,0
11.942,intervention,-4.729,0,0,22,-10,30,0,0,2.297,64.464,3.836,-9.345,1,6.011,1,0.094,0.062,0,0,0,0,2.3,2.89,0
11.95,intervention,-4.729,0,0,22,-10,30,0,0,2.299,64.579,3.849,-9.345,1,5.985,1,0.057,0.057,0,0,0,0,2.3,2.89,0
11.958,intervention,-4.729,0,0,22,-10,30,0,0,2.301,64.564,3.863,-9.345,1,6.029,1,0.085,0.088,0,0,0,0,2.3,2.89,0
11.967,intervention,-4.729,0,0,22,-10,30,0,0,2.3,64.658,3.876,-9.345,1,6.007,1,0.06,0.058,0,0,0,0,2.3,2.89,0
11.975,intervention,-4.729,0,0,22,-10,30,0,0,2.304,64.602,3.889,-9.345,1,6.024,1,0.073,0.083,0,0,0,0,2.3,2.89,0
11.983,intervention,-4.729,0,0,22,-10,30,0,0,2.299,64.595,3.903,-9.345,1,6.031,1,0.078,0.081,0,0,0,0,2.3,2.89,0
11.992,intervention,-4.729,0,0,22,-10,30,0,0,2.302,64.663,3.916,-9.345,1,6.064,1,0.085,0.07,0,0,0,0,2.3,2.89,0
12,intervention,-4.729,0,0,22,-10,30,0,0,2.301,64.526,3.929,-9.345,1,6.059,1,0.055,0.072,0,0,0,0,2.3,2.89,0
12.008,intervention,-4.729,0,0,22,-10,30,0,0,2.301,64.745,3.943,-9.345,1,6.066,1,0.086,0.078,0,0,0,0,2.3,2.89,0
12.017,intervention,-4.729,0,0,22,-10,30,0,0,2.295,64.549,3.956,-9.345,1,6.068,1,0.071,0.06,0,0,0,0,2.3,2.89,0
12.025,intervention,-4.729,0,0,22,-10,30,0,0,2.299,64.678,3.969,-9.345,1,6.109,1,0.089,0.074,0,0,0,0,2.3,2.89,0
12.033,intervention,-4.729,0,0,22,-10,30,0,0,2.302,64.63,3.983,-9.345,1,6.105,1,0.06,0.077,0,0,0,0,2.3,2.89,0
12.042,intervention,-4.729,0,0,22,-10,30,0,0,2.304,64.507,3.996,-9.345,1,6.111,1,0.065,0.077,0,0,0,0,2.3,2.89,0
12.05,intervention,-4.729,0,0,22,-10,30,0,0,2.302,64.599,4.009,-9.345,1,6.131,1,0.096,0.052,0,0,0,0,2.3,2.89,0
12.058,intervention,-4.729,0,0,22,-10,30,0,0,2.301,64.648,4.023,-9.345,1,6.141,1,0.08,0.059,0,0,0,0,2.3,2.89,0
12.067,intervention,-4.729,0,0,22,-10,30,0,0,2.301,64.634,4.036,-9.345,1,6.111,1,0.079,0.063,0,0,0,0,2.3,2.89,0
12.075,intervention,-4.729,0,0,22,-10,30,0,0,2.297,64.477,4.049,-9.345,1,6.146,1,0.069,0.089,0,0,0,0,2.3,2.89,0
12.083,intervention,-4.729,0,0,22,-10,30,0,0,2.296,64.585,4.063,-9.345,1,6.151,1,0.088,0.065,0,0,0,0,2.3,2.89,0
12.092,intervention,-4.729,0,0,22,-10,30,0,0,2.3,64.515,4.076,-9.345,1,6.181,1,0.096,0.054,0,0,0,0,2.3,2.89,0
12.1,intervention,-4.729,0,0,22,-10,30,0,0,2.301,64.755,4.089,-9.345,1,6.178,1,0.065,0.052,0,0,0,0,2.3,2.89,0
12.108,intervention,-4.729,0,0,22,-10,30,0,0,2.299,64.536,4.103,-9.345,1,6.166,1,0.076,0.07,0,0,0,0,2.3,2.89,0
12.117,intervention,-4.729,0,0,22,-10,30,0,0,2.302,64.494,4.116,-9.345,1,6.17,1,0.094,0.086,0,0,0,0,2.3,2.89,0
12.125,intervention,-4.729,0,0,22,-10,30,0,0,2.304,64.591,4.129,-9.345,1,6.193,1,0.069,0.066,0,0,0,0,2.3,2.89,0
12.133,intervention,-4.729,0,0,22,-10,30,0,0,2.302,64.689,4.143,-9.345,1,6.226,1,0.065,0.06,0,0,0,0,2.3,2.89,0
12.142,intervention,-4.729,0,0,22,-10,30,0,0,2.303,64.634,4.156,-9.345,1,6.203,1,0.078,0.059,0,0,0,0,2.3,2.89,0
12.15,intervention,-4.729,0,0,22,-10,30,0,0,2.298,64.655,4.169,-9.345,1,6.235,1,0.072,0.085,0,0,0,0,2.3,2.89,0
12.158,intervention,-4.729,0,0,22,-10,30,0,0,2.297,64.609,4.183,-9.345,1,6.243,1,0.089,0.067,0,0,0,0,2.3,2.89,0
12.167,intervention,-4.729,0,0,22,-10,30,0,0,2.297,64.488,4.196,-9.345,1,6.244,1,0.06,0.053,0,0,0,0,2.3,2.89,0
12.175,intervention,-4.729,0,0,22,-10,30,0,0,2.304,64.689,4.209,-9.345,1,6.244,1,0.088,0.071,0,0,0,0,2.3,2.89,0
12.183,intervention,-4.729,0,0,22,-10,30,0,0,2.297,64.615,4.223,-9.345,1,6.232,1,0.097,0.063,0,0,0,0,2.3,2.89,0
12.192,intervention,-4.729,0,0,22,-10,30,0,0,2.299,64.512,4.236,-9.345,1,6.262,1,0.082,0.06,0,0,0,0,2.3,2.89,0
12.2,intervention,-4.729,0,0,22,-10,30,0,0,2.297,64.507,4.249,-9.345,1,6.289,1,0.063,0.055,0,0,0,0,2.3,2.89,0
12.208,intervention,-4.729,0,0,22,-10,30,0,0,2.301,64.499,4.263,-9.345,1,6.306,1,0.078,0.066,0,0,0,0,2.3,2.89,0
12.217,intervention,-4.729,0,0,22,-10,30,0,0,2.303,64.731,4.276,-9.345,1,6.315,1,0.068,0.064,0,0,0,0,2.3,2.89,0
12.225,intervention,-4.729,0,0,22,-10,30,0,0,2.298,64.72,4.289,-9.345,1,6.295,1,0.086,0.078,0,0,0,0,2.3,2.89,0
12.233,intervention,-4.729,0,0,22,-10,30,0,0,2.302,64.541,4.303,-9.345,1,6.293,1,0.096,0.059,0,0,0,0,2.3,2.89,0
12.242,intervention,-4.729,0,0,22,-10,30,0,0,2.297,64.657,4.316,-9.345,1,6.316,1,0.07,0.087,0,0,0,0,2.3,2.89,0
12.25,intervention,-4.729,0,0,22,-10,30,0,0,2.295,64.664,4.329,-9.345,1,6.305,1,0.069,0.074,0,0,0,0,2.3,2.89,0
12.258,intervention,-4.729,0,0,22,-10,30,0,0,2.304,64.689,4.343,-9.345,1,6.329,1,0.061,0.077,0,0,0,0,2.3,2.89,0
12.267,intervention,-4.729,0,0,22,-10,30,0,0,2.296,64.688,4.356,-9.345,1,6.337,1,0.066,0.053,0,0,0,0,2.3,2.89,0
12.275,intervention,-4.729,0,0,22,-10,30,0,0,2.295,64.518,4.369,-9.345,1,6.379,1,0.076,0.065,0,0,0,0,2.3,2.89,0
12.283,intervention,-4.729,0,0,22,-10,30,0,0,2.301,64.561,4.383,-9.345,1,6.374,1,0.06,0.09,0,0,0,0,2.3,2.89,0
12.292,intervention,-4.729,0,0,22,-10,30,0,0,2.302,64.758,4.396,-9.345,1,6.394,1,0.06,0.066,0,0,0,0,2.3,2.89,0
12.3,intervention,-4.729,0,0,22,-10,30,0,0,2.301,64.725,4.409,-9.345,1,6.392,1,0.098,0.055,0,0,0,0,2.3,2.89,0
12.308,intervention,-4.729,0,0,22,-10,30,0,0,2.305,64.531,4.423,-9.345,1,6.369,1,0.093,0.085,0,0,0,0,2.3,2.89,0
12.317,intervention,-4.729,0,0,22,-10,30,0,0,2.304,64.727,4.436,-9.345,1,6.381,1,0.058,0.051,0,0,0,0,2.3,2.89,0
12.325,intervention,-4.729,0,0,22,-10,30,0,0,2.299,64.475,4.449,-9.345,1,6.413,1,0.078,0.069,0,0,0,0,2.3,2.89,0
12.333,intervention,-4.729,0,0,22,-10,30,0,0,2.298,64.662,4.463,-9.345,1,6.402,1,0.097,0.065,0,0,0,0,2.3,2.89,0
12.342,intervention,-4.729,0,0,22,-10,30,0,0,2.299,64.7,4.476,-9.345,1,6.45,1,0.054,0.071,0,0,0,0,2.3,2.89,0
12.35,intervention,-4.729,0,0,22,-10,30,0,0,2.299,64.722,4.489,-9.345,1,6.423,1,0.092,0.072,0,0,0,0,2.3,2.89,0
12.358,intervention,-4.729,0,0,22,-10,30,0,0,2.301,64.55,4.503,-9.345,1,6.458,1,0.07,0.066,0,0,0,0,2.3,2.89,0
12.367,intervention,-4.729,0,0,22,-10,30,0,0,2.3,64.724,4.516,-9.345,1,6.441,1,0.072,0.065,0,0,0,0,2.3,2.89,0
12.375,intervention,-4.729,0,0,22,-10,30,0,0,2.297,64.738,4.529,-9.345,1,6.488,1,0.084,0.069,0,0,0,0,2.3,2.89,0
12.383,intervention,-4.729,0,0,22,-10,30,0,0,2.298,64.657,4.543,-9.345,1,6.464,1,0.067,0.063,0,0,0,0,2.3,2.89,0
12.392,intervention,-4.729,0,0,22,-10,30,0,0,2.303,64.62,4.556,-9.345,1,6.508,1,0.072,0.073,0,0,0,0,2.3,2.89,0
12.4,intervention,-4.729,0,0,22,-10,30,0,0,2.301,64.588,4.569,-9.345,1,6.49,1,0.053,0.074,0,0,0,0,2.3,2.89,0
12.408,intervention,-4.729,0,0,22,-10,30,0,0,2.302,64.507,4.583,-9.345,1,6.5,1,0.093,0.071,0,0,0,0,2.3,2.89,0
12.417,intervention,-4.729,0,0,22,-10,30,0,0,2.298,64.622,4.596,-9.345,1,6.507,1,0.075,0.088,0,0,0,0,2.3,2.89,0
12.425,intervention,-4.729,0,0,22,-10,30,0,0,2.3,64.614,4.609,-9.345,1,6.505,1,0.075,0.082,0,0,0,0,2.3,2.89,0
12.433,intervention,-4.729,0,0,22,-10,30,0,0,2.3,64.5,4.623,-9.345,1,6.522,1,0.06,0.077,0,0,0,0,2.3,2.89,0
12.442,intervention,-4.729,0,0,22,-10,30,0,0,2.304,64.737,4.636,-9.345,1,6.555,1,0.072,0.079,0,0,0,0,2.3,2.89,0
12.45,intervention,-4.729,0,0,22,-10,30,0,0,2.298,64.66,4.649,-9.345,1,6.528,1,0.084,0.067,0,0,0,0,2.3,2.89,0
12.458,intervention,-4.729,0,0,22,-10,30,0,0,2.297,64.592,4.663,-9.345,1,6.546,1,0.067,0.063,0,0,0,0,2.3,2.89,0
12.467,intervention,-4.729,0,0,22,-10,30,0,0,2.304,64.564,4.676,-9.345,1,6.561,1,0.093,0.081,0,0,0,0,2.3,2.89,0
12.475,intervention,-4.729,0,0,22,-10,30,0,0,2.303,64.676,4.689,-9.345,1,6.558,1,0.072,0.086,0,0,0,0,2.3,2.89,0
12.483,intervention,-4.729,0,0,22,-10,30,0,0,2.301,64.573,4.703,-9.345,1,6.583,1,0.056,0.077,0,0,0,0,2.3,2.89,0
12.492,intervention,-4.729,0,0,22,-10,30,0,0,2.3,64.53,4.716,-9.345,1,6.604,1,0.098,0.089,0,0,0,0,2.3,2.89,0
12.5,intervention,-4.729,0,0,22,-10,30,0,0,2.299,64.593,4.729,-9.345,1,6.586,1,0.069,0.061,0,0,0,0,2.3,2.89,0
12.508,intervention,-4.729,0,0,22,-10,30,0,0,2.302,64.575,4.743,-9.345,1,6.639,1,0.051,0.082,0,0,0,0,2.3,2.89,0
12.517,intervention,-4.729,0,0,22,-10,30,0,0,2.299,64.721,4.756,-9.345,1,6.643,1,0.073,0.081,0,0,0,0,2.3,2.89,0
12.525,intervention,-4.729,0,0,22,-10,30,0,0,2.303,64.618,4.769,-9.345,1,6.657,1,0.089,0.065,0,0,0,0,2.3,2.89,0
12.533,intervention,-4.729,0,0,22,-10,30,0,0,2.295,64.659,4.783,-9.345,1,6.658,1,0.056,0.086,0,0,0,0,2.3,2.89,0
12.542,intervention,-4.729,0,0,22,-10,30,0,0,2.3,64.504,4.796,-9.345,1,6.632,1,0.096,0.09,0,0,0,0,2.3,2.89,0
12.55,intervention,-4.729,0,0,22,-10,30,0,0,2.296,64.62,4.809,-9.345,1,6.668,1,0.099,0.056,0,0,0,0,2.3,2.89,0
12.558,intervention,-4.729,0,0,22,-10,30,0,0,2.297,64.684,4.823,-9.345,1,6.675,1,0.091,0.087,0,0,0,0,2.3,2.89,0
12.567,intervention,-4.729,0,0,22,-10,30,0,0,2.303,64.535,4.836,-9.345,1,6.666,1,0.053,0.082,0,0,0,0,2.3,2.89,0
12.575,intervention,-4.729,0,0,22,-10,30,0,0,2.304,64.714,4.849,-9.345,1,6.685,1,0.079,0.068,0,0,0,0,2.3,2.89,0
12.583,intervention,-4.729,0,0,22,-10,30,0,0,2.296,64.553,4.863,-9.345,1,6.718,1,0.085,0.074,0,0,0,0,2.3,2.89,0
12.592,intervention,-4.729,0,0,22,-10,30,0,0,2.303,64.582,4.876,-9.345,1,6.714,1,0.077,0.074,0,0,0,0,2.3,2.89,0
12.6,intervention,-4.729,0,0,22,-10,30,0,0,2.301,64.728,4.889,-9.345,1,6.723,1,0.053,0.083,0,0,0,0,2.3,2.89,0
12.608,intervention,-4.729,0,0,22,-10,30,0,0,2.3,64.587,4.903,-9.345,1,6.72,1,0.078,0.072,0,0,0,0,2.3,2.89,0
12.617,intervention,-4.729,0,0,22,-10,30,0,0,2.302,64.761,4.916,-9.345,1,6.741,1,0.093,0.059,0,0,0,0,2.3,2.89,0
12.625,intervention,-4.729,0,0,22,-10,30,0,0,2.301,64.719,4.929,-9.345,1,6.773,1,0.057,0.083,0,0,0,0,2.3,2.89,0
12.633,intervention,-4.729,0,0,22,-10,30,0,0,2.302,64.512,4.943,-9.345,1,6.74,1,0.066,0.078,0,0,0,0,2.3,2.89,0
12.642,intervention,-4.729,0,0,22,-10,30,0,0,2.305,64.542,4.956,-9.345,1,6.749,1,0.082,0.068,0,0,0,0,2.3,2.89,0
12.65,intervention,-4.729,0,0,22,-10,30,0,0,2.297,64.753,4.969,-9.345,1,6.785,1,0.085,0.079,0,0,0,0,2.3,2.89,0
12.658,intervention,-4.729,0,0,22,-10,30,0,0,2.299,64.511,4.983,-9.345,1,6.809,1,0.092,0.082,0,0,0,0,2.3,2.89,0
12.667,intervention,-4.729,0,0,22,-10,30,0,0,2.302,64.505,4.996,-9.345,1,6.806,1,0.05,0.064,0,0,0,0,2.3,2.89,0
12.675,intervention,-4.729,0,0,22,-10,30,0,0,2.298,64.596,5.009,-9.345,1,6.793,1,0.098,0.052,0,0,0,0,2.3,2.89,0
12.683,intervention,-4.729,0,0,22,-10,30,0,0,2.304,64.644,5.023,-9.345,1,6.829,1,0.086,0.057,0,0,0,0,2.3,2.89,0
12.692,intervention,-4.729,0,0,22,-10,30,0,0,2.301,64.699,5.036,-9.345,1,6.81,1,0.062,0.064,0,0,0,0,2.3,2.89,0
12.7,intervention,-4.729,0,0,22,-10,30,0,0,2.304,64.72,5.049,-9.345,1,6.82,1,0.096,0.056,0,0,0,0,2.3,2.89,0
12.708,intervention,-4.729,0,0,22,-10,30,0,0,2.305,64.616,5.063,-9.345,1,6.849,1,0.051,0.074,0,0,0,0,2.3,2.89,0
12.717,intervention,-4.729,0,0,22,-10,30,0,0,2.304,64.502,5.076,-9.345,1,6.856,1,0.085,0.085,0,0,0,0,2.3,2.89,0
12.725,intervention,-4.729,0,0,22,-10,30,0,0,2.302,64.549,5.089,-9.345,1,6.873,1,0.091,0.059,0,0,0,0,2.3,2.89,0
12.733,intervention,-4.729,0,0,22,-10,30,0,0,2.298,64.654,5.103,-9.345,1,6.872,1,0.091,0.07,0,0,0,0,2.3,2.89,0
12.742,intervention,-4.729,0,0,22,-10,30,0,0,2.299,64.675,5.116,-9.345,1,6.869,1,0.1,0.055,0,0,0,0,2.3,2.89,0
12.75,intervention,-4.729,0,0,22,-10,30,0,0,2.304,64.678,5.129,-9.345,1,6.883,1,0.067,0.068,0,0,0,0,2.3,2.89,0
12.758,intervention,-4.729,0,0,22,-10,30,0,0,2.302,64.671,5.143,-9.345,1,6.914,1,0.098,0.067,0,0,0,0,2.3,2.89,0
12.767,intervention,-4.729,0,0,22,-10,30,0,0,2.296,64.625,5.156,-9.345,1,6.938,1,0.075,0.083,0,0,0,0,2.3,2.89,0
12.775,intervention,-4.729,0,0,22,-10,30,0,0,2.302,64.762,5.169,-9.345,1,6.94,1,0.06,0.084,0,0,0,0,2.3,2.89,0
12.783,intervention,-4.729,0,0,22,-10,30,0,0,2.301,64.645,5.183,-9.345,1,6.957,1,0.062,0.074,0,0,0,0,2.3,2.89,0
12.792,intervention,-4.729,0,0,22,-10,30,0,0,2.297,64.493,5.196,-9.345,1,6.946,1,0.089,0.053,0,0,0,0,2.3,2.89,0
12.8,intervention,-4.729,0,0,22,-10,30,0,0,2.297,64.778,5.209,-9.345,1,6.947,1,0.074,0.06,0,0,0,0,2.3,2.89,0
12.808,intervention,-4.729,0,0,22,-10,30,0,0,2.298,64.685,5.223,-9.345,1,6.981,1,0.089,0.052,0,0,0,0,2.3,2.89,0
12.817,intervention,-4.729,0,0,22,-10,30,0,0,2.302,64.74,5.236,-9.345,1,7.002,1,0.09,0.065,0,0,0,0,2.3,2.89,0
12.825,intervention,-4.729,0,0,22,-10,30,0,0,2.305,64.512,5.249,-9.345,1,6.983,1,0.061,0.07,0,0,0,0,2.3,2.89,0
12.833,intervention,-4.729,0,0,22,-10,30,0,0,2.301,64.757,5.263,-9.345,1,7.024,1,0.097,0.057,0,0,0,0,2.3,2.89,0
12.842,intervention,-4.729,0,0,22,-10,30,0,0,2.3,64.77,5.276,-9.345,1,6.993,1,0.081,0.054,0,0,0,0,2.3,2.89,0
12.85,intervention,-4.729,0,0,22,-10,30,0,0,2.302,64.495,5.289,-9.345,1,7.038,1,0.052,0.053,0,0,0,0,2.3,2.89,0
12.858,intervention,-4.729,0,0,22,-10,30,0,0,2.305,64.726,5.303,-9.345,1,7.033,1,0.053,0.082,0,0,0,0,2.3,2.89,0
12.867,intervention,-4.729,0,0,22,-10,30,0,0,2.296,64.624,5.316,-9.345,1,7.022,1,0.091,0.087,0,0,0,0,2.3,2.89,0
12.875,intervention,-4.729,0,0,22,-10,30,0,0,2.302,64.543,5.329,-9.345,1,7.054,1,0.091,0.06,0,0,0,0,2.3,2.89,0
12.883,intervention,-4.729,0,0,22,-10,30,0,0,2.3,64.626,5.343,-9.345,1,7.04,1,0.095,0.052,0,0,0,0,2.3,2.89,0
12.892,intervention,-4.729,0,0,22,-10,30,0,0,2.302,64.698,5.356,-9.345,1,7.054,1,0.097,0.053,0,0,0,0,2.3,2.89,0
12.9,intervention,-4.729,0,0,22,-10,30,0,0,2.295,64.752,5.369,-9.345,1,7.092,1,0.093,0.081,0,0,0,0,2.3,2.89,0
12.908,intervention,-4.729,0,0,22,-10,30,0,0,2.301,64.665,5.383,-9.345,1,7.111,1,0.052,0.09,0,0,0,0,2.3,2.89,0
12.917,intervention,-4.729,0,0,22,-10,30,0,0,2.303,64.745,5.396,-9.345,1,7.107,1,0.052,0.055,0,0,0,0,2.3,2.89,0
12.925,intervention,-4.729,0,0,22,-10,30,0,0,2.299,64.72,5.409,-9.345,1,7.086,1,0.072,0.073,0,0,0,0,2.3,2.89,0
12.933,intervention,-4.729,0,0,22,-10,30,0,0,2.301,64.589,5.423,-9.345,1,7.138,1,0.092,0.083,0,0,0,0,2.3,2.89,0
12.942,intervention,-4.729,0,0,22,-10,30,0,0,2.302,64.623,5.436,-9.345,1,7.124,1,0.054,0.061,0,0,0,0,2.3,2.89,0
12.95,intervention,-4.729,0,0,22,-10,30,0,0,2.303,64.573,5.449,-9.345,1,7.131,1,0.083,0.068,0,0,0,0,2.3,2.89,0
12.958,intervention,-4.729,0,0,22,-10,30,0,0,2.3,64.57,5.463,-9.345,1,7.157,1,0.098,0.052,0,0,0,0,2.3,2.89,0
12.967,intervention,-4.729,0,0,22,-10,30,0,0,2.304,64.665,5.476,-9.345,1,7.156,1,0.095,0.056,0,0,0,0,2.3,2.89,0
12.975,intervention,-4.729,0,0,22,-10,30,0,0,2.297,64.761,5.489,-9.345,1,7.152,1,0.079,0.077,0,0,0,0,2.3,2.89,0
12.983,intervention,-4.729,0,0,22,-10,30,0,0,2.305,64.754,5.503,-9.345,1,7.204,1,0.09,0.064,0,0,0,0,2.3,2.89,0
12.992,intervention,-4.729,0,0,22,-10,30,0,0,2.301,64.745,5.516,-9.345,1,7.195,1,0.077,0.057,0,0,0,0,2.3,2.89,0
13,intervention,-4.729,0,0,22,-10,30,0,0,2.303,64.543,5.529,-9.345,1,7.186,1,0.1,0.05,0,0,0,0,2.3,2.89,0
13.008,intervention,-4.729,0,0,22,-10,30,0,0,2.3,64.769,5.543,-9.345,1,7.198,1,0.059,0.057,0,0,0,0,2.3,2.89,0
13.017,intervention,-4.729,0,0,22,-10,30,0,0,2.3,64.66,5.556,-9.345,1,7.212,1,0.076,0.067,0,0,0,0,2.3,2.89,0
13.025,intervention,-4.729,0,0,22,-10,30,0,0,2.296,64.658,5.569,-9.345,1,7.222,1,0.065,0.088,0,0,0,0,2.3,2.89,0
13.033,intervention,-4.729,0,0,22,-10,30,0,0,2.296,64.796,5.583,-9.345,1,7.26,1,0.068,0.056,0,0,0,0,2.3,2.89,0
13.042,intervention,-4.729,0,0,22,-10,30,0,0,2.3,64.672,5.596,-9.345,1,7.273,1,0.053,0.087,0,0,0,0,2.3,2.89,0
13.05,intervention,-4.729,0,0,22,-10,30,0,0,2.299,64.737,5.609,-9.345,1,7.27,1,0.078,0.071,0,0,0,0,2.3,2.89,0
13.058,intervention,-4.729,0,0,22,-10,30,0,0,2.298,64.598,5.623,-9.345,1,7.292,1,0.099,0.066,0,0,0,0,2.3,2.89,0
13.067,intervention,-4.729,0,0,22,-10,30,0,0,2.298,64.64,5.636,-9.345,1,7.292,1,0.057,0.053,0,0,0,0,2.3,2.89,0
13.075,intervention,-4.729,0,0,22,-10,30,0,0,2.303,64.8,5.649,-9.345,1,7.299,1,0.05,0.065,0,0,0,0,2.3,2.89,0
13.083,intervention,-4.729,0,0,22,-10,30,0,0,2.303,64.744,5.663,-9.345,1,7.3,1,0.098,0.08,0,0,0,0,2.3,2.89,0
13.092,intervention,-4.729,0,0,22,-10,30,0,0,2.304,64.746,5.676,-9.345,1,7.307,1,0.077,0.052,0,0,0,0,2.3,2.89,0
13.1,intervention,-4.729,0,0,22,-10,30,0,0,2.305,64.683,5.689,-9.345,1,7.321,1,0.083,0.071,0,0,0,0,2.3,2.89,0
13.108,intervention,-4.729,0,0,22,-10,30,0,0,2.305,64.803,5.703,-9.345,1,7.351,1,0.087,0.076,0,0,0,0,2.3,2.89,0
13.117,intervention,-4.729,0,0,22,-10,30,0,0,2.301,64.69,5.716,-9.345,1,7.36,1,0.063,0.052,0,0,0,0,2.3,2.89,0
13.125,intervention,-4.729,0,0,22,-10,30,0,0,2.302,64.565,5.729,-9.345,1,7.377,1,0.084,0.067,0,0,0,0,2.3,2.89,0
13.133,intervention,-4.729,0,0,22,-10,30,0,0,2.3,64.614,5.743,-9.345,1,7.378,1,0.1,0.085,0,0,0,0,2.3,2.89,0
13.142,intervention,-4.729,0,0,22,-10,30,0,0,2.304,64.544,5.756,-9.345,1,7.393,1,0.08,0.068,0,0,0,0,2.3,2.89,0
13.15,intervention,-4.729,0,0,22,-10,30,0,0,2.304,64.52,5.769,-9.345,1,7.397,1,0.082,0.072,0,0,0,0,2.3,2.89,0
13.158,intervention,-4.729,0,0,22,-10,30,0,0,2.301,64.516,5.783,-9.345,1,7.375,1,0.063,0.053,0,0,0,0,2.3,2.89,0
13.167,intervention,-4.729,0,0,22,-10,30,0,0,2.298,64.695,5.796,-9.345,1,7.424,1,0.056,0.053,0,0,0,0,2.3,2.89,0
13.175,intervention,-4.729,0,0,22,-10,30,0,0,2.304,64.736,5.809,-9.345,1,7.439,1,0.089,0.057,0,0,0,0,2.3,2.89,0
13.183,intervention,-4.729,0,0,22,-10,30,0,0,2.304,64.754,5.823,-9.345,1,7.448,1,0.055,0.054,0,0,0,0,2.3,2.89,0
13.192,intervention,-4.729,0,0,22,-10,30,0,0,2.304,64.807,5.836,-9.345,1,7.44,1,0.098,0.079,0,0,0,0,2.3,2.89,0
13.2,intervention,-4.729,0,0,22,-10,30,0,0,2.3,64.525,5.849,-9.345,1,7.458,1,0.059,0.076,0,0,0,0,2.3,2.89,0
13.208,intervention,-4.729,0,0,22,-10,30,0,0,2.301,64.567,5.863,-9.345,1,7.447,1,0.075,0.086,0,0,0,0,2.3,2.89,0
13.217,intervention,-4.729,0,0,22,-10,30,0,0,2.304,64.798,5.876,-9.345,1,7.494,1,0.085,0.078,0,0,0,0,2.3,2.89,0
13.225,intervention,-4.729,0,0,22,-10,30,0,0,2.303,64.565,5.889,-9.345,1,7.462,1,0.09,0.088,0,0,0,0,2.3,2.89,0
13.233,intervention,-4.729,0,0,22,-10,30,0,0,2.297,64.599,5.903,-9.345,1,7.479,1,0.096,0.071,0,0,0,0,2.3,2.89,0
13.242,intervention,-4.729,0,0,22,-10,30,0,0,2.3,64.561,5.916,-9.345,1,7.523,1,0.089,0.076,0,0,0,0,2.3,2.89,0
13.25,intervention,-4.729,0,0,22,-10,30,0,0,2.301,64.513,5.929,-9.345,1,7.537,1,0.065,0.083,0,0,0,0,2.3,2.89,0
13.258,intervention,-4.729,0,0,22,-10,30,0,0,2.303,64.633,5.943,-9.345,1,7.545,1,0.072,0.056,0,0,0,0,2.3,2.89,0
13.267,intervention,-4.729,0,0,22,-10,30,0,0,2.296,64.701,5.956,-9.345,1,7.556,1,0.092,0.088,0,0,0,0,2.3,2.89,0
13.275,intervention,-4.729,0,0,22,-10,30,0,0,2.295,64.532,5.969,-9.345,1,7.522,1,0.086,0.051,0,0,0,0,2.3,2.89,0
13.283,intervention,-4.729,0,0,22,-10,30,0,0,2.298,64.754,5.983,-9.345,1,7.542,1,0.078,0.072,0,0,0,0,2.3,2.89,0
13.292,intervention,-4.729,0,0,22,-10,30,0,0,2.296,64.583,5.996,-9.345,1,7.545,1,0.097,0.053,0,0,0,0,2.3,2.89,0
13.3,intervention,-4.729,0,0,22,-10,30,0,0,2.299,64.638,6.009,-9.345,1,7.592,1,0.057,0.088,0,0,0,0,2.3,2.89,0
13.308,intervention,-4.729,0,0,22,-10,30,0,0,2.299,64.573,6.023,-9.345,1,7.613,1,0.084,0.07,0,0,0,0,2.3,2.89,0
13.317,intervention,-4.729,0,0,22,-10,30,0,0,2.302,64.67,6.036,-9.345,1,7.614,1,0.051,0.082,0,0,0,0,2.3,2.89,0
13.325,intervention,-4.729,0,0,22,-10,30,0,0,2.298,64.591,6.049,-9.345,1,7.633,1,0.057,0.077,0,0,0,0,2.3,2.89,0
13.333,intervention,-4.729,0,0,22,-10,30,0,0,2.302,64.591,6.063,-9.345,1,7.605,1,0.058,0.05,0,0,0,0,2.3,2.89,0
13.342,intervention,-4.729,0,0,22,-10,30,0,0,2.304,64.632,6.076,-9.345,1,7.624,1,0.094,0.06,0,0,0,0,2.3,2.89,0
13.35,intervention,-4.729,0,0,22,-10,30,0,0,2.296,64.52,6.089,-9.345,1,7.633,1,0.054,0.082,0,0,0,0,2.3,2.89,0
13.358,intervention,-4.729,0,0,22,-10,30,0,0,2.305,64.776,6.103,-9.345,1,7.644,1,0.07,0.073,0,0,0,0,2.3,2.89,0
13.367,intervention,-4.729,0,0,22,-10,30,0,0,2.305,64.814,6.116,-9.345,1,7.665,1,0.056,0.073,0,0,0,0,2.3,2.89,0
13.375,intervention,-4.729,0,0,22,-10,30,0,0,2.305,64.764,6.129,-9.345,1,7.698,1,0.054,0.059,0,0,0,0,2.3,2.89,0
13.383,intervention,-4.729,0,0,22,-10,30,0,0,2.3,64.712,6.143,-9.345,1,7.705,1,0.069,0.052,0,0,0,0,2.3,2.89,0
13.392,intervention,-4.729,0,0,22,-10,30,0,0,2.3,64.769,6.156,-9.345,1,7.687,1,0.064,0.052,0,0,0,0,2.3,2.89,0
13.4,intervention,-4.729,0,0,22,-10,30,0,0,2.298,64.711,6.169,-9.345,1,7.684,1,0.093,0.081,0,0,0,0,2.3,2.89,0
13.408,intervention,-4.729,0,0,22,-10,30,0,0,2.301,64.53,6.183,-9.345,1,7.691,1,0.091,0.07,0,0,0,0,2.3,2.89,0
13.417,intervention,-4.729,0,0,22,-10,30,0,0,2.299,64.74,6.196,-9.345,1,7.726,1,0.097,0.07,0,0,0,0,2.3,2.89,0
13.425,intervention,-4.729,0,0,22,-10,30,0,0,2.303,64.584,6.209,-9.345,1,7.75,1,0.057,0.061,0,0,0,0,2.3,2.89,0
13.433,intervention,-4.729,0,0,22,-10,30,0,0,2.297,64.738,6.223,-9.345,1,7.743,1,0.077,0.084,0,0,0,0,2.3,2.89,0
13.442,intervention,-4.729,0,0,22,-10,30,0,0,2.296,64.821,6.236,-9.345,1,7.763,1,0.092,0.081,0,0,0,0,2.3,2.89,0
13.45,intervention,-4.729,0,0,22,-10,30,0,0,2.3,64.538,6.249,-9.345,1,7.791,1,0.064,0.054,0,0,0,0,2.3,2.89,0
13.458,intervention,-4.729,0,0,22,-10,30,0,0,2.298,64.711,6.263,-9.345,1,7.804,1,0.099,0.074,0,0,0,0,2.3,2.89,0
13.467,intervention,-4.729,0,0,22,-10,30,0,0,2.303,64.72,6.276,-9.345,1,7.772,1,0.061,0.079,0,0,0,0,2.3,2.89,0
13.475,intervention,-4.729,0,0,22,-10,30,0,0,2.302,64.68,6.289,-9.345,1,7.789,1,0.088,0.064,0,0,0,0,2.3,2.89,0
13.483,intervention,-4.729,0,0,22,-10,30,0,0,2.304,64.61,6.303,-9.345,1,7.796,1,0.065,0.065,0,0,0,0,2.3,2.89,0
13.492,intervention,-4.729,0,0,22,-10,30,0,0,2.305,64.689,6.316,-9.345,1,7.816,1,0.055,0.051,0,0,0,0,2.3,2.89,0
13.5,intervention,-4.729,0,0,22,-10,30,0,0,2.297,64.558,6.329,-9.345,1,7.818,1,0.097,0.068,0,0,0,0,2.3,2.89,0
13.508,intervention,-4.729,0,0,22,-10,30,0,0,2.305,64.688,6.343,-9.345,1,7.823,1,0.08,0.064,0,0,0,0,2.3,2.89,0
13.517,intervention,-4.729,0,0,22,-10,30,0,0,2.297,64.615,6.356,-9.345,1,7.868,1,0.075,0.078,0,0,0,0,2.3,2.89,0
13.525,intervention,-4.729,0,0,22,-10,30,0,0,2.3,64.649,6.369,-9.345,1,7.854,1,0.075,0.069,0,0,0,0,2.3,2.89,0
13.533,intervention,-4.729,0,0,22,-10,30,0,0,2.302,64.666,6.383,-9.345,1,7.873,1,0.065,0.057,0,0,0,0,2.3,2.89,0
13.542,intervention,-4.729,0,0,22,-10,30,0,0,2.304,64.701,6.396,-9.345,1,7.911,1,0.09,0.054,0,0,0,0,2.3,2.89,0
13.55,intervention,-4.729,0,0,22,-10,30,0,0,2.304,64.569,6.409,-9.345,1,7.904,1,0.075,0.057,0,0,0,0,2.3,2.89,0
13.558,intervention,-4.729,0,0,22,-10,30,0,0,2.302,64.683,6.423,-9.345,1,7.896,1,0.05,0.082,0,0,0,0,2.3,2.89,0
13.567,intervention,-4.729,0,0,22,-10,30,0,0,2.296,64.553,6.436,-9.345,1,7.926,1,0.079,0.085,0,0,0,0,2.3,2.89,0
13.575,intervention,-4.729,0,0,22,-10,30,0,0,2.297,64.669,6.449,-9.345,1,7.921,1,0.097,0.072,0,0,0,0,2.3,2.89,0
13.583,intervention,-4.729,0,0,22,-10,30,0,0,2.298,64.639,6.463,-9.345,1,7.957,1,0.07,0.078,0,0,0,0,2.3,2.89,0
13.592,intervention,-4.729,0,0,22,-10,30,0,0,2.3,64.596,6.476,-9.345,1,7.977,1,0.058,0.07,0,0,0,0,2.3,2.89,0
13.6,intervention,-4.729,0,0,22,-10,30,0,0,2.305,64.578,6.489,-9.345,1,7.952,1,0.055,0.082,0,0,0,0,2.3,2.89,0
13.608,intervention,-4.729,0,0,22,-10,30,0,0,2.299,64.533,6.503,-9.345,1,7.977,1,0.071,0.069,0,0,0,0,2.3,2.89,0
13.617,intervention,-4.729,0,0,22,-10,30,0,0,2.301,64.81,6.516,-9.345,1,7.961,1,0.075,0.076,0,0,0,0,2.3,2.89,0
13.625,intervention,-4.729,0,0,22,-10,30,0,0,2.296,64.676,6.529,-9.345,1,8.012,1,0.059,0.074,0,0,0,0,2.3,2.89,0
13.633,intervention,-4.729,0,0,22,-10,30,0,0,2.3,64.591,6.543,-9.345,1,7.987,1,0.098,0.064,0,0,0,0,2.3,2.89,0
13.642,intervention,-4.729,0,0,22,-10,30,0,0,2.299,64.548,6.556,-9.345,1,8.002,1,0.076,0.063,0,0,0,0,2.3,2.89,0
13.65,intervention,-4.729,0,0,22,-10,30,0,0,2.297,64.775,6.569,-9.345,1,8.051,1,0.075,0.089,0,0,0,0,2.3,2.89,0
13.658,intervention,-4.729,0,0,22,-10,30,0,0,2.305,64.55,6.583,-9.345,1,8.02,1,0.075,0.09,0,0,0,0,2.3,2.89,0
13.667,intervention,-4.729,0,0,22,-10,30,0,0,2.305,64.538,6.596,-9.345,1,8.073,1,0.073,0.085,0,0,0,0,2.3,2.89,0
13.675,intervention,-4.729,0,0,22,-10,30,0,0,2.296,64.695,6.609,-9.345,1,8.046,1,0.095,0.056,0,0,0,0,2.3,2.89,0
13.683,intervention,-4.729,0,0,22,-10,30,0,0,2.302,64.661,6.623,-9.345,1,8.079,1,0.064,0.056,0,0,0,0,2.3,2.89,0
13.692,intervention,-4.729,0,0,22,-10,30,0,0,2.297,64.562,6.636,-9.345,1,8.085,1,0.07,0.064,0,0,0,0,2.3,2.89,0
13.7,intervention,-4.729,0,0,22,-10,30,0,0,2.296,64.748,6.649,-9.345,1,8.072,1,0.076,0.072,0,0,0,0,2.3,2.89,0
13.708,intervention,-4.729,0,0,22,-10,30,0,0,2.298,64.566,6.663,-9.345,1,8.112,1,0.067,0.055,0,0,0,0,2.3,2.89,0
13.717,intervention,-4.729,0,0,22,-10,30,0,0,2.297,64.791,6.676,-9.345,1,8.112,1,0.092,0.057,0,0,0,0,2.3,2.89,0
13.725,intervention,-4.729,0,0,22,-10,30,0,0,2.305,64.699,6.689,-9.345,1,8.106,1,0.082,0.064,0,0,0,0,2.3,2.89,0
13.733,intervention,-4.729,0,0,22,-10,30,0,0,2.303,64.739,6.703,-9.345,1,8.16,1,0.093,0.078,0,0,0,0,2.3,2.89,0
13.742,intervention,-4.729,0,0,22,-10,30,0,0,2.301,64.555,6.716,-9.345,1,8.138,1,0.08,0.066,0,0,0,0,2.3,2.89,0
13.75,intervention,-4.729,0,0,22,-10,30,0,0,2.298,64.667,6.729,-9.345,1,8.144,1,0.067,0.063,0,0,0,0,2.3,2.89,0
13.758,intervention,-4.729,0,0,22,-10,30,0,0,2.304,64.63,6.743,-9.345,1,8.183,1,0.096,0.07,0,0,0,0,2.3,2.89,0
13.767,intervention,-4.729,0,0,22,-10,30,0,0,2.304,64.573,6.756,-9.345,1,8.163,1,0.097,0.069,0,0,0,0,2.3,2.89,0
13.775,intervention,-4.729,0,0,22,-10,30,0,0,2.297,64.672,6.769,-9.345,1,8.194,1,0.071,0.064,0,0,0,0,2.3,2.89,0
13.783,intervention,-4.729,0,0,22,-10,30,0,0,2.304,64.714,6.783,-9.345,1,8.183,1,0.1,0.082,0,0,0,0,2.3,2.89,0
13.792,intervention,-4.729,0,0,22,-10,30,0,0,2.298,64.648,6.796,-9.345,1,8.235,1,0.054,0.078,0,0,0,0,2.3,2.89,0
13.8,intervention,-4.729,0,0,22,-10,30,0,0,2.301,64.696,6.809,-9.345,1,8.219,1,0.095,0.076,0,0,0,0,2.3,2.89,0
13.808,intervention,-4.729,0,0,22,-10,30,0,0,2.299,64.781,6.823,-9.345,1,8.219,1,0.052,0.078,0,0,0,0,2.3,2.89,0
13.817,intervention,-4.729,0,0,22,-10,30,0,0,2.301,64.633,6.836,-9.345,1,8.268,1,0.087,0.072,0,0,0,0,2.3,2.89,0
13.825,intervention,-4.729,0,0,22,-10,30,0,0,2.305,64.65,6.849,-9.345,1,8.274,1,0.054,0.064,0,0,0,0,2.3,2.89,0
13.833,intervention,-4.729,0,0,22,-10,30,0,0,2.3,64.715,6.863,-9.345,1,8.266,1,0.063,0.061,0,0,0,0,2.3,2.89,0
13.842,intervention,-4.729,0,0,22,-10,30,0,0,2.299,64.557,6.876,-9.345,1,8.3,1,0.055,0.07,0,0,0,0,2.3,2.89,0
13.85,intervention,-4.729,0,0,22,-10,30,0,0,2.298,64.794,6.889,-9.345,1,8.281,1,0.093,0.054,0,0,0,0,2.3,2.89,0
13.858,intervention,-4.729,0,0,22,-10,30,0,0,2.299,64.646,6.903,-9.345,1,8.31,1,0.086,0.088,0,0,0,0,2.3,2.89,0
13.867,intervention,-4.729,0,0,22,-10,30,0,0,2.303,64.602,6.916,-9.345,1,8.315,1,0.069,0.084,0,0,0,0,2.3,2.89,0
13.875,intervention,-4.729,0,0,22,-10,30,0,0,2.297,64.61,6.929,-9.345,1,8.313,1,0.096,0.072,0,0,0,0,2.3,2.89,0
13.883,intervention,-4.729,0,0,22,-10,30,0,0,2.297,64.676,6.943,-9.345,1,8.325,1,0.07,0.079,0,0,0,0,2.3,2.89,0
13.892,intervention,-4.729,0,0,22,-10,30,0,0,2.299,64.568,6.956,-9.345,1,8.356,1,0.066,0.066,0,0,0,0,2.3,2.89,0
13.9,intervention,-4.729,0,0,22,-10,30,0,0,2.302,64.767,6.969,-9.345,1,8.336,1,0.065,0.058,0,0,0,0,2.3,2.89,0
13.908,intervention,-4.729,0,0,22,-10,30,0,0,2.296,64.788,6.983,-9.345,1,8.353,1,0.075,0.062,0,0,0,0,2.3,2.89,0
13.917,intervention,-4.729,0,0,22,-10,30,0,0,2.3,64.547,6.996,-9.345,1,8.367,1,0.059,0.086,0,0,0,0,2.3,2.89,0
13.925,intervention,-4.729,0,0,22,-10,30,0,0,2.301,64.589,7.009,-9.345,1,8.409,1,0.055,0.078,0,0,0,0,2.3,2.89,0
13.933,intervention,-4.729,0,0,22,-10,30,0,0,2.299,64.818,7.023,-9.345,1,8.386,1,0.067,0.088,0,0,0,0,2.3,2.89,0
13.942,intervention,-4.729,0,0,22,-10,30,0,0,2.304,64.628,7.036,-9.345,1,8.392,1,0.066,0.061,0,0,0,0,2.3,2.89,0
13.95,intervention,-4.729,0,0,22,-10,30,0,0,2.297,64.735,7.049,-9.345,1,8.425,1,0.056,0.05,0,0,0,0,2.3,2.89,0
13.958,intervention,-4.729,0,0,22,-10,30,0,0,2.299,64.763,7.063,-9.345,1,8.461,1,0.083,0.056,0,0,0,0,2.3,2.89,0
13.967,intervention,-4.729,0,0,22,-10,30,0,0,2.305,64.839,7.076,-9.345,1,8.427,1,0.066,0.068,0,0,0,0,2.3,2.89,0
13.975,intervention,-4.729,0,0,22,-10,30,0,0,2.297,64.773,7.089,-9.345,1,8.476,1,0.061,0.068,0,0,0,0,2.3,2.89,0
13.983,intervention,-4.729,0,0,22,-10,30,0,0,2.295,64.761,7.103,-9.345,1,8.482,1,0.06,0.05,0,0,0,0,2.3,2.89,0
13.992,intervention,-4.729,0,0,22,-10,30,0,0,2.301,64.617,7.116,-9.345,1,8.46,1,0.096,0.053,0,0,0,0,2.3,2.89,0
14,intervention,-4.729,0,0,22,-10,30,0,0,2.301,64.667,7.129,-9.345,1,8.509,1,0.086,0.069,0,0,0,0,2.3,2.89,0
14.008,intervention,-4.729,0,0,22,-10,30,0,0,2.3,64.735,7.143,-9.345,1,8.51,1,0.054,0.06,0,0,0,0,2.3,2.89,0
14.017,intervention,-4.729,0,0,22,-10,30,0,0,2.303,64.845,7.156,-9.345,1,8.505,1,0.072,0.083,0,0,0,0,2.3,2.89,0
14.025,intervention,-4.729,0,0,22,-10,30,0,0,2.302,64.597,7.169,-9.345,1,8.515,1,0.089,0.09,0,0,0,0,2.3,2.89,0
14.033,intervention,-4.729,0,0,22,-10,30,0,0,2.299,64.765,7.183,-9.345,1,8.52,1,0.072,0.056,0,0,0,0,2.3,2.89,0
14.042,intervention,-4.729,0,0,22,-10,30,0,0,2.298,64.713,7.196,-9.345,1,8.562,1,0.088,0.076,0,0,0,0,2.3,2.89,0
14.05,intervention,-4.729,0,0,22,-10,30,0,0,2.303,64.812,7.209,-9.345,1,8.566,1,0.087,0.072,0,0,0,0,2.3,2.89,0
14.058,intervention,-4.729,0,0,22,-10,30,0,0,2.3,64.84,7.223,-9.345,1,8.548,1,0.076,0.08,0,0,0,0,2.3,2.89,0
14.067,intervention,-4.729,0,0,22,-10,30,0,0,2.297,64.776,7.236,-9.345,1,8.581,1,0.099,0.07,0,0,0,0,2.3,2.89,0
14.075,intervention,-4.729,0,0,22,-10,30,0,0,2.296,64.832,7.249,-9.345,1,8.576,1,0.065,0.073,0,0,0,0,2.3,2.89,0
14.083,intervention,-4.729,0,0,22,-10,30,0,0,2.303,64.829,7.263,-9.345,1,8.608,1,0.059,0.059,0,0,0,0,2.3,2.89,0
14.092,intervention,-4.729,0,0,22,-10,30,0,0,2.301,64.663,7.276,-9.345,1,8.592,1,0.087,0.083,0,0,0,0,2.3,2.89,0
14.1,intervention,-4.729,0,0,22,-10,30,0,0,2.304,64.703,7.289,-9.345,1,8.623,1,0.079,0.075,0,0,0,0,2.3,2.89,0
14.108,intervention,-4.729,0,0,22,-10,30,0,0,2.302,64.758,7.303,-9.345,1,8.634,1,0.079,0.069,0,0,0,0,2.3,2.89,0
14.117,intervention,-4.729,0,0,22,-10,30,0,0,2.3,64.558,7.316,-9.345,1,8.641,1,0.076,0.061,0,0,0,0,2.3,2.89,0
14.125,intervention,-4.729,0,0,22,-10,30,0,0,2.301,64.619,7.329,-9.345,1,8.675,1,0.086,0.086,0,0,0,0,2.3,2.89,0
14.133,intervention,-4.729,0,0,22,-10,30,0,0,2.296,64.562,7.343,-9.345,1,8.684,1,0.051,0.072,0,0,0,0,2.3,2.89,0
14.142,intervention,-4.729,0,0,22,-10,30,0,0,2.302,64.762,7.356,-9.345,1,8.705,1,0.073,0.07,0,0,0,0,2.3,2.89,0
14.15,intervention,-4.729,0,0,22,-10,30,0,0,2.301,64.837,7.369,-9.345,1,8.709,1,0.072,0.057,0,0,0,0,2.3,2.89,0
14.158,intervention,-4.729,0,0,22,-10,30,0,0,2.295,64.83,7.383,-9.345,1,8.711,1,0.085,0.052,0,0,0,0,2.3,2.89,0
14.167,intervention,-4.729,0,0,22,-10,30,0,0,2.297,64.811,7.396,-9.345,1,8.7,1,0.087,0.073,0,0,0,0,2.3,2.89,0
14.175,intervention,-4.729,0,0,22,-10,30,0,0,2.3,64.698,7.409,-9.345,1,8.718,1,0.095,0.075,0,0,0,0,2.3,2.89,0
14.183,intervention,-4.729,0,0,22,-10,30,0,0,2.303,64.599,7.423,-9.345,1,8.74,1,0.096,0.083,0,0,0,0,2.3,2.89,0
14.192,intervention,-4.729,0,0,22,-10,30,0,0,2.297,64.77,7.436,-9.345,1,8.77,1,0.091,0.058,0,0,0,0,2.3,2.89,0
14.2,intervention,-4.729,0,0,22,-10,30,0,0,2.298,64.647,7.449,-9.345,1,8.786,1,0.096,0.064,0,0,0,0,2.3,2.89,0
14.208,intervention,-4.729,0,0,22,-10,30,0,0,2.295,64.659,7.463,-9.345,0,8.78,1,0.061,0.088,0,0,0,0,2.3,2.89,0
14.217,intervention,-4.729,0,0,22,-10,30,0,0,2.299,64.66,7.476,-9.345,0,8.766,1,0.097,0.059,0,0,0,0,2.3,2.89,0
14.225,intervention,-4.729,0,0,22,-10,30,0,0,2.298,64.725,7.489,-9.345,0,8.817,1,0.07,0.084,0,0,0,0,2.3,2.89,0
14.233,intervention,-4.729,0,0,22,-10,30,0,0,2.301,64.632,7.5,-9.345,0,8.829,1,0.06,0.071,0,0,0,0,2.3,2.89,0
14.242,intervention,-4.729,0,0,22,-10,30,0,0,2.295,64.593,7.5,-9.345,0,8.79,1,0.053,0.076,0,0,0,0,2.3,2.89,0
14.25,intervention,-4.729,0,0,22,-10,30,0,0,2.296,64.625,7.5,-9.345,0,8.819,1,0.061,0.051,0,0,0,0,2.3,2.89,0
14.258,intervention,-4.729,0,0,22,-10,30,0,0,2.3,64.647,7.5,-9.345,0,8.802,1,0.091,0.058,0,0,0,0,2.3,2.89,0
14.267,intervention,-4.729,0,0,22,-10,30,0,0,2.299,64.628,7.5,-9.345,0,8.787,1,0.063,0.055,0,0,0,0,2.3,2.89,0
14.275,intervention,-4.729,0,0,22,-10,30,0,0,2.3,64.649,7.5,-9.345,0,8.8,1,0.065,0.052,0,0,0,0,2.3,2.89,0
14.283,intervention,-4.729,0,0,22,-10,30,0,0,2.3,64.826,7.5,-9.345,0,8.81,1,0.057,0.08,0,0,0,0,2.3,2.89,0
14.292,intervention,-4.729,0,0,22,-10,30,0,0,2.303,64.726,7.5,-9.345,0,8.807,1,0.057,0.074,0,0,0,0,2.3,2.89,0
14.3,intervention,-4.729,0,0,22,-10,30,0,0,2.297,64.755,7.5,-9.345,0,8.804,1,0.091,0.054,0,0,0,0,2.3,2.89,0
14.308,intervention,-4.729,0,0,22,-10,30,0,0,2.298,64.668,7.5,-9.345,0,8.815,1,0.06,0.072,0,0,0,0,2.3,2.89,0
14.317,intervention,-4.729,0,0,22,-10,30,0,0,2.297,64.566,7.5,-9.345,0,8.79,1,0.095,0.073,0,0,0,0,2.3,2.89,0
14.325,intervention,-4.729,0,0,22,-10,30,0,0,2.296,64.69,7.5,-9.345,0,8.813,1,0.094,0.055,0,0,0,0,2.3,2.89,0
14.333,intervention,-4.729,0,0,22,-10,30,0,0,2.299,64.639,7.5,-9.345,0,8.826,1,0.061,0.062,0,0,0,0,2.3,2.89,0
14.342,intervention,-4.729,0,0,22,-10,30,0,0,2.298,64.63,7.5,-9.345,0,8.783,1,0.084,0.054,0,0,0,0,2.3,2.89,0
14.35,intervention,-4.729,0,0,22,-10,30,0,0,2.298,64.657,7.5,-9.345,0,8.804,1,0.086,0.069,0,0,0,0,2.3,2.89,0
14.358,intervention,-4.729,0,0,22,-10,30,0,0,2.296,64.668,7.5,-9.345,0,8.782,1,0.093,0.084,0,0,0,0,2.3,2.89,0
14.367,intervention,-4.729,0,0,22,-10,30,0,0,2.303,64.769,7.5,-9.345,0,8.797,1,0.088,0.065,0,0,0,0,2.3,2.89,0
14.375,intervention,-4.729,0,0,22,-10,30,0,0,2.297,64.836,7.5,-9.345,0,8.791,1,0.061,0.071,0,0,0,0,2.3,2.89,0
14.383,intervention,-4.729,0,0,22,-10,30,0,0,2.298,64.654,7.5,-9.345,0,8.818,1,0.061,0.066,0,0,0,0,2.3,2.89,0
14.392,intervention,-4.729,0,0,22,-10,30,0,0,2.3,64.669,7.5,-9.345,0,8.782,1,0.054,0.053,0,0,0,0,2.3,2.89,0
14.4,intervention,-4.729,0,0,22,-10,30,0,0,2.295,64.839,7.5,-9.345,0,8.808,1,0.08,0.078,0,0,0,0,2.3,2.89,0
14.408,intervention,-4.729,0,0,22,-10,30,0,0,2.301,64.672,7.5,-9.345,0,8.826,1,0.074,0.088,0,0,0,0,2.3,2.89,0
14.417,intervention,-4.729,0,0,22,-10,30,0,0,2.302,64.755,7.5,-9.345,0,8.814,1,0.075,0.053,0,0,0,0,2.3,2.89,0
14.425,intervention,-4.729,0,0,22,-10,30,0,0,2.299,64.601,7.5,-9.345,0,8.789,1,0.054,0.057,0,0,0,0,2.3,2.89,0
14.433,intervention,-4.729,0,0,22,-10,30,0,0,2.302,64.67,7.5,-9.345,0,8.789,1,0.063,0.058,0,0,0,0,2.3,2.89,0
14.442,intervention,-4.729,0,0,22,-10,30,0,0,2.301,64.856,7.5,-9.345,0,8.794,1,0.096,0.068,0,0,0,0,2.3,2.89,0
14.45,intervention,-4.729,0,0,22,-10,30,0,0,2.295,64.785,7.5,-9.345,0,8.83,1,0.056,0.084,0,0,0,0,2.3,2.89,0
14.458,intervention,-4.729,0,0,22,-10,30,0,0,2.296,64.601,7.5,-9.345,0,8.811,1,0.097,0.084,0,0,0,0,2.3,2.89,0
14.467,intervention,-4.729,0,0,22,-10,30,0,0,2.296,64.699,7.5,-9.345,0,8.793,1,0.074,0.062,0,0,0,0,2.3,2.89,0
14.475,intervention,-4.729,0,0,22,-10,30,0,0,2.301,64.835,7.5,-9.345,0,8.818,1,0.076,0.062,0,0,0,0,2.3,2.89,0
14.483,intervention,-4.729,0,0,22,-10,30,0,0,2.3,64.778,7.5,-9.345,0,8.817,1,0.062,0.076,0,0,0,0,2.3,2.89,0
14.492,intervention,-4.729,0,0,22,-10,30,0,0,2.296,64.855,7.5,-9.345,0,8.805,1,0.085,0.051,0,0,0,0,2.3,2.89,0
14.5,intervention,-4.729,0,0,22,-10,30,0,0,2.299,64.76,7.5,-9.345,0,8.815,1,0.076,0.08,0,0,0,0,2.3,2.89,0
14.508,intervention,-4.729,0,0,22,-10,30,0,0,2.301,64.691,7.5,-9.345,0,8.826,1,0.079,0.089,0,0,0,0,2.3,2.89,0
14.517,intervention,-4.729,0,0,22,-10,30,0,0,2.305,64.683,7.5,-9.345,0,8.798,1,0.069,0.066,0,0,0,0,2.3,2.89,0
14.525,intervention,-4.729,0,0,22,-10,30,0,0,2.296,64.78,7.5,-9.345,0,8.79,1,0.059,0.076,0,0,0,0,2.3,2.89,0
14.533,intervention,-4.729,0,0,22,-10,30,0,0,2.302,64.622,7.5,-9.345,0,8.828,1,0.07,0.068,0,0,0,0,2.3,2.89,0
14.542,intervention,-4.729,0,0,22,-10,30,0,0,2.301,64.704,7.5,-9.345,0,8.801,1,0.057,0.082,0,0,0,0,2.3,2.89,0
14.55,intervention,-4.729,0,0,22,-10,30,0,0,2.296,64.819,7.5,-9.345,0,8.811,1,0.081,0.068,0,0,0,0,2.3,2.89,0
14.558,intervention,-4.729,0,0,22,-10,30,0,0,2.295,64.647,7.5,-9.345,0,8.801,1,0.071,0.073,0,0,0,0,2.3,2.89,0
14.567,intervention,-4.729,0,0,22,-10,30,0,0,2.298,64.799,7.5,-9.345,0,8.801,1,0.084,0.081,0,0,0,0,2.3,2.89,0
14.575,intervention,-4.729,0,0,22,-10,30,0,0,2.298,64.873,7.5,-9.345,0,8.814,1,0.073,0.082,0,0,0,0,2.3,2.89,0
14.583,intervention,-4.729,0,0,22,-10,30,0,0,2.301,64.776,7.5,-9.345,0,8.809,1,0.061,0.07,0,0,0,0,2.3,2.89,0
14.592,intervention,-4.729,0,0,22,-10,30,0,0,2.305,64.828,7.5,-9.345,0,8.829,1,0.053,0.079,0,0,0,0,2.3,2.89,0
14.6,intervention,-4.729,0,0,22,-10,30,0,0,2.303,64.635,7.5,-9.345,0,8.796,1,0.083,0.075,0,0,0,0,2.3,2.89,0
14.608,intervention,-4.729,0,0,22,-10,30,0,0,2.299,64.585,7.5,-9.345,0,8.796,1,0.062,0.075,0,0,0,0,2.3,2.89,0
14.617,intervention,-4.729,0,0,22,-10,30,0,0,2.304,64.66,7.5,-9.345,0,8.822,1,0.06,0.069,0,0,0,0,2.3,2.89,0
14.625,intervention,-4.729,0,0,22,-10,30,0,0,2.302,64.702,7.5,-9.345,0,8.801,1,0.054,0.057,0,0,0,0,2.3,2.89,0
14.633,intervention,-4.729,0,0,22,-10,30,0,0,2.304,64.745,7.5,-9.345,0,8.8,1,0.061,0.082,0,0,0,0,2.3,2.89,0
14.642,intervention,-4.729,0,0,22,-10,30,0,0,2.303,64.714,7.5,-9.345,0,8.826,1,0.061,0.083,0,0,0,0,2.3,2.89,0
14.65,intervention,-4.729,0,0,22,-10,30,0,0,2.301,64.682,7.5,-9.345,0,8.789,1,0.067,0.073,0,0,0,0,2.3,2.89,0
14.658,intervention,-4.729,0,0,22,-10,30,0,0,2.302,64.864,7.5,-9.345,0,8.79,1,0.073,0.056,0,0,0,0,2.3,2.89,0
14.667,intervention,-4.729,0,0,22,-10,30,0,0,2.302,64.654,7.5,-9.345,0,8.828,1,0.089,0.085,0,0,0,0,2.3,2.89,0
14.675,intervention,-4.729,0,0,22,-10,30,0,0,2.296,64.65,7.5,-9.345,0,8.801,1,0.073,0.074,0,0,0,0,2.3,2.89,0
14.683,intervention,-4.729,0,0,22,-10,30,0,0,2.295,64.642,7.5,-9.345,0,8.789,1,0.089,0.063,0,0,0,0,2.3,2.89,0
14.692,intervention,-4.729,0,0,22,-10,30,0,0,2.3,64.702,7.5,-9.345,0,8.792,1,0.074,0.081,0,0,0,0,2.3,2.89,0
14.7,intervention,-4.729,0,0,22,-10,30,0,0,2.298,64.865,7.5,-9.345,0,8.783,1,0.091,0.067,0,0,0,0,2.3,2.89,0
14.708,intervention,-4.729,0,0,22,-10,30,0,0,2.298,64.595,7.5,-9.345,0,8.791,1,0.077,0.067,0,0,0,0,2.3,2.89,0
14.717,intervention,-4.729,0,0,22,-10,30,0,0,2.302,64.713,7.5,-9.345,0,8.794,1,0.09,0.084,0,0,0,0,2.3,2.89,0
14.725,intervention,-4.729,0,0,22,-10,30,0,0,2.303,64.838,7.5,-9.345,0,8.785,1,0.074,0.061,0,0,0,0,2.3,2.89,0
14.733,intervention,-4.729,0,0,22,-10,30,0,0,2.299,64.765,7.5,-9.345,0,8.821,1,0.071,0.062,0,0,0,0,2.3,2.89,0
14.742,intervention,-4.729,0,0,22,-10,30,0,0,2.297,64.739,7.5,-9.345,0,8.806,1,0.089,0.059,0,0,0,0,2.3,2.89,0
14.75,intervention,-4.729,0,0,22,-10,30,0,0,2.304,64.703,7.5,-9.345,0,8.796,1,0.097,0.074,0,0,0,0,2.3,2.89,0
14.758,intervention,-4.729,0,0,22,-10,30,0,0,2.299,64.873,7.5,-9.345,0,8.794,1,0.068,0.078,0,0,0,0,2.3,2.89,0
14.767,intervention,-4.729,0,0,22,-10,30,0,0,2.295,64.591,7.5,-9.345,0,8.801,1,0.075,0.061,0,0,0,0,2.3,2.89,0
14.775,intervention,-4.729,0,0,22,-10,30,0,0,2.304,64.761,7.5,-9.345,0,8.803,1,0.059,0.063,0,0,0,0,2.3,2.89,0
14.783,intervention,-4.729,0,0,22,-10,30,0,0,2.302,64.688,7.5,-9.345,0,8.791,1,0.096,0.064,0,0,0,0,2.3,2.89,0
14.792,intervention,-4.729,0,0,22,-10,30,0,0,2.299,64.663,7.5,-9.345,0,8.813,1,0.088,0.057,0,0,0,0,2.3,2.89,0
14.8,intervention,-4.729,0,0,22,-10,30,0,0,2.303,64.733,7.5,-9.345,0,8.79,1,0.081,0.061,0,0,0,0,2.3,2.89,0
14.808,intervention,-4.729,0,0,22,-10,30,0,0,2.304,64.743,7.5,-9.345,0,8.806,1,0.09,0.063,0,0,0,0,2.3,2.89,0
14.817,intervention,-4.729,0,0,22,-10,30,0,0,2.303,64.819,7.5,-9.345,0,8.783,1,0.071,0.051,0,0,0,0,2.3,2.89,0
14.825,intervention,-4.729,0,0,22,-10,30,0,0,2.303,64.743,7.5,-9.345,0,8.819,1,0.072,0.077,0,0,0,0,2.3,2.89,0
14.833,intervention,-4.729,0,0,22,-10,30,0,0,2.3,64.742,7.5,-9.345,0,8.813,1,0.053,0.059,0,0,0,0,2.3,2.89,0
14.842,intervention,-4.729,0,0,22,-10,30,0,0,2.304,64.773,7.5,-9.345,0,8.807,1,0.092,0.058,0,0,0,0,2.3,2.89,0
14.85,intervention,-4.729,0,0,22,-10,30,0,0,2.295,64.716,7.5,-9.345,0,8.827,1,0.081,0.071,0,0,0,0,2.3,2.89,0
14.858,intervention,-4.729,0,0,22,-10,30,0,0,2.302,64.871,7.5,-9.345,0,8.809,1,0.076,0.088,0,0,0,0,2.3,2.89,0
14.867,intervention,-4.729,0,0,22,-10,30,0,0,2.296,64.71,7.5,-9.345,0,8.817,1,0.098,0.074,0,0,0,0,2.3,2.89,0
14.875,intervention,-4.729,0,0,22,-10,30,0,0,2.297,64.73,7.5,-9.345,0,8.826,1,0.078,0.054,0,0,0,0,2.3,2.89,0
14.883,intervention,-4.729,0,0,22,-10,30,0,0,2.297,64.886,7.5,-9.345,0,8.794,1,0.085,0.085,0,0,0,0,2.3,2.89,0
14.892,intervention,-4.729,0,0,22,-10,30,0,0,2.303,64.88,7.5,-9.345,0,8.828,1,0.059,0.067,0,0,0,0,2.3,2.89,0
14.9,intervention,-4.729,0,0,22,-10,30,0,0,2.303,64.749,7.5,-9.345,0,8.784,1,0.062,0.05,0,0,0,0,2.3,2.89,0
14.908,intervention,-4.729,0,0,22,-10,30,0,0,2.3,64.818,7.5,-9.345,0,8.788,1,0.058,0.053,0,0,0,0,2.3,2.89,0
14.917,intervention,-4.729,0,0,22,-10,30,0,0,2.296,64.829,7.5,-9.345,0,8.784,1,0.085,0.072,0,0,0,0,2.3,2.89,0
14.925,intervention,-4.729,0,0,22,-10,30,0,0,2.296,64.881,7.5,-9.345,0,8.785,1,0.056,0.064,0,0,0,0,2.3,2.89,0
14.933,intervention,-4.729,0,0,22,-10,30,0,0,2.296,64.648,7.5,-9.345,0,8.788,1,0.06,0.072,0,0,0,0,2.3,2.89,0
14.942,intervention,-4.729,0,0,22,-10,30,0,0,2.296,64.669,7.5,-9.345,0,8.829,1,0.082,0.055,0,0,0,0,2.3,2.89,0
14.95,intervention,-4.729,0,0,22,-10,30,0,0,2.301,64.75,7.5,-9.345,0,8.798,1,0.074,0.056,0,0,0,0,2.3,2.89,0
14.958,intervention,-4.729,0,0,22,-10,30,0,0,2.296,64.785,7.5,-9.345,0,8.826,1,0.053,0.083,0,0,0,0,2.3,2.89,0
14.967,intervention,-4.729,0,0,22,-10,30,0,0,2.296,64.653,7.5,-9.345,0,8.816,1,0.095,0.071,0,0,0,0,2.3,2.89,0
14.975,intervention,-4.729,0,0,22,-10,30,0,0,2.304,64.878,7.5,-9.345,0,8.805,1,0.052,0.078,0,0,0,0,2.3,2.89,0
14.983,intervention,-4.729,0,0,22,-10,30,0,0,2.299,64.682,7.5,-9.345,0,8.814,1,0.071,0.084,0,0,0,0,2.3,2.89,0
14.992,intervention,-4.729,0,0,22,-10,30,0,0,2.302,64.703,7.5,-9.345,0,8.794,1,0.068,0.075,0,0,0,0,2.3,2.89,0
15,intervention,-4.729,0,0,22,-10,30,0,0,2.298,64.839,7.5,-9.345,0,8.787,1,0.097,0.051,0,0,0,0,2.3,2.89,0
15.008,intervention,-4.729,0,0,22,-10,30,0,0,2.296,64.845,7.5,-9.345,0,8.807,1,0.054,0.089,0,0,0,0,2.3,2.89,0
15.017,intervention,-4.729,0,0,22,-10,30,0,0,2.3,64.772,7.5,-9.345,0,8.811,1,0.09,0.089,0,0,0,0,2.3,2.89,0
15.025,intervention,-4.729,0,0,22,-10,30,0,0,2.303,64.636,7.5,-9.345,0,8.822,1,0.072,0.066,0,0,0,0,2.3,2.89,0
15.033,intervention,-4.729,0,0,22,-10,30,0,0,2.3,64.647,7.5,-9.345,0,8.796,1,0.074,0.076,0,0,0,0,2.3,2.89,0
15.042,intervention,-4.729,0,0,22,-10,30,0,0,2.3,64.758,7.5,-9.345,0,8.817,1,0.07,0.07,0,0,0,0,2.3,2.89,0
15.05,intervention,-4.729,0,0,22,-10,30,0,0,2.302,64.656,7.5,-9.345,0,8.815,1,0.055,0.08,0,0,0,0,2.3,2.89,0
15.058,intervention,-4.729,0,0,22,-10,30,0,0,2.304,64.69,7.5,-9.345,0,8.82,1,0.075,0.084,0,0,0,0,2.3,2.89,0
15.067,intervention,-4.729,0,0,22,-10,30,0,0,2.298,64.811,7.5,-9.345,0,8.819,1,0.095,0.056,0,0,0,0,2.3,2.89,0
15.075,intervention,-4.729,0,0,22,-10,30,0,0,2.295,64.851,7.5,-9.345,0,8.817,1,0.082,0.05,0,0,0,0,2.3,2.89,0
15.083,intervention,-4.729,0,0,22,-10,30,0,0,2.297,64.611,7.5,-9.345,0,8.801,1,0.071,0.057,0,0,0,0,2.3,2.89,0
15.092,intervention,-4.729,0,0,22,-10,30,0,0,2.303,64.735,7.5,-9.345,0,8.794,1,0.075,0.064,0,0,0,0,2.3,2.89,0
15.1,intervention,-4.729,0,0,22,-10,30,0,0,2.298,64.888,7.5,-9.345,0,8.826,1,0.084,0.077,0,0,0,0,2.3,2.89,0
15.108,intervention,-4.729,0,0,22,-10,30,0,0,2.3,64.649,7.5,-9.345,0,8.786,1,0.069,0.052,0,0,0,0,2.3,2.89,0
15.117,intervention,-4.729,0,0,22,-10,30,0,0,2.304,64.776,7.5,-9.345,0,8.798,1,0.065,0.073,0,0,0,0,2.3,2.89,0
15.125,intervention,-4.729,0,0,22,-10,30,0,0,2.304,64.806,7.5,-9.345,0,8.794,1,0.09,0.085,0,0,0,0,2.3,2.89,0
15.133,intervention,-4.729,0,0,22,-10,30,0,0,2.297,64.8,7.5,-9.345,0,8.831,1,0.072,0.08,0,0,0,0,2.3,2.89,0
15.142,intervention,-4.729,0,0,22,-10,30,0,0,2.299,64.662,7.5,-9.345,0,8.814,1,0.068,0.055,0,0,0,0,2.3,2.89,0
15.15,intervention,-4.729,0,0,22,-10,30,0,0,2.302,64.82,7.5,-9.345,0,8.796,1,0.087,0.06,0,0,0,0,2.3,2.89,0
15.158,intervention,-4.729,0,0,22,-10,30,0,0,2.297,64.61,7.5,-9.345,0,8.83,1,0.058,0.062,0,0,0,0,2.3,2.89,0
15.167,intervention,-4.729,0,0,22,-10,30,0,0,2.3,64.83,7.5,-9.345,0,8.827,1,0.092,0.058,0,0,0,0,2.3,2.89,0
15.175,intervention,-4.729,0,0,22,-10,30,0,0,2.297,64.639,7.5,-9.345,0,8.823,1,0.057,0.085,0,0,0,0,2.3,2.89,0
15.183,intervention,-4.729,0,0,22,-10,30,0,0,2.301,64.764,7.5,-9.345,0,8.805,1,0.096,0.073,0,0,0,0,2.3,2.89,0
15.192,intervention,-4.729,0,0,22,-10,30,0,0,2.305,64.64,7.5,-9.345,0,8.822,1,0.094,0.052,0,0,0,0,2.3,2.89,0
15.2,intervention,-4.729,0,0,22,-10,30,0,0,2.297,64.639,7.5,-9.345,0,8.825,1,0.056,0.072,0,0,0,0,2.3,2.89,0
15.208,intervention,-4.729,0,0,22,-10,30,0,0,2.298,64.764,7.5,-9.345,0,8.788,1,0.08,0.064,0,0,0,0,2.3,2.89,0
15.217,intervention,-4.729,0,0,22,-10,30,0,0,2.296,64.909,7.5,-9.345,0,8.804,1,0.072,0.072,0,0,0,0,2.3,2.89,0
15.225,intervention,-4.729,0,0,22,-10,30,0,0,2.299,64.784,7.5,-9.345,0,8.799,1,0.065,0.087,0,0,0,0,2.3,2.89,0
15.233,intervention,-4.729,0,0,22,-10,30,0,0,2.304,64.726,7.5,-9.345,0,8.83,1,0.085,0.077,0,0,0,0,2.3,2.89,0
15.242,intervention,-4.729,0,0,22,-10,30,0,0,2.303,64.667,7.5,-9.345,0,8.827,1,0.055,0.076,0,0,0,0,2.3,2.89,0
15.25,intervention,-4.729,0,0,22,-10,30,0,0,2.303,64.794,7.5,-9.345,0,8.808,1,0.085,0.07,0,0,0,0,2.3,2.89,0
15.258,intervention,-4.729,0,0,22,-10,30,0,0,2.298,64.73,7.5,-9.345,0,8.797,1,0.096,0.066,0,0,0,0,2.3,2.89,0
15.267,intervention,-4.729,0,0,22,-10,30,0,0,2.303,64.88,7.5,-9.345,0,8.801,1,0.08,0.086,0,0,0,0,2.3,2.89,0
15.275,intervention,-4.729,0,0,22,-10,30,0,0,2.302,64.682,7.5,-9.345,0,8.816,1,0.068,0.055,0,0,0,0,2.3,2.89,0
15.283,intervention,-4.729,0,0,22,-10,30,0,0,2.298,64.757,7.5,-9.345,0,8.787,1,0.051,0.081,0,0,0,0,2.3,2.89,0
15.292,intervention,-4.729,0,0,22,-10,30,0,0,2.301,64.686,7.5,-9.345,0,8.825,1,0.092,0.071,0,0,0,0,2.3,2.89,0
15.3,intervention,-4.729,0,0,22,-10,30,0,0,2.303,64.774,7.5,-9.345,0,8.811,1,0.055,0.062,0,0,0,0,2.3,2.89,0
15.308,intervention,-4.729,0,0,22,-10,30,0,0,2.304,64.863,7.5,-9.345,0,8.802,1,0.053,0.076,0,0,0,0,2.3,2.89,0
15.317,intervention,-4.729,0,0,22,-10,30,0,0,2.301,64.838,7.5,-9.345,0,8.798,1,0.088,0.053,0,0,0,0,2.3,2.89,0
15.325,intervention,-4.729,0,0,22,-10,30,0,0,2.305,64.843,7.5,-9.345,0,8.794,1,0.081,0.057,0,0,0,0,2.3,2.89,0
15.333,intervention,-4.729,0,0,22,-10,30,0,0,2.296,64.701,7.5,-9.345,0,8.782,1,0.056,0.084,0,0,0,0,2.3,2.89,0
15.342,intervention,-4.729,0,0,22,-10,30,0,0,2.305,64.628,7.5,-9.345,0,8.783,1,0.051,0.065,0,0,0,0,2.3,2.89,0
15.35,intervention,-4.729,0,0,22,-10,30,0,0,2.299,64.825,7.5,-9.345,0,8.819,1,0.084,0.075,0,0,0,0,2.3,2.89,0
15.358,intervention,-4.729,0,0,22,-10,30,0,0,2.304,64.668,7.5,-9.345,0,8.827,1,0.057,0.075,0,0,0,0,2.3,2.89,0
15.367,intervention,-4.729,0,0,22,-10,30,0,0,2.296,64.71,7.5,-9.345,0,8.801,1,0.09,0.055,0,0,0,0,2.3,2.89,0
15.375,intervention,-4.729,0,0,22,-10,30,0,0,2.299,64.788,7.5,-9.345,0,8.785,1,0.058,0.089,0,0,0,0,2.3,2.89,0
15.383,intervention,-4.729,0,0,22,-10,30,0,0,2.304,64.654,7.5,-9.345,0,8.793,1,0.076,0.064,0,0,0,0,2.3,2.89,0
15.392,intervention,-4.729,0,0,22,-10,30,0,0,2.299,64.676,7.5,-9.345,0,8.804,1,0.069,0.078,0,0,0,0,2.3,2.89,0
15.4,intervention,-4.729,0,0,22,-10,30,0,0,2.299,64.686,7.5,-9.345,0,8.801,1,0.083,0.065,0,0,0,0,2.3,2.89,0
15.408,intervention,-4.729,0,0,22,-10,30,0,0,2.301,64.69,7.5,-9.345,0,8.793,1,0.058,0.086,0,0,0,0,2.3,2.89,0
15.417,intervention,-4.729,0,0,22,-10,30,0,0,2.295,64.868,7.5,-9.345,0,8.806,1,0.079,0.05,0,0,0,0,2.3,2.89,0
15.425,intervention,-4.729,0,0,22,-10,30,0,0,2.303,64.721,7.5,-9.345,0,8.81,1,0.092,0.084,0,0,0,0,2.3,2.89,0
15.433,intervention,-4.729,0,0,22,-10,30,0,0,2.302,64.886,7.5,-9.345,0,8.809,1,0.065,0.06,0,0,0,0,2.3,2.89,0
15.442,intervention,-4.729,0,0,22,-10,30,0,0,2.296,64.758,7.5,-9.345,0,8.79,1,0.053,0.074,0,0,0,0,2.3,2.89,0
15.45,intervention,-4.729,0,0,22,-10,30,0,0,2.297,64.919,7.5,-9.345,0,8.792,1,0.094,0.079,0,0,0,0,2.3,2.89,0
15.458,intervention,-4.729,0,0,22,-10,30,0,0,2.304,64.744,7.5,-9.345,0,8.79,1,0.075,0.055,0,0,0,0,2.3,2.89,0
15.467,intervention,-4.729,0,0,22,-10,30,0,0,2.3,64.761,7.5,-9.345,0,8.786,1,0.095,0.074,0,0,0,0,2.3,2.89,0
15.475,intervention,-4.729,0,0,22,-10,30,0,0,2.305,64.866,7.5,-9.345,0,8.801,1,0.069,0.074,0,0,0,0,2.3,2.89,0
15.483,intervention,-4.729,0,0,22,-10,30,0,0,2.3,64.726,7.5,-9.345,0,8.825,1,0.081,0.088,0,0,0,0,2.3,2.89,0
15.492,intervention,-4.729,0,0,22,-10,30,0,0,2.299,64.823,7.5,-9.345,0,8.805,1,0.051,0.072,0,0,0,0,2.3,2.89,0
15.5,intervention,-4.729,0,0,22,-10,30,0,0,2.302,64.87,7.5,-9.345,0,8.796,1,0.08,0.088,0,0,0,0,2.3,2.89,0
15.508,intervention,-4.729,0,0,22,-10,30,0,0,2.304,64.767,7.5,-9.345,0,8.788,1,0.065,0.06,0,0,0,0,2.3,2.89,0
15.517,intervention,-4.729,0,0,22,-10,30,0,0,2.3,64.822,7.5,-9.345,0,8.782,1,0.071,0.067,0,0,0,0,2.3,2.89,0
15.525,intervention,-4.729,0,0,22,-10,30,0,0,2.297,64.772,7.5,-9.345,0,8.795,1,0.09,0.084,0,0,0,0,2.3,2.89,0
15.533,intervention,-4.729,0,0,22,-10,30,0,0,2.298,64.639,7.5,-9.345,0,8.827,1,0.078,0.07,0,0,0,0,2.3,2.89,0
15.542,intervention,-4.729,0,0,22,-10,30,0,0,2.302,64.913,7.5,-9.345,0,8.824,1,0.056,0.067,0,0,0,0,2.3,2.89,0
15.55,intervention,-4.729,0,0,22,-10,30,0,0,2.301,64.874,7.5,-9.345,0,8.821,1,0.094,0.057,0,0,0,0,2.3,2.89,0
15.558,intervention,-4.729,0,0,22,-10,30,0,0,2.299,64.766,7.5,-9.345,0,8.786,1,0.074,0.072,0,0,0,0,2.3,2.89,0
15.567,intervention,-4.729,0,0,22,-10,30,0,0,2.302,64.753,7.5,-9.345,0,8.793,1,0.084,0.07,0,0,0,0,2.3,2.89,0
15.575,intervention,-4.729,0,0,22,-10,30,0,0,2.301,64.786,7.5,-9.345,0,8.803,1,0.05,0.069,0,0,0,0,2.3,2.89,0
15.583,intervention,-4.729,0,0,22,-10,30,0,0,2.299,64.731,7.5,-9.345,0,8.783,1,0.066,0.068,0,0,0,0,2.3,2.89,0
15.592,intervention,-4.729,0,0,22,-10,30,0,0,2.303,64.796,7.5,-9.345,0,8.788,1,0.061,0.07,0,0,0,0,2.3,2.89,0
15.6,intervention,-4.729,0,0,22,-10,30,0,0,2.304,64.892,7.5,-9.345,0,8.815,1,0.077,0.075,0,0,0,0,2.3,2.89,0
15.608,intervention,-4.729,0,0,22,-10,30,0,0,2.304,64.741,7.5,-9.345,0,8.826,1,0.067,0.055,0,0,0,0,2.3,2.89,0
15.617,intervention,-4.729,0,0,22,-10,30,0,0,2.301,64.707,7.5,-9.345,0,8.796,1,0.081,0.067,0,0,0,0,2.3,2.89,0
15.625,intervention,-4.729,0,0,22,-10,30,0,0,2.297,64.829,7.5,-9.345,0,8.801,1,0.053,0.088,0,0,0,0,2.3,2.89,0
15.633,intervention,-4.729,0,0,22,-10,30,0,0,2.301,64.698,7.5,-9.345,0,8.786,1,0.051,0.069,0,0,0,0,2.3,2.89,0
15.642,intervention,-4.729,0,0,22,-10,30,0,0,2.302,64.647,7.5,-9.345,0,8.828,1,0.058,0.066,0,0,0,0,2.3,2.89,0
15.65,intervention,-4.729,0,0,22,-10,30,0,0,2.299,64.744,7.5,-9.345,0,8.825,1,0.071,0.06,0,0,0,0,2.3,2.89,0
15.658,intervention,-4.729,0,0,22,-10,30,0,0,2.303,64.668,7.5,-9.345,0,8.819,1,0.093,0.086,0,0,0,0,2.3,2.89,0
15.667,intervention,-4.729,0,0,22,-10,30,0,0,2.296,64.762,7.5,-9.345,0,8.82,1,0.091,0.081,0,0,0,0,2.3,2.89,0
15.675,intervention,-4.729,0,0,22,-10,30,0,0,2.296,64.856,7.5,-9.345,0,8.809,1,0.059,0.076,0,0,0,0,2.3,2.89,0
15.683,intervention,-4.729,0,0,22,-10,30,0,0,2.297,64.639,7.5,-9.345,0,8.793,1,0.054,0.06,0,0,0,0,2.3,2.89,0
15.692,intervention,-4.729,0,0,22,-10,30,0,0,2.304,64.75,7.5,-9.345,0,8.821,1,0.083,0.051,0,0,0,0,2.3,2.89,0
15.7,intervention,-4.729,0,0,22,-10,30,0,0,2.299,64.922,7.5,-9.345,0,8.8,1,0.087,0.067,0,0,0,0,2.3,2.89,0
15.708,intervention,-4.729,0,0,22,-10,30,0,0,2.295,64.888,7.5,-9.345,0,8.816,1,0.095,0.089,0,0,0,0,2.3,2.89,0
15.717,intervention,-4.729,0,0,22,-10,30,0,0,2.297,64.78,7.5,-9.345,0,8.814,1,0.098,0.061,0,0,0,0,2.3,2.89,0
15.725,intervention,-4.729,0,0,22,-10,30,0,0,2.297,64.927,7.5,-9.345,0,8.814,1,0.097,0.078,0,0,0,0,2.3,2.89,0
15.733,intervention,-4.729,0,0,22,-10,30,0,0,2.301,64.754,7.5,-9.345,0,8.789,1,0.061,0.055,0,0,0,0,2.3,2.89,0
15.742,intervention,-4.729,0,0,22,-10,30,0,0,2.304,64.86,7.5,-9.345,0,8.786,1,0.078,0.062,0,0,0,0,2.3,2.89,0
15.75,intervention,-4.729,0,0,22,-10,30,0,0,2.301,64.9,7.5,-9.345,0,8.831,1,0.053,0.079,0,0,0,0,2.3,2.89,0
15.758,intervention,-4.729,0,0,22,-10,30,0,0,2.303,64.906,7.5,-9.345,0,8.797,1,0.094,0.084,0,0,0,0,2.3,2.89,0
15.767,intervention,-4.729,0,0,22,-10,30,0,0,2.303,64.733,7.5,-9.345,0,8.783,1,0.088,0.063,0,0,0,0,2.3,2.89,0
15.775,intervention,-4.729,0,0,22,-10,30,0,0,2.301,64.67,7.5,-9.345,0,8.798,1,0.09,0.085,0,0,0,0,2.3,2.89,0
15.783,intervention,-4.729,0,0,22,-10,30,0,0,2.297,64.819,7.5,-9.345,0,8.788,1,0.08,0.082,0,0,0,0,2.3,2.89,0
15.792,intervention,-4.729,0,0,22,-10,30,0,0,2.299,64.881,7.5,-9.345,0,8.802,1,0.058,0.078,0,0,0,0,2.3,2.89,0
15.8,intervention,-4.729,0,0,22,-10,30,0,0,2.301,64.79,7.5,-9.345,0,8.812,1,0.054,0.065,0,0,0,0,2.3,2.89,0
15.808,intervention,-4.729,0,0,22,-10,30,0,0,2.3,64.768,7.5,-9.345,0,8.785,1,0.092,0.069,0,0,0,0,2.3,2.89,0
15.817,intervention,-4.729,0,0,22,-10,30,0,0,2.305,64.695,7.5,-9.345,0,8.81,1,0.083,0.085,0,0,0,0,2.3,2.89,0
15.825,intervention,-4.729,0,0,22,-10,30,0,0,2.304,64.804,7.5,-9.345,0,8.784,1,0.066,0.089,0,0,0,0,2.3,2.89,0
15.833,intervention,-4.729,0,0,22,-10,30,0,0,2.301,64.744,7.5,-9.345,0,8.794,1,0.099,0.065,0,0,0,0,2.3,2.89,0
15.842,intervention,-4.729,0,0,22,-10,30,0,0,2.299,64.789,7.5,-9.345,0,8.807,1,0.054,0.079,0,0,0,0,2.3,2.89,0
15.85,intervention,-4.729,0,0,22,-10,30,0,0,2.298,64.941,7.5,-9.345,0,8.793,1,0.072,0.071,0,0,0,0,2.3,2.89,0
15.858,intervention,-4.729,0,0,22,-10,30,0,0,2.305,64.925,7.5,-9.345,0,8.791,1,0.09,0.064,0,0,0,0,2.3,2.89,0
15.867,intervention,-4.729,0,0,22,-10,30,0,0,2.296,64.705,7.5,-9.345,0,8.816,1,0.093,0.063,0,0,0,0,2.3,2.89,0
15.875,intervention,-4.729,0,0,22,-10,30,0,0,2.3,64.852,7.5,-9.345,0,8.805,1,0.09,0.081,0,0,0,0,2.3,2.89,0
15.883,intervention,-4.729,0,0,22,-10,30,0,0,2.298,64.676,7.5,-9.345,0,8.808,1,0.081,0.053,0,0,0,0,2.3,2.89,0
15.892,intervention,-4.729,0,0,22,-10,30,0,0,2.305,64.742,7.5,-9.345,0,8.813,1,0.09,0.087,0,0,0,0,2.3,2.89,0
15.9,intervention,-4.729,0,0,22,-10,30,0,0,2.299,64.857,7.5,-9.345,0,8.786,1,0.074,0.073,0,0,0,0,2.3,2.89,0
15.908,intervention,-4.729,0,0,22,-10,30,0,0,2.3,64.755,7.5,-9.345,0,8.799,1,0.093,0.067,0,0,0,0,2.3,2.89,0
15.917,intervention,-4.729,0,0,22,-10,30,0,0,2.301,64.743,7.5,-9.345,0,8.829,1,0.085,0.051,0,0,0,0,2.3,2.89,0
15.925,intervention,-4.729,0,0,22,-10,30,0,0,2.295,64.661,7.5,-9.345,0,8.798,1,0.075,0.074,0,0,0,0,2.3,2.89,0
15.933,intervention,-4.729,0,0,22,-10,30,0,0,2.296,64.721,7.5,-9.345,0,8.788,1,0.079,0.053,0,0,0,0,2.3,2.89,0
15.942,intervention,-4.729,0,0,22,-10,30,0,0,2.303,64.936,7.5,-9.345,0,8.828,1,0.087,0.075,0,0,0,0,2.3,2.89,0
15.95,intervention,-4.729,0,0,22,-10,30,0,0,2.304,64.794,7.5,-9.345,0,8.802,1,0.069,0.076,0,0,0,0,2.3,2.89,0
15.958,intervention,-4.729,0,0,22,-10,30,0,0,2.297,64.727,7.5,-9.345,0,8.79,1,0.098,0.087,0,0,0,0,2.3,2.89,0
15.967,intervention,-4.729,0,0,22,-10,30,0,0,2.296,64.855,7.5,-9.345,0,8.782,1,0.063,0.086,0,0,0,0,2.3,2.89,0
15.975,intervention,-4.729,0,0,22,-10,30,0,0,2.305,64.765,7.5,-9.345,0,8.829,1,0.092,0.087,0,0,0,0,2.3,2.89,0
15.983,intervention,-4.729,0,0,22,-10,30,0,0,2.295,64.715,7.5,-9.345,0,8.791,1,0.058,0.056,0,0,0,0,2.3,2.89,0
15.992,intervention,-4.729,0,0,22,-10,30,0,0,2.297,64.731,7.5,-9.345,0,8.804,1,0.073,0.07,0,0,0,0,2.3,2.89,0
16,intervention,-4.729,0,0,22,-10,30,0,0,2.301,64.759,7.5,-9.345,0,8.81,1,0.087,0.082,0,0,0,0,2.3,2.89,0
16.008,intervention,-4.729,0,0,22,-10,30,0,0,2.304,64.703,7.5,-9.345,0,8.811,1,0.072,0.069,0,0,0,0,2.3,2.89,0
16.017,intervention,-4.729,0,0,22,-10,30,0,0,2.304,64.77,7.5,-9.345,0,8.827,1,0.06,0.079,0,0,0,0,2.3,2.89,0
16.025,intervention,-4.729,0,0,22,-10,30,0,0,2.302,64.864,7.5,-9.345,0,8.817,1,0.079,0.073,0,0,0,0,2.3,2.89,0
16.033,intervention,-4.729,0,0,22,-10,30,0,0,2.305,64.859,7.5,-9.345,0,8.805,1,0.069,0.089,0,0,0,0,2.3,2.89,0
16.042,intervention,-4.729,0,0,22,-10,30,0,0,2.305,64.942,7.5,-9.345,0,8.816,1,0.093,0.055,0,0,0,0,2.3,2.89,0
16.05,intervention,-4.729,0,0,22,-10,30,0,0,2.299,64.895,7.5,-9.345,0,8.827,1,0.091,0.075,0,0,0,0,2.3,2.89,0
16.058,intervention,-4.729,0,0,22,-10,30,0,0,2.296,64.818,7.5,-9.345,0,8.789,1,0.092,0.061,0,0,0,0,2.3,2.89,0
16.067,intervention,-4.729,0,0,22,-10,30,0,0,2.297,64.848,7.5,-9.345,0,8.83,1,0.079,0.066,0,0,0,0,2.3,2.89,0
16.075,intervention,-4.729,0,0,22,-10,30,0,0,2.303,64.661,7.5,-9.345,0,8.795,1,0.088,0.059,0,0,0,0,2.3,2.89,0
16.083,intervention,-4.729,0,0,22,-10,30,0,0,2.304,64.913,7.5,-9.345,0,8.825,1,0.065,0.056,0,0,0,0,2.3,2.89,0
16.092,intervention,-4.729,0,0,22,-10,30,0,0,2.3,64.789,7.5,-9.345,0,8.799,1,0.056,0.063,0,0,0,0,2.3,2.89,0
16.1,intervention,-4.729,0,0,22,-10,30,0,0,2.298,64.873,7.5,-9.345,0,8.792,1,0.1,0.082,0,0,0,0,2.3,2.89,0
16.108,intervention,-4.729,0,0,22,-10,30,0,0,2.296,64.79,7.5,-9.345,0,8.789,1,0.073,0.05,0,0,0,0,2.3,2.89,0
16.117,intervention,-4.729,0,0,22,-10,30,0,0,2.301,64.782,7.5,-9.345,0,8.823,1,0.098,0.079,0,0,0,0,2.3,2.89,0
16.125,intervention,-4.729,0,0,22,-10,30,0,0,2.296,64.896,7.5,-9.345,0,8.804,1,0.096,0.086,0,0,0,0,2.3,2.89,0
16.133,intervention,-4.729,0,0,22,-10,30,0,0,2.303,64.842,7.5,-9.345,0,8.799,1,0.077,0.074,0,0,0,0,2.3,2.89,0
16.142,intervention,-4.729,0,0,22,-10,30,0,0,2.302,64.875,7.5,-9.345,0,8.822,1,0.092,0.064,0,0,0,0,2.3,2.89,0
16.15,intervention,-4.729,0,0,22,-10,30,0,0,2.3,64.856,7.5,-9.345,0,8.789,1,0.083,0.084,0,0,0,0,2.3,2.89,0
16.158,intervention,-4.729,0,0,22,-10,30,0,0,2.299,64.953,7.5,-9.345,0,8.805,1,0.077,0.075,0,0,0,0,2.3,2.89,0
16.167,intervention,-4.729,0,0,22,-10,30,0,0,2.295,64.884,7.5,-9.345,0,8.812,1,0.061,0.083,0,0,0,0,2.3,2.89,0
16.175,intervention,-4.729,0,0,22,-10,30,0,0,2.303,64.722,7.5,-9.345,0,8.812,1,0.08,0.069,0,0,0,0,2.3,2.89,0
16.183,intervention,-4.729,0,0,22,-10,30,0,0,2.296,64.885,7.5,-9.345,0,8.825,1,0.077,0.055,0,0,0,0,2.3,2.89,0
16.192,intervention,-4.729,0,0,22,-10,30,0,0,2.301,64.68,7.5,-9.345,0,8.796,1,0.055,0.075,0,0,0,0,2.3,2.89,0
16.2,intervention,-4.729,0,0,22,-10,30,0,0,2.3,64.745,7.5,-9.345,0,8.799,1,0.086,0.064,0,0,0,0,2.3,2.89,0
16.208,intervention,-4.729,0,0,22,-10,30,0,0,2.301,64.75,7.5,-9.345,0,8.783,1,0.097,0.06,0,0,0,0,2.3,2.89,0
16.217,intervention,-4.729,0,0,22,-10,30,0,0,2.3,64.828,7.5,-9.345,0,8.815,1,0.065,0.066,0,0,0,0,2.3,2.89,0
16.225,intervention,-4.729,0,0,22,-10,30,0,0,2.303,64.818,7.5,-9.345,0,8.784,1,0.088,0.05,0,0,0,0,2.3,2.89,0
16.233,intervention,-4.729,0,0,22,-10,30,0,0,2.297,64.875,7.5,-9.345,0,8.784,1,0.097,0.09,0,0,0,0,2.3,2.89,0
16.242,intervention,-4.729,0,0,22,-10,30,0,0,2.298,64.886,7.5,-9.345,0,8.806,1,0.055,0.086,0,0,0,0,2.3,2.89,0
16.25,intervention,-4.729,0,0,22,-10,30,0,0,2.303,64.876,7.5,-9.345,0,8.791,1,0.05,0.086,0,0,0,0,2.3,2.89,0
16.258,intervention,-4.729,0,0,22,-10,30,0,0,2.297,64.719,7.5,-9.345,0,8.817,1,0.057,0.078,0,0,0,0,2.3,2.89,0
16.267,intervention,-4.729,0,0,22,-10,30,0,0,2.296,64.837,7.5,-9.345,0,8.79,1,0.055,0.055,0,0,0,0,2.3,2.89,0
16.275,intervention,-4.729,0,0,22,-10,30,0,0,2.297,64.735,7.5,-9.345,0,8.783,1,0.051,0.051,0,0,0,0,2.3,2.89,0
16.283,intervention,-4.729,0,0,22,-10,30,0,0,2.302,64.738,7.5,-9.345,0,8.804,1,0.086,0.061,0,0,0,0,2.3,2.89,0
16.292,intervention,-4.729,0,0,22,-10,30,0,0,2.296,64.752,7.5,-9.345,0,8.791,1,0.055,0.084,0,0,0,0,2.3,2.89,0
16.3,intervention,-4.729,0,0,22,-10,30,0,0,2.302,64.832,7.5,-9.345,0,8.79,1,0.088,0.074,0,0,0,0,2.3,2.89,0
16.308,intervention,-4.729,0,0,22,-10,30,0,0,2.297,64.843,7.5,-9.345,0,8.817,1,0.087,0.069,0,0,0,0,2.3,2.89,0
16.317,intervention,-4.729,0,0,22,-10,30,0,0,2.298,64.788,7.5,-9.345,0,8.806,1,0.067,0.054,0,0,0,0,2.3,2.89,0
16.325,intervention,-4.729,0,0,22,-10,30,0,0,2.3,64.744,7.5,-9.345,0,8.829,1,0.075,0.089,0,0,0,0,2.3,2.89,0
16.333,intervention,-4.729,0,0,22,-10,30,0,0,2.297,64.752,7.5,-9.345,0,8.806,1,0.095,0.056,0,0,0,0,2.3,2.89,0
16.342,intervention,-4.729,0,0,22,-10,30,0,0,2.295,64.838,7.5,-9.345,0,8.817,1,0.084,0.087,0,0,0,0,2.3,2.89,0
16.35,intervention,-4.729,0,0,22,-10,30,0,0,2.296,64.956,7.5,-9.345,0,8.798,1,0.087,0.074,0,0,0,0,2.3,2.89,0
16.358,intervention,-4.729,0,0,22,-10,30,0,0,2.298,64.672,7.5,-9.345,0,8.806,1,0.052,0.05,0,0,0,0,2.3,2.89,0
16.367,intervention,-4.729,0,0,22,-10,30,0,0,2.301,64.948,7.5,-9.345,0,8.817,1,0.071,0.069,0,0,0,0,2.3,2.89,0
16.375,intervention,-4.729,0,0,22,-10,30,0,0,2.301,64.686,7.5,-9.345,0,8.817,1,0.062,0.06,0,0,0,0,2.3,2.89,0
16.383,intervention,-4.729,0,0,22,-10,30,0,0,2.299,64.842,7.5,-9.345,0,8.8,1,0.088,0.075,0,0,0,0,2.3,2.89,0
16.392,intervention,-4.729,0,0,22,-10,30,0,0,2.301,64.851,7.5,-9.345,0,8.83,1,0.073,0.074,0,0,0,0,2.3,2.89,0
16.4,intervention,-4.729,0,0,22,-10,30,0,0,2.304,64.912,7.5,-9.345,0,8.783,1,0.077,0.06,0,0,0,0,2.3,2.89,0
16.408,intervention,-4.729,0,0,22,-10,30,0,0,2.297,64.802,7.5,-9.345,0,8.783,1,0.098,0.085,0,0,0,0,2.3,2.89,0
16.417,intervention,-4.729,0,0,22,-10,30,0,0,2.302,64.914,7.5,-9.345,0,8.786,1,0.085,0.052,0,0,0,0,2.3,2.89,0
16.425,intervention,-4.729,0,0,22,-10,30,0,0,2.3,64.781,7.5,-9.345,0,8.816,1,0.076,0.069,0,0,0,0,2.3,2.89,0
16.433,intervention,-4.729,0,0,22,-10,30,0,0,2.3,64.882,7.5,-9.345,0,8.804,1,0.059,0.069,0,0,0,0,2.3,2.89,0
16.442,intervention,-4.729,0,0,22,-10,30,0,0,2.298,64.705,7.5,-9.345,0,8.786,1,0.073,0.089,0,0,0,0,2.3,2.89,0
16.45,intervention,-4.729,0,0,22,-10,30,0,0,2.298,64.754,7.5,-9.345,0,8.79,1,0.055,0.077,0,0,0,0,2.3,2.89,0
16.458,intervention,-4.729,0,0,22,-10,30,0,0,2.296,64.969,7.5,-9.345,0,8.829,1,0.054,0.079,0,0,0,0,2.3,2.89,0
16.467,intervention,-4.729,0,0,22,-10,30,0,0,2.301,64.697,7.5,-9.345,0,8.798,1,0.098,0.054,0,0,0,0,2.3,2.89,0
16.475,intervention,-4.729,0,0,22,-10,30,0,0,2.302,64.791,7.5,-9.345,0,8.787,1,0.094,0.081,0,0,0,0,2.3,2.89,0
16.483,intervention,-4.729,0,0,22,-10,30,0,0,2.297,64.674,7.5,-9.345,0,8.815,1,0.067,0.069,0,0,0,0,2.3,2.89,0
16.492,intervention,-4.729,0,0,22,-10,30,0,0,2.299,64.856,7.5,-9.345,0,8.812,1,0.091,0.085,0,0,0,0,2.3,2.89,0
16.5,intervention,-4.729,0,0,22,-10,30,0,0,2.304,64.748,7.5,-9.345,0,8.815,1,0.072,0.078,0,0,0,0,2.3,2.89,0
16.508,intervention,-4.729,0,0,22,-10,30,0,0,2.3,64.876,7.5,-9.345,0,8.81,1,0.077,0.075,0,0,0,0,2.3,2.89,0
16.517,intervention,-4.729,0,0,22,-10,30,0,0,2.303,64.904,7.5,-9.345,0,8.825,1,0.05,0.077,0,0,0,0,2.3,2.89,0
16.525,intervention,-4.729,0,0,22,-10,30,0,0,2.304,64.679,7.5,-9.345,0,8.831,1,0.056,0.056,0,0,0,0,2.3,2.89,0
16.533,intervention,-4.729,0,0,22,-10,30,0,0,2.302,64.844,7.5,-9.345,0,8.785,1,0.071,0.055,0,0,0,0,2.3,2.89,0
16.542,intervention,-4.729,0,0,22,-10,30,0,0,2.295,64.97,7.5,-9.345,0,8.801,1,0.071,0.086,0,0,0,0,2.3,2.89,0
16.55,intervention,-4.729,0,0,22,-10,30,0,0,2.301,64.925,7.5,-9.345,0,8.816,1,0.083,0.071,0,0,0,0,2.3,2.89,0
16.558,intervention,-4.729,0,0,22,-10,30,0,0,2.303,64.744,7.5,-9.345,0,8.785,1,0.074,0.058,0,0,0,0,2.3,2.89,0
16.567,intervention,-4.729,0,0,22,-10,30,0,0,2.301,64.694,7.5,-9.345,0,8.811,1,0.074,0.074,0,0,0,0,2.3,2.89,0
16.575,intervention,-4.729,0,0,22,-10,30,0,0,2.302,64.703,7.5,-9.345,0,8.812,1,0.065,0.082,0,0,0,0,2.3,2.89,0
16.583,intervention,-4.729,0,0,22,-10,30,0,0,2.298,64.8,7.5,-9.345,0,8.791,1,0.071,0.054,0,0,0,0,2.3,2.89,0
16.592,intervention,-4.729,0,0,22,-10,30,0,0,2.302,64.779,7.5,-9.345,0,8.802,1,0.091,0.058,0,0,0,0,2.3,2.89,0
16.6,intervention,-4.729,0,0,22,-10,30,0,0,2.304,64.94,7.5,-9.345,0,8.823,1,0.093,0.052,0,0,0,0,2.3,2.89,0
16.608,intervention,-4.729,0,0,22,-10,30,0,0,2.304,64.684,7.5,-9.345,0,8.826,1,0.091,0.083,0,0,0,0,2.3,2.89,0
16.617,intervention,-4.729,0,0,22,-10,30,0,0,2.302,64.831,7.5,-9.345,0,8.816,1,0.062,0.084,0,0,0,0,2.3,2.89,0
16.625,intervention,-4.729,0,0,22,-10,30,0,0,2.298,64.874,7.5,-9.345,0,8.821,1,0.071,0.084,0,0,0,0,2.3,2.89,0
16.633,intervention,-4.729,0,0,22,-10,30,0,0,2.299,64.788,7.5,-9.345,0,8.816,1,0.052,0.081,0,0,0,0,2.3,2.89,0
16.642,intervention,-4.729,0,0,22,-10,30,0,0,2.297,64.838,7.5,-9.345,0,8.785,1,0.075,0.056,0,0,0,0,2.3,2.89,0
16.65,intervention,-4.729,0,0,22,-10,30,0,0,2.297,64.826,7.5,-9.345,0,8.79,1,0.055,0.068,0,0,0,0,2.3,2.89,0
16.658,intervention,-4.729,0,0,22,-10,30,0,0,2.295,64.847,7.5,-9.345,0,8.791,1,0.099,0.069,0,0,0,0,2.3,2.89,0
16.667,intervention,-4.729,0,0,22,-10,30,0,0,2.304,64.734,7.5,-9.345,0,8.815,1,0.089,0.075,0,0,0,0,2.3,2.89,0
16.675,intervention,-4.729,0,0,22,-10,30,0,0,2.304,64.766,7.5,-9.345,0,8.79,1,0.079,0.085,0,0,0,0,2.3,2.89,0
16.683,intervention,-4.729,0,0,22,-10,30,0,0,2.295,64.919,7.5,-9.345,0,8.822,1,0.055,0.083,0,0,0,0,2.3,2.89,0
16.692,intervention,-4.729,0,0,22,-10,30,0,0,2.298,64.931,7.5,-9.345,0,8.784,1,0.075,0.09,0,0,0,0,2.3,2.89,0
16.7,intervention,-4.729,0,0,22,-10,30,0,0,2.3,64.945,7.5,-9.345,0,8.79,1,0.052,0.051,0,0,0,0,2.3,2.89,0
16.708,intervention,-4.729,0,0,22,-10,30,0,0,2.295,64.795,7.5,-9.345,0,8.788,1,0.081,0.08,0,0,0,0,2.3,2.89,0
16.717,intervention,-4.729,0,0,22,-10,30,0,0,2.3,64.688,7.5,-9.345,0,8.826,1,0.07,0.063,0,0,0,0,2.3,2.89,0
16.725,intervention,-4.729,0,0,22,-10,30,0,0,2.301,64.798,7.5,-9.345,0,8.801,1,0.056,0.05,0,0,0,0,2.3,2.89,0
16.733,intervention,-4.729,0,0,22,-10,30,0,0,2.298,64.808,7.5,-9.345,0,8.821,1,0.062,0.051,0,0,0,0,2.3,2.89,0
16.742,intervention,-4.729,0,0,22,-10,30,0,0,2.304,64.861,7.5,-9.345,0,8.786,1,0.072,0.084,0,0,0,0,2.3,2.89,0
16.75,intervention,-4.729,0,0,22,-10,30,0,0,2.304,64.811,7.5,-9.345,0,8.823,1,0.088,0.061,0,0,0,0,2.3,2.89,0
16.758,intervention,-4.729,0,0,22,-10,30,0,0,2.296,64.965,7.5,-9.345,0,8.83,1,0.072,0.081,0,0,0,0,2.3,2.89,0
16.767,intervention,-4.729,0,0,22,-10,30,0,0,2.299,64.801,7.5,-9.345,0,8.821,1,0.052,0.052,0,0,0,0,2.3,2.89,0
16.775,intervention,-4.729,0,0,22,-10,30,0,0,2.296,64.968,7.5,-9.345,0,8.818,1,0.074,0.071,0,0,0,0,2.3,2.89,0
16.783,intervention,-4.729,0,0,22,-10,30,0,0,2.297,64.691,7.5,-9.345,0,8.79,1,0.089,0.063,0,0,0,0,2.3,2.89,0
16.792,intervention,-4.729,0,0,22,-10,30,0,0,2.297,64.986,7.5,-9.345,0,8.787,1,0.073,0.071,0,0,0,0,2.3,2.89,0
16.8,intervention,-4.729,0,0,22,-10,30,0,0,2.303,64.704,7.5,-9.345,0,8.831,1,0.073,0.08,0,0,0,0,2.3,2.89,0
16.808,intervention,-4.729,0,0,22,-10,30,0,0,2.297,64.973,7.5,-9.345,0,8.83,1,0.072,0.084,0,0,0,0,2.3,2.89,0
16.817,intervention,-4.729,0,0,22,-10,30,0,0,2.298,64.947,7.5,-9.345,0,8.816,1,0.067,0.07,0,0,0,0,2.3,2.89,0
16.825,intervention,-4.729,0,0,22,-10,30,0,0,2.3,64.733,7.5,-9.345,0,8.784,1,0.051,0.088,0,0,0,0,2.3,2.89,0
16.833,intervention,-4.729,0,0,22,-10,30,0,0,2.295,64.769,7.5,-9.345,0,8.793,1,0.08,0.074,0,0,0,0,2.3,2.89,0
16.842,intervention,-4.729,0,0,22,-10,30,0,0,2.301,64.705,7.5,-9.345,0,8.808,1,0.068,0.063,0,0,0,0,2.3,2.89,0
16.85,intervention,-4.729,0,0,22,-10,30,0,0,2.296,64.977,7.5,-9.345,0,8.808,1,0.091,0.072,0,0,0,0,2.3,2.89,0
16.858,intervention,-4.729,0,0,22,-10,30,0,0,2.303,64.843,7.5,-9.345,0,8.828,1,0.056,0.066,0,0,0,0,2.3,2.89,0
16.867,intervention,-4.729,0,0,22,-10,30,0,0,2.303,64.988,7.5,-9.345,0,8.829,1,0.095,0.09,0,0,0,0,2.3,2.89,0
16.875,intervention,-4.729,0,0,22,-10,30,0,0,2.305,64.866,7.5,-9.345,0,8.801,1,0.056,0.08,0,0,0,0,2.3,2.89,0
16.883,intervention,-4.729,0,0,22,-10,30,0,0,2.298,64.903,7.5,-9.345,0,8.822,1,0.064,0.08,0,0,0,0,2.3,2.89,0
16.892,intervention,-4.729,0,0,22,-10,30,0,0,2.3,64.971,7.5,-9.345,0,8.819,1,0.077,0.074,0,0,0,0,2.3,2.89,0
16.9,intervention,-4.729,0,0,22,-10,30,0,0,2.303,64.881,7.5,-9.345,0,8.821,1,0.09,0.07,0,0,0,0,2.3,2.89,0
16.908,intervention,-4.729,0,0,22,-10,30,0,0,2.3,64.858,7.5,-9.345,0,8.792,1,0.062,0.077,0,0,0,0,2.3,2.89,0
16.917,intervention,-4.729,0,0,22,-10,30,0,0,2.303,64.903,7.5,-9.345,0,8.785,1,0.058,0.05,0,0,0,0,2.3,2.89,0
16.925,intervention,-4.729,0,0,22,-10,30,0,0,2.302,64.932,7.5,-9.345,0,8.809,1,0.067,0.082,0,0,0,0,2.3,2.89,0
16.933,intervention,-4.729,0,0,22,-10,30,0,0,2.298,64.841,7.5,-9.345,0,8.788,1,0.053,0.069,0,0,0,0,2.3,2.89,0
16.942,intervention,-4.729,0,0,22,-10,30,0,0,2.297,64.842,7.5,-9.345,0,8.817,1,0.067,0.064,0,0,0,0,2.3,2.89,0
16.95,intervention,-4.729,0,0,22,-10,30,0,0,2.304,64.971,7.5,-9.345,0,8.796,1,0.084,0.051,0,0,0,0,2.3,2.89,0
16.958,intervention,-4.729,0,0,22,-10,30,0,0,2.296,64.88,7.5,-9.345,0,8.798,1,0.051,0.077,0,0,0,0,2.3,2.89,0
16.967,intervention,-4.729,0,0,22,-10,30,0,0,2.302,64.705,7.5,-9.345,0,8.812,1,0.078,0.054,0,0,0,0,2.3,2.89,0
16.975,intervention,-4.729,0,0,22,-10,30,0,0,2.299,64.863,7.5,-9.345,0,8.785,1,0.081,0.085,0,0,0,0,2.3,2.89,0
16.983,intervention,-4.729,0,0,22,-10,30,0,0,2.3,64.77,7.5,-9.345,0,8.828,1,0.071,0.085,0,0,0,0,2.3,2.89,0
16.992,intervention,-4.729,0,0,22,-10,30,0,0,2.303,64.819,7.5,-9.345,0,8.813,1,0.094,0.08,0,0,0,0,2.3,2.89,0
17,intervention,-4.729,0,0,22,-10,30,0,0,2.299,64.898,7.5,-9.345,0,8.806,1,0.086,0.054,0,0,0,0,2.3,2.89,0
17.008,intervention,-4.729,0,0,22,-10,30,0,0,2.299,64.757,7.5,-9.345,0,8.798,1,0.086,0.06,0,0,0,0,2.3,2.89,0
17.017,intervention,-4.729,0,0,22,-10,30,0,0,2.299,64.897,7.5,-9.345,0,8.82,1,0.093,0.067,0,0,0,0,2.3,2.89,0
17.025,intervention,-4.729,0,0,22,-10,30,0,0,2.3,64.823,7.5,-9.345,0,8.785,1,0.07,0.086,0,0,0,0,2.3,2.89,0
17.033,intervention,-4.729,0,0,22,-10,30,0,0,2.295,64.916,7.5,-9.345,0,8.792,1,0.066,0.067,0,0,0,0,2.3,2.89,0
17.042,intervention,-4.729,0,0,22,-10,30,0,0,2.304,64.846,7.5,-9.345,0,8.807,1,0.095,0.07,0,0,0,0,2.3,2.89,0
17.05,intervention,-4.729,0,0,22,-10,30,0,0,2.3,64.948,7.5,-9.345,0,8.786,1,0.061,0.072,0,0,0,0,2.3,2.89,0
17.058,intervention,-4.729,0,0,22,-10,30,0,0,2.303,64.975,7.5,-9.345,0,8.807,1,0.059,0.061,0,0,0,0,2.3,2.89,0
17.067,intervention,-4.729,0,0,22,-10,30,0,0,2.298,64.957,7.5,-9.345,0,8.817,1,0.087,0.078,0,0,0,0,2.3,2.89,0
17.075,intervention,-4.729,0,0,22,-10,30,0,0,2.3,64.837,7.5,-9.345,0,8.819,1,0.057,0.081,0,0,0,0,2.3,2.89,0
17.083,intervention,-4.729,0,0,22,-10,30,0,0,2.302,64.841,7.5,-9.345,0,8.807,1,0.092,0.079,0,0,0,0,2.3,2.89,0
17.092,intervention,-4.729,0,0,22,-10,30,0,0,2.305,64.85,7.5,-9.345,0,8.79,1,0.059,0.06,0,0,0,0,2.3,2.89,0
17.1,intervention,-4.729,0,0,22,-10,30,0,0,2.302,64.95,7.5,-9.345,0,8.802,1,0.076,0.05,0,0,0,0,2.3,2.89,0
17.108,intervention,-4.729,0,0,22,-10,30,0,0,2.302,64.79,7.5,-9.345,0,8.812,1,0.058,0.061,0,0,0,0,2.3,2.89,0
17.117,intervention,-4.729,0,0,22,-10,30,0,0,2.302,64.776,7.5,-9.345,0,8.811,1,0.092,0.054,0,0,0,0,2.3,2.89,0
17.125,intervention,-4.729,0,0,22,-10,30,0,0,2.301,64.716,7.5,-9.345,0,8.821,1,0.091,0.088,0,0,0,0,2.3,2.89,0
17.133,intervention,-4.729,0,0,22,-10,30,0,0,2.299,64.733,7.5,-9.345,0,8.819,1,0.093,0.068,0,0,0,0,2.3,2.89,0
17.142,intervention,-4.729,0,0,22,-10,30,0,0,2.296,64.945,7.5,-9.345,0,8.782,1,0.086,0.075,0,0,0,0,2.3,2.89,0
17.15,intervention,-4.729,0,0,22,-10,30,0,0,2.304,64.73,7.5,-9.345,0,8.823,1,0.094,0.075,0,0,0,0,2.3,2.89,0
17.158,intervention,-4.729,0,0,22,-10,30,0,0,2.301,64.883,7.5,-9.345,0,8.795,1,0.05,0.052,0,0,0,0,2.3,2.89,0
17.167,intervention,-4.729,0,0,22,-10,30,0,0,2.296,64.885,7.5,-9.345,0,8.795,1,0.056,0.086,0,0,0,0,2.3,2.89,0
17.175,intervention,-4.729,0,0,22,-10,30,0,0,2.302,64.992,7.5,-9.345,0,8.829,1,0.052,0.082,0,0,0,0,2.3,2.89,0
17.183,intervention,-4.729,0,0,22,-10,30,0,0,2.3,64.998,7.5,-9.345,0,8.798,1,0.053,0.053,0,0,0,0,2.3,2.89,0
17.192,intervention,-4.729,0,0,22,-10,30,0,0,2.303,64.939,7.5,-9.345,0,8.79,1,0.091,0.069,0,0,0,0,2.3,2.89,0
17.2,intervention,-4.729,0,0,22,-10,30,0,0,2.299,64.952,7.5,-9.345,0,8.782,1,0.089,0.083,0,0,0,0,2.3,2.89,0
17.208,intervention,-4.729,0,0,22,-10,30,0,0,2.303,64.801,7.5,-9.345,0,8.805,1,0.092,0.063,0,0,0,0,2.3,2.89,0
17.217,intervention,-4.729,0,0,22,-10,30,0,0,2.304,64.805,7.5,-9.345,0,8.821,1,0.089,0.053,0,0,0,0,2.3,2.89,0
17.225,intervention,-4.729,0,0,22,-10,30,0,0,2.296,64.937,7.5,-9.345,0,8.782,1,0.069,0.078,0,0,0,0,2.3,2.89,0
17.233,intervention,-4.729,0,0,22,-10,30,0,0,2.3,64.975,7.5,-9.345,0,8.782,1,0.05,0.085,0,0,0,0,2.3,2.89,0
17.242,intervention,-4.729,0,0,22,-10,30,0,0,2.305,64.8,7.5,-9.345,0,8.785,1,0.053,0.085,0,0,0,0,2.3,2.89,0
17.25,intervention,-4.729,0,0,22,-10,30,0,0,2.301,64.819,7.5,-9.345,0,8.817,1,0.059,0.088,0,0,0,0,2.3,2.89,0
17.258,intervention,-4.729,0,0,22,-10,30,0,0,2.3,64.721,7.5,-9.345,0,8.81,1,0.058,0.069,0,0,0,0,2.3,2.89,0
17.267,intervention,-4.729,0,0,22,-10,30,0,0,2.303,64.891,7.5,-9.345,0,8.796,1,0.074,0.075,0,0,0,0,2.3,2.89,0
17.275,intervention,-4.729,0,0,22,-10,30,0,0,2.304,64.92,7.5,-9.345,0,8.809,1,0.059,0.05,0,0,0,0,2.3,2.89,0
17.283,intervention,-4.729,0,0,22,-10,30,0,0,2.304,64.957,7.5,-9.345,0,8.812,1,0.078,0.056,0,0,0,0,2.3,2.89,0
17.292,intervention,-4.729,0,0,22,-10,30,0,0,2.297,64.868,7.5,-9.345,0,8.801,1,0.093,0.082,0,0,0,0,2.3,2.89,0
17.3,intervention,-4.729,0,0,22,-10,30,0,0,2.297,64.909,7.5,-9.345,0,8.823,1,0.056,0.087,0,0,0,0,2.3,2.89,0
17.308,intervention,-4.729,0,0,22,-10,30,0,0,2.303,64.983,7.5,-9.345,0,8.787,1,0.051,0.068,0,0,0,0,2.3,2.89,0
17.317,intervention,-4.729,0,0,22,-10,30,0,0,2.304,64.954,7.5,-9.345,0,8.827,1,0.063,0.061,0,0,0,0,2.3,2.89,0
17.325,intervention,-4.729,0,0,22,-10,30,0,0,2.304,64.856,7.5,-9.345,0,8.817,1,0.063,0.083,0,0,0,0,2.3,2.89,0
17.333,intervention,-4.729,0,0,22,-10,30,0,0,2.3,64.905,7.5,-9.345,0,8.796,1,0.093,0.066,0,0,0,0,2.3,2.89,0
17.342,intervention,-4.729,0,0,22,-10,30,0,0,2.304,64.929,7.5,-9.345,0,8.792,1,0.08,0.051,0,0,0,0,2.3,2.89,0
17.35,intervention,-4.729,0,0,22,-10,30,0,0,2.303,64.758,7.5,-9.345,0,8.794,1,0.083,0.069,0,0,0,0,2.3,2.89,0
17.358,intervention,-4.729,0,0,22,-10,30,0,0,2.296,64.847,7.5,-9.345,0,8.809,1,0.051,0.05,0,0,0,0,2.3,2.89,0
17.367,intervention,-4.729,0,0,22,-10,30,0,0,2.305,64.971,7.5,-9.345,0,8.819,1,0.051,0.055,0,0,0,0,2.3,2.89,0
17.375,intervention,-4.729,0,0,22,-10,30,0,0,2.304,64.816,7.5,-9.345,0,8.789,1,0.094,0.069,0,0,0,0,2.3,2.89,0
17.383,intervention,-4.729,0,0,22,-10,30,0,0,2.301,64.832,7.5,-9.345,0,8.783,1,0.061,0.061,0,0,0,0,2.3,2.89,0
17.392,intervention,-4.729,0,0,22,-10,30,0,0,2.304,64.755,7.5,-9.345,0,8.811,1,0.05,0.051,0,0,0,0,2.3,2.89,0
17.4,intervention,-4.729,0,0,22,-10,30,0,0,2.301,65.016,7.5,-9.345,0,8.804,1,0.079,0.083,0,0,0,0,2.3,2.89,0
17.408,intervention,-4.729,0,0,22,-10,30,0,0,2.301,65.008,7.5,-9.345,0,8.794,1,0.078,0.056,0,0,0,0,2.3,2.89,0
17.417,intervention,-4.729,0,0,22,-10,30,0,0,2.305,64.816,7.5,-9.345,0,8.79,1,0.067,0.086,0,0,0,0,2.3,2.89,0
17.425,intervention,-4.729,0,0,22,-10,30,0,0,2.303,64.968,7.5,-9.345,0,8.786,1,0.068,0.064,0,0,0,0,2.3,2.89,0
17.433,intervention,-4.729,0,0,22,-10,30,0,0,2.301,64.99,7.5,-9.345,0,8.828,1,0.093,0.079,0,0,0,0,2.3,2.89,0
17.442,intervention,-4.729,0,0,22,-10,30,0,0,2.304,64.83,7.5,-9.345,0,8.801,1,0.099,0.082,0,0,0,0,2.3,2.89,0
17.45,intervention,-4.729,0,0,22,-10,30,0,0,2.298,64.786,7.5,-9.345,0,8.829,1,0.07,0.067,0,0,0,0,2.3,2.89,0
17.458,intervention,-4.729,0,0,22,-10,30,0,0,2.295,64.957,7.5,-9.345,0,8.796,1,0.092,0.079,0,0,0,0,2.3,2.89,0
17.467,intervention,-4.729,0,0,22,-10,30,0,0,2.298,64.742,7.5,-9.345,0,8.811,1,0.083,0.052,0,0,0,0,2.3,2.89,0
17.475,intervention,-4.729,0,0,22,-10,30,0,0,2.304,65.016,7.5,-9.345,0,8.801,1,0.063,0.06,0,0,0,0,2.3,2.89,0
17.483,intervention,-4.729,0,0,22,-10,30,0,0,2.302,64.771,7.5,-9.345,0,8.81,1,0.07,0.051,0,0,0,0,2.3,2.89,0
17.492,intervention,-4.729,0,0,22,-10,30,0,0,2.297,64.879,7.5,-9.345,0,8.83,1,0.09,0.053,0,0,0,0,2.3,2.89,0
17.5,intervention,-4.729,0,0,22,-10,30,0,0,2.298,64.844,7.5,-9.345,0,8.805,1,0.074,0.055,0,0,0,0,2.3,2.89,0
17.508,intervention,-4.729,0,0,22,-10,30,0,0,2.297,64.793,7.5,-9.345,0,8.798,1,0.053,0.087,0,0,0,0,2.3,2.89,0
17.517,intervention,-4.729,0,0,22,-10,30,0,0,2.3,65.014,7.5,-9.345,0,8.785,1,0.065,0.089,0,0,0,0,2.3,2.89,0
17.525,intervention,-4.729,0,0,22,-10,30,0,0,2.304,64.928,7.5,-9.345,0,8.812,1,0.096,0.074,0,0,0,0,2.3,2.89,0
17.533,intervention,-4.729,0,0,22,-10,30,0,0,2.3,65.021,7.5,-9.345,0,8.787,1,0.091,0.069,0,0,0,0,2.3,2.89,0
17.542,intervention,-4.729,0,0,22,-10,30,0,0,2.296,65.01,7.5,-9.345,0,8.811,1,0.068,0.075,0,0,0,0,2.3,2.89,0
17.55,intervention,-4.729,0,0,22,-10,30,0,0,2.298,64.767,7.5,-9.345,0,8.82,1,0.073,0.058,0,0,0,0,2.3,2.89,0
17.558,intervention,-4.729,0,0,22,-10,30,0,0,2.302,64.881,7.5,-9.345,0,8.828,1,0.081,0.061,0,0,0,0,2.3,2.89,0
17.567,intervention,-4.729,0,0,22,-10,30,0,0,2.301,64.904,7.5,-9.345,0,8.811,1,0.092,0.066,0,0,0,0,2.3,2.89,0
17.575,intervention,-4.729,0,0,22,-10,30,0,0,2.298,64.799,7.5,-9.345,0,8.828,1,0.097,0.077,0,0,0,0,2.3,2.89,0
17.583,intervention,-4.729,0,0,22,-10,30,0,0,2.301,64.864,7.5,-9.345,0,8.8,1,0.066,0.074,0,0,0,0,2.3,2.89,0
17.592,intervention,-4.729,0,0,22,-10,30,0,0,2.298,64.873,7.5,-9.345,0,8.792,1,0.099,0.076,0,0,0,0,2.3,2.89,0
17.6,intervention,-4.729,0,0,22,-10,30,0,0,2.3,64.996,7.5,-9.345,0,8.813,1,0.078,0.068,0,0,0,0,2.3,2.89,0
17.608,intervention,-4.729,0,0,22,-10,30,0,0,2.296,64.771,7.5,-9.345,0,8.788,1,0.065,0.074,0,0,0,0,2.3,2.89,0
17.617,intervention,-4.729,0,0,22,-10,30,0,0,2.298,64.948,7.5,-9.345,0,8.826,1,0.091,0.082,0,0,0,0,2.3,2.89,0
17.625,intervention,-4.729,0,0,22,-10,30,0,0,2.299,64.844,7.5,-9.345,0,8.785,1,0.072,0.058,0,0,0,0,2.3,2.89,0
17.633,intervention,-4.729,0,0,22,-10,30,0,0,2.303,64.743,7.5,-9.345,0,8.783,1,0.087,0.087,0,0,0,0,2.3,2.89,0
17.642,intervention,-4.729,0,0,22,-10,30,0,0,2.302,64.966,7.5,-9.345,0,8.808,1,0.098,0.06,0,0,0,0,2.3,2.89,0
17.65,intervention,-4.729,0,0,22,-10,30,0,0,2.303,64.809,7.5,-9.345,0,8.793,1,0.051,0.066,0,0,0,0,2.3,2.89,0
17.658,intervention,-4.729,0,0,22,-10,30,0,0,2.298,64.863,7.5,-9.345,0,8.798,1,0.066,0.085,0,0,0,0,2.3,2.89,0
17.667,intervention,-4.729,0,0,22,-10,30,0,0,2.296,64.734,7.5,-9.345,0,8.821,1,0.078,0.067,0,0,0,0,2.3,2.89,0
17.675,intervention,-4.729,0,0,22,-10,30,0,0,2.303,64.867,7.5,-9.345,0,8.819,1,0.082,0.065,0,0,0,0,2.3,2.89,0
17.683,intervention,-4.729,0,0,22,-10,30,0,0,2.298,64.973,7.5,-9.345,0,8.83,1,0.088,0.075,0,0,0,0,2.3,2.89,0
17.692,intervention,-4.729,0,0,22,-10,30,0,0,2.297,64.803,7.5,-9.345,0,8.782,1,0.084,0.084,0,0,0,0,2.3,2.89,0
17.7,intervention,-4.729,0,0,22,-10,30,0,0,2.305,64.794,7.5,-9.345,0,8.826,1,0.066,0.057,0,0,0,0,2.3,2.89,0
17.708,intervention,-4.729,0,0,22,-10,30,0,0,2.305,64.968,7.5,-9.345,0,8.801,1,0.052,0.062,0,0,0,0,2.3,2.89,0
17.717,intervention,-4.729,0,0,22,-10,30,0,0,2.299,64.799,7.5,-9.345,0,8.81,1,0.068,0.066,0,0,0,0,2.3,2.89,0
17.725,intervention,-4.729,0,0,22,-10,30,0,0,2.298,64.832,7.5,-9.345,0,8.793,1,0.074,0.079,0,0,0,0,2.3,2.89,0
17.733,intervention,-4.729,0,0,22,-10,30,0,0,2.305,64.933,7.5,-9.345,0,8.825,1,0.081,0.072,0,0,0,0,2.3,2.89,0
17.742,intervention,-4.729,0,0,22,-10,30,0,0,2.297,64.767,7.5,-9.345,0,8.817,1,0.057,0.087,0,0,0,0,2.3,2.89,0
17.75,intervention,-4.729,0,0,22,-10,30,0,0,2.299,64.869,7.5,-9.345,0,8.813,1,0.09,0.052,0,0,0,0,2.3,2.89,0
17.758,intervention,-4.729,0,0,22,-10,30,0,0,2.303,64.977,7.5,-9.345,0,8.83,1,0.093,0.06,0,0,0,0,2.3,2.89,0
17.767,intervention,-4.729,0,0,22,-10,30,0,0,2.296,64.937,7.5,-9.345,0,8.825,1,0.086,0.058,0,0,0,0,2.3,2.89,0
17.775,intervention,-4.729,0,0,22,-10,30,0,0,2.295,64.895,7.5,-9.345,0,8.784,1,0.063,0.069,0,0,0,0,2.3,2.89,0
17.783,intervention,-4.729,0,0,22,-10,30,0,0,2.3,64.874,7.5,-9.345,0,8.791,1,0.052,0.089,0,0,0,0,2.3,2.89,0
17.792,intervention,-4.729,0,0,22,-10,30,0,0,2.303,64.925,7.5,-9.345,0,8.822,1,0.061,0.071,0,0,0,0,2.3,2.89,0
17.8,intervention,-4.729,0,0,22,-10,30,0,0,2.299,64.771,7.5,-9.345,0,8.796,1,0.052,0.062,0,0,0,0,2.3,2.89,0
17.808,intervention,-4.729,0,0,22,-10,30,0,0,2.302,64.937,7.5,-9.345,0,8.811,1,0.096,0.062,0,0,0,0,2.3,2.89,0
17.817,intervention,-4.729,0,0,22,-10,30,0,0,2.302,64.746,7.5,-9.345,0,8.811,1,0.096,0.086,0,0,0,0,2.3,2.89,0
17.825,intervention,-4.729,0,0,22,-10,30,0,0,2.298,64.859,7.5,-9.345,0,8.786,1,0.051,0.087,0,0,0,0,2.3,2.89,0
17.833,intervention,-4.729,0,0,22,-10,30,0,0,2.3,64.783,7.5,-9.345,0,8.792,1,0.095,0.056,0,0,0,0,2.3,2.89,0
17.842,intervention,-4.729,0,0,22,-10,30,0,0,2.301,64.919,7.5,-9.345,0,8.802,1,0.077,0.079,0,0,0,0,2.3,2.89,0
17.85,intervention,-4.729,0,0,22,-10,30,0,0,2.302,64.874,7.5,-9.345,0,8.822,1,0.073,0.08,0,0,0,0,2.3,2.89,0
17.858,intervention,-4.729,0,0,22,-10,30,0,0,2.299,64.994,7.5,-9.345,0,8.79,1,0.089,0.054,0,0,0,0,2.3,2.89,0
17.867,intervention,-4.729,0,0,22,-10,30,0,0,2.299,64.94,7.5,-9.345,0,8.818,1,0.076,0.065,0,0,0,0,2.3,2.89,0
17.875,intervention,-4.729,0,0,22,-10,30,0,0,2.302,64.918,7.5,-9.345,0,8.824,1,0.052,0.084,0,0,0,0,2.3,2.89,0
17.883,intervention,-4.729,0,0,22,-10,30,0,0,2.301,64.874,7.5,-9.345,0,8.788,1,0.059,0.055,0,0,0,0,2.3,2.89,0
17.892,intervention,-4.729,0,0,22,-10,30,0,0,2.298,64.903,7.5,-9.345,0,8.816,1,0.094,0.061,0,0,0,0,2.3,2.89,0
17.9,intervention,-4.729,0,0,22,-10,30,0,0,2.302,64.796,7.5,-9.345,0,8.813,1,0.059,0.054,0,0,0,0,2.3,2.89,0
17.908,intervention,-4.729,0,0,22,-10,30,0,0,2.302,64.912,7.5,-9.345,0,8.786,1,0.084,0.062,0,0,0,0,2.3,2.89,0
17.917,intervention,-4.729,0,0,22,-10,30,0,0,2.298,64.909,7.5,-9.345,0,8.793,1,0.094,0.053,0,0,0,0,2.3,2.89,0
17.925,intervention,-4.729,0,0,22,-10,30,0,0,2.301,64.753,7.5,-9.345,0,8.828,1,0.093,0.089,0,0,0,0,2.3,2.89,0
17.933,intervention,-4.729,0,0,22,-10,30,0,0,2.301,64.928,7.5,-9.345,0,8.801,1,0.06,0.06,0,0,0,0,2.3,2.89,0
17.942,intervention,-4.729,0,0,22,-10,30,0,0,2.301,64.772,7.5,-9.345,0,8.818,1,0.07,0.075,0,0,0,0,2.3,2.89,0
17.95,intervention,-4.729,0,0,22,-10,30,0,0,2.301,64.9,7.5,-9.345,0,8.794,1,0.069,0.077,0,0,0,0,2.3,2.89,0
17.958,intervention,-4.729,0,0,22,-10,30,0,0,2.299,65.029,7.5,-9.345,0,8.826,1,0.098,0.057,0,0,0,0,2.3,2.89,0
17.967,intervention,-4.729,0,0,22,-10,30,0,0,2.303,64.818,7.5,-9.345,0,8.796,1,0.059,0.064,0,0,0,0,2.3,2.89,0
17.975,intervention,-4.729,0,0,22,-10,30,0,0,2.303,64.831,7.5,-9.345,0,8.806,1,0.083,0.083,0,0,0,0,2.3,2.89,0
17.983,intervention,-4.729,0,0,22,-10,30,0,0,2.304,64.995,7.5,-9.345,0,8.831,1,0.063,0.069,0,0,0,0,2.3,2.89,0
17.992,intervention,-4.729,0,0,22,-10,30,0,0,2.299,64.882,7.5,-9.345,0,8.797,1,0.073,0.069,0,0,0,0,2.3,2.89,0
18,intervention,-4.729,0,0,22,-10,30,0,0,2.299,64.894,7.5,-9.345,0,8.822,1,0.081,0.073,0,0,0,0,2.3,2.89,0