t,phase,travel,speed,swingDeg,boomDeg,stickDeg,bucketDeg,payloadKg,rollDeg,tipMargin,hydC,personRight,personFwd,personWalking,personDist,seatbelt,eyesClosed,jawOpen,camYawn,camDrowsy,cfSpeed,cfSwingDeg,cfTipMargin,cfPersonDist,cfClearance
0,normal,0,0,0.006,28,20,35,1900,0,1.945,86.072,6.062,-4.244,0,7.4,1,0.101,0.08,0,0,0,0.006,1.95,7.4,12.442
0.008,normal,0,0,0.019,28.017,20,35,1900,0,1.947,86.138,6.062,-4.244,0,7.4,1,0.088,0.068,0,0,0,0.019,1.95,7.4,12.441
0.017,normal,0,0,0.038,28.035,20,35,1900,0,1.951,86.09,6.062,-4.244,0,7.4,1,0.106,0.065,0,0,0,0.038,1.95,7.4,12.44
0.025,normal,0,0,0.063,28.052,20,35,1900,0,1.954,86.117,6.062,-4.244,0,7.4,1,0.089,0.072,0,0,0,0.063,1.95,7.4,12.438
0.033,normal,0,0,0.094,28.07,20,35,1900,0,1.951,86.078,6.062,-4.244,0,7.4,1,0.118,0.057,0,0,0,0.094,1.95,7.4,12.436
0.042,normal,0,0,0.131,28.087,20,35,1900,0,1.947,86.051,6.062,-4.244,0,7.4,1,0.084,0.064,0,0,0,0.131,1.95,7.4,12.434
0.05,normal,0,0,0.175,28.105,20,35,1900,0,1.948,86.054,6.062,-4.244,0,7.4,1,0.092,0.073,0,0,0,0.175,1.95,7.4,12.431
0.058,normal,0,0,0.225,28.122,20,35,1900,0,1.955,85.962,6.062,-4.244,0,7.4,1,0.099,0.067,0,0,0,0.225,1.95,7.4,12.428
0.067,normal,0,0,0.281,28.14,20,35,1900,0,1.946,86.128,6.062,-4.244,0,7.4,1,0.094,0.066,0,0,0,0.281,1.95,7.4,12.425
0.075,normal,0,0,0.344,28.157,20,35,1900,0,1.947,86.027,6.062,-4.244,0,7.4,1,0.117,0.054,0,0,0,0.344,1.95,7.4,12.421
0.083,normal,0,0,0.413,28.175,20,35,1900,0,1.954,85.91,6.062,-4.244,0,7.4,1,0.108,0.059,0,0,0,0.413,1.95,7.4,12.416
0.092,normal,0,0,0.488,28.192,20,35,1900,0,1.945,86.027,6.062,-4.244,0,7.4,1,0.089,0.07,0,0,0,0.488,1.95,7.4,12.412
0.1,normal,0,0,0.569,28.21,20,35,1900,0,1.946,85.947,6.062,-4.244,0,7.4,1,0.12,0.077,0,0,0,0.569,1.95,7.4,12.406
0.108,normal,0,0,0.656,28.227,20,35,1900,0,1.95,85.982,6.062,-4.244,0,7.4,1,0.092,0.077,0,0,0,0.656,1.95,7.4,12.401
0.117,normal,0,0,0.75,28.245,20,35,1900,0,1.95,85.952,6.062,-4.244,0,7.4,1,0.111,0.072,0,0,0,0.75,1.95,7.4,12.395
0.125,normal,0,0,0.85,28.262,20,35,1900,0,1.951,85.937,6.062,-4.244,0,7.4,1,0.098,0.08,0,0,0,0.85,1.95,7.4,12.389
0.133,normal,0,0,0.956,28.28,20,35,1900,0,1.952,86.005,6.062,-4.244,0,7.4,1,0.085,0.052,0,0,0,0.956,1.95,7.4,12.382
0.142,normal,0,0,1.069,28.297,20,35,1900,0,1.953,86.134,6.062,-4.244,0,7.4,1,0.094,0.075,0,0,0,1.069,1.95,7.4,12.375
0.15,normal,0,0,1.187,28.314,20,35,1900,0,1.946,85.953,6.062,-4.244,0,7.4,1,0.098,0.065,0,0,0,1.187,1.95,7.4,12.367
0.158,normal,0,0,1.312,28.332,20,35,1900,0,1.949,85.944,6.062,-4.244,0,7.4,1,0.093,0.076,0,0,0,1.312,1.95,7.4,12.359
0.167,normal,0,0,1.444,28.349,20,35,1900,0,1.954,86.077,6.062,-4.244,0,7.4,1,0.095,0.05,0,0,0,1.444,1.95,7.4,12.351
0.175,normal,0,0,1.581,28.367,20,35,1900,0,1.948,85.978,6.062,-4.244,0,7.4,1,0.08,0.051,0,0,0,1.581,1.95,7.4,12.342
0.183,normal,0,0,1.725,28.384,20,35,1900,0,1.946,86,6.062,-4.244,0,7.4,1,0.088,0.063,0,0,0,1.725,1.95,7.4,12.333
0.192,normal,0,0,1.875,28.401,20,35,1900,0,1.949,86.148,6.062,-4.244,0,7.4,1,0.119,0.074,0,0,0,1.875,1.95,7.4,12.323
0.2,normal,0,0,2.031,28.419,20,35,1900,0,1.946,85.953,6.062,-4.244,0,7.4,1,0.09,0.054,0,0,0,2.031,1.95,7.4,12.313
0.208,normal,0,0,2.194,28.436,20,35,1900,0,1.946,85.958,6.062,-4.244,0,7.4,1,0.101,0.075,0,0,0,2.194,1.95,7.4,12.302
0.217,normal,0,0,2.363,28.453,20,35,1900,0,1.95,85.993,6.062,-4.244,0,7.4,1,0.11,0.07,0,0,0,2.363,1.95,7.4,12.291
0.225,normal,0,0,2.538,28.471,20,35,1900,0,1.95,86.06,6.062,-4.244,0,7.4,1,0.095,0.072,0,0,0,2.538,1.95,7.4,12.28
0.233,normal,0,0,2.719,28.488,20,35,1900,0,1.948,86.131,6.062,-4.244,0,7.4,1,0.098,0.057,0,0,0,2.719,1.95,7.4,12.268
0.242,normal,0,0,2.906,28.505,20,35,1900,0,1.946,85.904,6.062,-4.244,0,7.4,1,0.081,0.059,0,0,0,2.906,1.95,7.4,12.256
0.25,normal,0,0,3.1,28.522,20,35,1900,0,1.95,85.873,6.062,-4.244,0,7.4,1,0.088,0.066,0,0,0,3.1,1.95,7.4,12.243
0.258,normal,0,0,3.3,28.54,20,35,1900,0,1.948,86.069,6.062,-4.244,0,7.4,1,0.09,0.059,0,0,0,3.3,1.95,7.4,12.23
0.267,normal,0,0,3.506,28.557,20,35,1900,0,1.952,85.962,6.062,-4.244,0,7.4,1,0.083,0.058,0,0,0,3.506,1.95,7.4,12.216
0.275,normal,0,0,3.719,28.574,20,35,1900,0,1.947,86.088,6.062,-4.244,0,7.4,1,0.084,0.063,0,0,0,3.719,1.95,7.4,12.202
0.283,normal,0,0,3.938,28.591,20,35,1900,0,1.953,86.162,6.062,-4.244,0,7.4,1,0.081,0.066,0,0,0,3.938,1.95,7.4,12.187
0.292,normal,0,0,4.163,28.608,20,35,1900,0,1.952,86.088,6.062,-4.244,0,7.4,1,0.092,0.064,0,0,0,4.163,1.95,7.4,12.172
0.3,normal,0,0,4.394,28.625,20,35,1900,0,1.947,86.028,6.062,-4.244,0,7.4,1,0.117,0.076,0,0,0,4.394,1.95,7.4,12.157
0.308,normal,0,0,4.631,28.642,20,35,1900,0,1.95,86.044,6.062,-4.244,0,7.4,1,0.102,0.06,0,0,0,4.631,1.95,7.4,12.141
0.317,normal,0,0,4.875,28.66,20,35,1900,0,1.952,86.095,6.062,-4.244,0,7.4,1,0.112,0.061,0,0,0,4.875,1.95,7.4,12.124
0.325,normal,0,0,5.125,28.677,20,35,1900,0,1.947,86.131,6.062,-4.244,0,7.4,1,0.089,0.058,0,0,0,5.125,1.95,7.4,12.107
0.333,normal,0,0,5.381,28.694,20,35,1900,0,1.955,85.944,6.062,-4.244,0,7.4,1,0.101,0.078,0,0,0,5.381,1.95,7.4,12.09
0.342,normal,0,0,5.644,28.711,20,35,1900,0,1.953,86.133,6.062,-4.244,0,7.4,1,0.08,0.053,0,0,0,5.644,1.95,7.4,12.072
0.35,normal,0,0,5.913,28.728,20,35,1900,0,1.954,86.097,6.062,-4.244,0,7.4,1,0.089,0.08,0,0,0,5.913,1.95,7.4,12.054
0.358,normal,0,0,6.188,28.745,20,35,1900,0,1.949,85.977,6.062,-4.244,0,7.4,1,0.109,0.056,0,0,0,6.188,1.95,7.4,12.035
0.367,normal,0,0,6.469,28.762,20,35,1900,0,1.952,86.059,6.062,-4.244,0,7.4,1,0.114,0.062,0,0,0,6.469,1.95,7.4,12.015
0.375,normal,0,0,6.756,28.778,20,35,1900,0,1.946,85.956,6.062,-4.244,0,7.4,1,0.118,0.072,0,0,0,6.756,1.95,7.4,11.995
0.383,normal,0,0,7.05,28.795,20,35,1900,0,1.953,86.125,6.062,-4.244,0,7.4,1,0.095,0.061,0,0,0,7.05,1.95,7.4,11.975
0.392,normal,0,0,7.35,28.812,20,35,1900,0,1.951,86.056,6.062,-4.244,0,7.4,1,0.109,0.072,0,0,0,7.35,1.95,7.4,11.954
0.4,normal,0,0,7.656,28.829,20,35,1900,0,1.951,86.12,6.062,-4.244,0,7.4,1,0.101,0.063,0,0,0,7.656,1.95,7.4,11.932
0.408,normal,0,0,7.969,28.846,20,35,1900,0,1.945,85.89,6.062,-4.244,0,7.4,1,0.095,0.062,0,0,0,7.969,1.95,7.4,11.91
0.417,normal,0,0,8.285,28.863,20,35,1900,0,1.952,86.159,6.062,-4.244,0,7.4,1,0.087,0.079,0,0,0,8.285,1.95,7.4,11.887
0.425,normal,0,0,8.602,28.879,20,35,1900,0,1.953,86.173,6.062,-4.244,0,7.4,1,0.117,0.052,0,0,0,8.602,1.95,7.4,11.865
0.433,normal,0,0,8.919,28.896,20,35,1900,0,1.954,85.898,6.062,-4.244,0,7.4,1,0.104,0.058,0,0,0,8.919,1.95,7.4,11.842
0.442,normal,0,0,9.235,28.913,20,35,1900,0,1.954,85.99,6.062,-4.244,0,7.4,1,0.101,0.068,0,0,0,9.235,1.95,7.4,11.819
0.45,normal,0,0,9.552,28.929,20,35,1900,0,1.953,85.997,6.062,-4.244,0,7.4,1,0.12,0.053,0,0,0,9.552,1.95,7.4,11.796
0.458,normal,0,0,9.869,28.946,20,35,1900,0,1.949,86.134,6.062,-4.244,0,7.4,1,0.115,0.058,0,0,0,9.869,1.95,7.4,11.773
0.467,normal,0,0,10.185,28.963,20,35,1900,0,1.951,85.994,6.062,-4.244,0,7.4,1,0.085,0.058,0,0,0,10.185,1.95,7.4,11.75
0.475,normal,0,0,10.502,28.979,20,35,1900,0,1.948,86.044,6.062,-4.244,0,7.4,1,0.082,0.068,0,0,0,10.502,1.95,7.4,11.727
0.483,normal,0,0,10.819,28.996,20,35,1900,0,1.946,85.945,6.062,-4.244,0,7.4,1,0.091,0.077,0,0,0,10.819,1.95,7.4,11.704
0.492,normal,0,0,11.135,29.012,20,35,1900,0,1.945,86.1,6.062,-4.244,0,7.4,1,0.099,0.068,0,0,0,11.135,1.95,7.4,11.68
0.5,normal,0,0,11.452,29.029,20,35,1900,0,1.95,85.914,6.062,-4.244,0,7.4,1,0.099,0.055,0,0,0,11.452,1.95,7.4,11.657
0.508,normal,0,0,11.769,29.045,20,35,1900,0,1.951,86.091,6.062,-4.244,0,7.4,1,0.106,0.068,0,0,0,11.769,1.95,7.4,11.633
0.517,normal,0,0,12.085,29.062,20,35,1900,0,1.945,86.006,6.062,-4.244,0,7.4,1,0.113,0.06,0,0,0,12.085,1.95,7.4,11.61
0.525,normal,0,0,12.402,29.078,20,35,1900,0,1.953,86,6.062,-4.244,0,7.4,1,0.095,0.061,0,0,0,12.402,1.95,7.4,11.586
0.533,normal,0,0,12.719,29.094,20,35,1900,0,1.955,85.939,6.062,-4.244,0,7.4,1,0.084,0.054,0,0,0,12.719,1.95,7.4,11.562
0.542,normal,0,0,13.035,29.11,20,35,1900,0,1.946,86.064,6.062,-4.244,0,7.4,1,0.092,0.057,0,0,0,13.035,1.95,7.4,11.538
0.55,normal,0,0,13.352,29.127,20,35,1900,0,1.95,86.102,6.062,-4.244,0,7.4,1,0.118,0.053,0,0,0,13.352,1.95,7.4,11.514
0.558,normal,0,0,13.669,29.143,20,35,1900,0,1.955,85.907,6.062,-4.244,0,7.4,1,0.089,0.066,0,0,0,13.669,1.95,7.4,11.49
0.567,normal,0,0,13.985,29.159,20,35,1900,0,1.947,86.111,6.062,-4.244,0,7.4,1,0.091,0.062,0,0,0,13.985,1.95,7.4,11.465
0.575,normal,0,0,14.302,29.175,20,35,1900,0,1.945,85.943,6.062,-4.244,0,7.4,1,0.088,0.077,0,0,0,14.302,1.95,7.4,11.441
0.583,normal,0,0,14.619,29.191,20,35,1900,0,1.951,86.065,6.062,-4.244,0,7.4,1,0.108,0.075,0,0,0,14.619,1.95,7.4,11.417
0.592,normal,0,0,14.935,29.207,20,35,1900,0,1.95,85.911,6.062,-4.244,0,7.4,1,0.082,0.078,0,0,0,14.935,1.95,7.4,11.392
0.6,normal,0,0,15.252,29.223,20,35,1900,0,1.954,85.899,6.062,-4.244,0,7.4,1,0.106,0.056,0,0,0,15.252,1.95,7.4,11.367
0.608,normal,0,0,15.569,29.239,20,35,1900,0,1.946,86.008,6.062,-4.244,0,7.4,1,0.106,0.069,0,0,0,15.569,1.95,7.4,11.343
0.617,normal,0,0,15.885,29.255,20,35,1900,0,1.947,86.08,6.062,-4.244,0,7.4,1,0.098,0.063,0,0,0,15.885,1.95,7.4,11.318
0.625,normal,0,0,16.202,29.271,20,35,1900,0,1.953,86.14,6.062,-4.244,0,7.4,1,0.117,0.065,0,0,0,16.202,1.95,7.4,11.293
0.633,normal,0,0,16.519,29.287,20,35,1900,0,1.945,86.163,6.062,-4.244,0,7.4,1,0.08,0.07,0,0,0,16.519,1.95,7.4,11.268
0.642,normal,0,0,16.835,29.303,20,35,1900,0,1.95,86.075,6.062,-4.244,0,7.4,1,0.096,0.063,0,0,0,16.835,1.95,7.4,11.243
0.65,normal,0,0,17.152,29.318,20,35,1900,0,1.949,86.067,6.062,-4.244,0,7.4,1,0.112,0.067,0,0,0,17.152,1.95,7.4,11.217
0.658,normal,0,0,17.469,29.334,20,35,1900,0,1.952,86.174,6.062,-4.244,0,7.4,1,0.09,0.06,0,0,0,17.469,1.95,7.4,11.192
0.667,normal,0,0,17.785,29.35,20,35,1900,0,1.947,86.12,6.062,-4.244,0,7.4,1,0.928,0.078,0,0,0,17.785,1.95,7.4,11.166
0.675,normal,0,0,18.102,29.365,20,35,1900,0,1.951,86.184,6.062,-4.244,0,7.4,1,0.907,0.059,0,0,0,18.102,1.95,7.4,11.141
0.683,normal,0,0,18.419,29.381,20,35,1900,0,1.951,86.191,6.062,-4.244,0,7.4,1,0.905,0.06,0,0,0,18.419,1.95,7.4,11.115
0.692,normal,0,0,18.735,29.396,20,35,1900,0,1.953,85.953,6.062,-4.244,0,7.4,1,0.932,0.079,0,0,0,18.735,1.95,7.4,11.09
0.7,normal,0,0,19.052,29.412,20,35,1900,0,1.954,86.036,6.062,-4.244,0,7.4,1,0.938,0.071,0,0,0,19.052,1.95,7.4,11.064
0.708,normal,0,0,19.369,29.427,20,35,1900,0,1.953,85.984,6.062,-4.244,0,7.4,1,0.935,0.072,0,0,0,19.369,1.95,7.4,11.038
0.717,normal,0,0,19.685,29.443,20,35,1900,0,1.954,86.122,6.062,-4.244,0,7.4,1,0.914,0.055,0,0,0,19.685,1.95,7.4,11.012
0.725,normal,0,0,20.002,29.458,20,35,1900,0,1.951,85.984,6.062,-4.244,0,7.4,1,0.925,0.061,0,0,0,20.002,1.95,7.4,10.986
0.733,normal,0,0,20.319,29.473,20,35,1900,0,1.951,86.112,6.062,-4.244,0,7.4,1,0.934,0.078,0,0,0,20.319,1.95,7.4,10.96
0.742,normal,0,0,20.635,29.488,20,35,1900,0,1.952,86.086,6.062,-4.244,0,7.4,1,0.934,0.054,0,0,0,20.635,1.95,7.4,10.933
0.75,normal,0,0,20.952,29.504,20,35,1900,0,1.949,86.147,6.062,-4.244,0,7.4,1,0.939,0.061,0,0,0,20.952,1.95,7.4,10.907
0.758,normal,0,0,21.269,29.519,20,35,1900,0,1.947,86.038,6.062,-4.244,0,7.4,1,0.927,0.078,0,0,0,21.269,1.95,7.4,10.88
0.767,normal,0,0,21.585,29.534,20,35,1900,0,1.953,86.107,6.062,-4.244,0,7.4,1,0.919,0.055,0,0,0,21.585,1.95,7.4,10.854
0.775,normal,0,0,21.902,29.549,20,35,1900,0,1.95,86.086,6.062,-4.244,0,7.4,1,0.904,0.067,0,0,0,21.902,1.95,7.4,10.827
0.783,normal,0,0,22.219,29.564,20,35,1900,0,1.948,85.985,6.062,-4.244,0,7.4,1,0.936,0.052,0,0,0,22.219,1.95,7.4,10.8
0.792,normal,0,0,22.535,29.579,20,35,1900,0,1.954,85.999,6.062,-4.244,0,7.4,1,0.924,0.068,0,0,0,22.535,1.95,7.4,10.773
0.8,normal,0,0,22.852,29.594,20,35,1900,0,1.952,86.023,6.062,-4.244,0,7.4,1,0.909,0.074,0,0,0,22.852,1.95,7.4,10.747
0.808,normal,0,0,23.169,29.608,20,35,1900,0,1.954,86.002,6.062,-4.244,0,7.4,1,0.909,0.051,0,0,0,23.169,1.95,7.4,10.72
0.817,normal,0,0,23.485,29.623,20,35,1900,0,1.953,85.942,6.062,-4.244,0,7.4,1,0.939,0.064,0,0,0,23.485,1.95,7.4,10.692
0.825,normal,0,0,23.802,29.638,20,35,1900,0,1.948,86.18,6.062,-4.244,0,7.4,1,0.924,0.074,0,0,0,23.802,1.95,7.4,10.665
0.833,normal,0,0,24.119,29.652,20,35,1900,0,1.954,86.102,6.062,-4.244,0,7.4,1,0.119,0.056,0,0,0,24.119,1.95,7.4,10.638
0.842,normal,0,0,24.435,29.667,20,35,1900,0,1.95,85.927,6.062,-4.244,0,7.4,1,0.092,0.068,0,0,0,24.435,1.95,7.4,10.61
0.85,normal,0,0,24.752,29.682,20,35,1900,0,1.952,85.997,6.062,-4.244,0,7.4,1,0.085,0.065,0,0,0,24.752,1.95,7.4,10.583
0.858,normal,0,0,25.069,29.696,20,35,1900,0,1.953,85.967,6.062,-4.244,0,7.4,1,0.097,0.08,0,0,0,25.069,1.95,7.4,10.555
0.867,normal,0,0,25.385,29.71,20,35,1900,0,1.955,86.191,6.062,-4.244,0,7.4,1,0.082,0.072,0,0,0,25.385,1.95,7.4,10.528
0.875,normal,0,0,25.702,29.725,20,35,1900,0,1.953,86.006,6.062,-4.244,0,7.4,1,0.109,0.07,0,0,0,25.702,1.95,7.4,10.5
0.883,normal,0,0,26.019,29.739,20,35,1900,0,1.946,85.936,6.062,-4.244,0,7.4,1,0.106,0.07,0,0,0,26.019,1.95,7.4,10.472
0.892,normal,0,0,26.335,29.753,20,35,1900,0,1.945,85.944,6.062,-4.244,0,7.4,1,0.086,0.053,0,0,0,26.335,1.95,7.4,10.444
0.9,normal,0,0,26.652,29.767,20,35,1900,0,1.954,85.936,6.062,-4.244,0,7.4,1,0.117,0.066,0,0,0,26.652,1.95,7.4,10.416
0.908,normal,0,0,26.969,29.782,20,35,1900,0,1.952,86.123,6.062,-4.244,0,7.4,1,0.091,0.076,0,0,0,26.969,1.95,7.4,10.388
0.917,normal,0,0,27.285,29.796,20,35,1900,0,1.954,86.095,6.062,-4.244,0,7.4,1,0.104,0.072,0,0,0,27.285,1.95,7.4,10.36
0.925,normal,0,0,27.602,29.81,20,35,1900,0,1.951,86.062,6.062,-4.244,0,7.4,1,0.102,0.065,0,0,0,27.602,1.95,7.4,10.331
0.933,normal,0,0,27.919,29.824,20,35,1900,0,1.951,86.148,6.062,-4.244,0,7.4,1,0.101,0.076,0,0,0,27.919,1.95,7.4,10.303
0.942,normal,0,0,28.235,29.837,20,35,1900,0,1.952,86.073,6.062,-4.244,0,7.4,1,0.096,0.063,0,0,0,28.235,1.95,7.4,10.275
0.95,normal,0,0,28.552,29.851,20,35,1900,0,1.955,86.155,6.062,-4.244,0,7.4,1,0.107,0.051,0,0,0,28.552,1.95,7.4,10.246
0.958,normal,0,0,28.869,29.865,20,35,1900,0,1.953,86.144,6.062,-4.244,0,7.4,1,0.096,0.052,0,0,0,28.869,1.95,7.4,10.217
0.967,normal,0,0,29.185,29.879,20,35,1900,0,1.953,86.213,6.062,-4.244,0,7.4,1,0.107,0.062,0,0,0,29.185,1.95,7.4,10.189
0.975,normal,0,0,29.502,29.892,20,35,1900,0,1.949,86.219,6.062,-4.244,0,7.4,1,0.094,0.06,0,0,0,29.502,1.95,7.4,10.16
0.983,normal,0,0,29.819,29.906,20,35,1900,0,1.949,86.192,6.062,-4.244,0,7.4,1,0.085,0.055,0,0,0,29.819,1.95,7.4,10.131
0.992,normal,0,0,30.135,29.919,20,35,1900,0,1.952,86.181,6.062,-4.244,0,7.4,1,0.088,0.059,0,0,0,30.135,1.95,7.4,10.102
1,normal,0,0,30.452,29.933,20,35,1900,0,1.954,86.089,6.062,-4.244,0,7.4,1,0.092,0.074,0,0,0,30.452,1.95,7.4,10.073
1.008,normal,0,0,30.769,29.946,20,35,1900,0,1.95,86.152,6.062,-4.244,0,7.4,1,0.1,0.078,0,0,0,30.769,1.95,7.4,10.044
1.017,normal,0,0,31.085,29.959,20,35,1900,0,1.945,86.085,6.062,-4.244,0,7.4,1,0.111,0.067,0,0,0,31.085,1.95,7.4,10.014
1.025,normal,0,0,31.402,29.973,20,35,1900,0,1.951,86.098,6.062,-4.244,0,7.4,1,0.11,0.077,0,0,0,31.402,1.95,7.4,9.985
1.033,normal,0,0,31.719,29.986,20,35,1900,0,1.95,85.941,6.062,-4.244,0,7.4,1,0.1,0.062,0,0,0,31.719,1.95,7.4,9.955
1.042,normal,0,0,32.035,29.999,20,35,1900,0,1.953,86.018,6.062,-4.244,0,7.4,1,0.091,0.079,0,0,0,32.035,1.95,7.4,9.926
1.05,normal,0,0,32.352,30.012,20,35,1900,0,1.954,86.177,6.062,-4.244,0,7.4,1,0.097,0.064,0,0,0,32.352,1.95,7.4,9.896
1.058,normal,0,0,32.669,30.025,20,35,1900,0,1.947,86.15,6.062,-4.244,0,7.4,1,0.1,0.058,0,0,0,32.669,1.95,7.4,9.867
1.067,normal,0,0,32.985,30.038,20,35,1900,0,1.951,86.072,6.062,-4.244,0,7.4,1,0.101,0.067,0,0,0,32.985,1.95,7.4,9.837
1.075,normal,0,0,33.302,30.05,20,35,1900,0,1.953,86.167,6.062,-4.244,0,7.4,1,0.119,0.057,0,0,0,33.302,1.95,7.4,9.807
1.083,normal,0,0,33.619,30.063,20,35,1900,0,1.953,86.199,6.062,-4.244,0,7.4,1,0.098,0.066,0,0,0,33.619,1.95,7.4,9.777
1.092,normal,0,0,33.935,30.076,20,35,1900,0,1.948,86.211,6.062,-4.244,0,7.4,1,0.104,0.052,0,0,0,33.935,1.95,7.4,9.747
1.1,normal,0,0,34.252,30.088,20,35,1900,0,1.955,86.136,6.062,-4.244,0,7.4,1,0.097,0.058,0,0,0,34.252,1.95,7.4,9.717
1.108,normal,0,0,34.569,30.101,20,35,1900,0,1.946,86.061,6.062,-4.244,0,7.4,1,0.099,0.065,0,0,0,34.569,1.95,7.4,9.687
1.117,normal,0,0,34.885,30.113,20,35,1900,0,1.952,85.961,6.062,-4.244,0,7.4,1,0.113,0.058,0,0,0,34.885,1.95,7.4,9.656
1.125,normal,0,0,35.202,30.126,20,35,1900,0,1.954,86.08,6.062,-4.244,0,7.4,1,0.08,0.06,0,0,0,35.202,1.95,7.4,9.626
1.133,normal,0,0,35.519,30.138,20,35,1900,0,1.951,86.234,6.062,-4.244,0,7.4,1,0.081,0.062,0,0,0,35.519,1.95,7.4,9.596
1.142,normal,0,0,35.835,30.15,20,35,1900,0,1.945,86.175,6.062,-4.244,0,7.4,1,0.109,0.076,0,0,0,35.835,1.95,7.4,9.565
1.15,normal,0,0,36.152,30.162,20,35,1900,0,1.951,86.219,6.062,-4.244,0,7.4,1,0.092,0.057,0,0,0,36.152,1.95,7.4,9.534
1.158,normal,0,0,36.469,30.175,20,35,1900,0,1.945,85.977,6.062,-4.244,0,7.4,1,0.108,0.066,0,0,0,36.469,1.95,7.4,9.504
1.167,normal,0,0,36.785,30.187,20,35,1900,0,1.947,86.19,6.062,-4.244,0,7.4,1,0.084,0.054,0,0,0,36.785,1.95,7.4,9.473
1.175,normal,0,0,37.102,30.199,20,35,1900,0,1.949,86.138,6.062,-4.244,0,7.4,1,0.106,0.071,0,0,0,37.102,1.95,7.4,9.442
1.183,normal,0,0,37.419,30.21,20,35,1900,0,1.95,86.133,6.062,-4.244,0,7.4,1,0.112,0.071,0,0,0,37.419,1.95,7.4,9.411
1.192,normal,0,0,37.735,30.222,20,35,1900,0,1.955,85.954,6.062,-4.244,0,7.4,1,0.105,0.074,0,0,0,37.735,1.95,7.4,9.38
1.2,normal,0,0,38.052,30.234,20,35,1900,0,1.951,86.122,6.062,-4.244,0,7.4,1,0.116,0.064,0,0,0,38.052,1.95,7.4,9.349
1.208,normal,0,0,38.369,30.246,20,35,1900,0,1.949,86.012,6.062,-4.244,0,7.4,1,0.094,0.074,0,0,0,38.369,1.95,7.4,9.318
1.217,normal,0,0,38.685,30.257,20,35,1900,0,1.95,86.17,6.062,-4.244,0,7.4,1,0.084,0.05,0,0,0,38.685,1.95,7.4,9.286
1.225,normal,0,0,39.002,30.269,20,35,1900,0,1.953,86.116,6.062,-4.244,0,7.4,1,0.09,0.062,0,0,0,39.002,1.95,7.4,9.255
1.233,normal,0,0,39.319,30.28,20,35,1900,0,1.952,86.191,6.062,-4.244,0,7.4,1,0.094,0.072,0,0,0,39.319,1.95,7.4,9.224
1.242,normal,0,0,39.635,30.291,20,35,1900,0,1.952,86.243,6.062,-4.244,0,7.4,1,0.116,0.075,0,0,0,39.635,1.95,7.4,9.192
1.25,normal,0,0,39.952,30.303,20,35,1900,0,1.951,86.192,6.062,-4.244,0,7.4,1,0.104,0.051,0,0,0,39.952,1.95,7.4,9.16
1.258,normal,0,0,40.269,30.314,20,35,1900,0,1.948,86.167,6.062,-4.244,0,7.4,1,0.094,0.061,0,0,0,40.269,1.95,7.4,9.129
1.267,normal,0,0,40.585,30.325,20,35,1900,0,1.955,86.202,6.062,-4.244,0,7.4,1,0.104,0.072,0,0,0,40.585,1.95,7.4,9.097
1.275,normal,0,0,40.902,30.336,20,35,1900,0,1.946,86.101,6.062,-4.244,0,7.4,1,0.1,0.073,0,0,0,40.902,1.95,7.4,9.065
1.283,normal,0,0,41.219,30.347,20,35,1900,0,1.949,86.024,6.062,-4.244,0,7.4,1,0.081,0.066,0,0,0,41.219,1.95,7.4,9.033
1.292,normal,0,0,41.535,30.358,20,35,1900,0,1.949,86.003,6.062,-4.244,0,7.4,1,0.094,0.07,0,0,0,41.535,1.95,7.4,9.001
1.3,normal,0,0,41.852,30.369,20,35,1900,0,1.947,86.111,6.062,-4.244,0,7.4,1,0.09,0.057,0,0,0,41.852,1.95,7.4,8.969
1.308,normal,0,0,42.169,30.379,20,35,1900,0,1.948,86.133,6.062,-4.244,0,7.4,1,0.089,0.076,0,0,0,42.169,1.95,7.4,8.937
1.317,normal,0,0,42.485,30.39,20,35,1900,0,1.954,86.143,6.062,-4.244,0,7.4,1,0.098,0.066,0,0,0,42.485,1.95,7.4,8.905
1.325,normal,0,0,42.802,30.4,20,35,1900,0,1.953,85.996,6.062,-4.244,0,7.4,1,0.096,0.069,0,0,0,42.802,1.95,7.4,8.873
1.333,normal,0,0,43.119,30.411,20,35,1900,0,1.946,86.137,6.062,-4.244,0,7.4,1,0.094,0.08,0,0,0,43.119,1.95,7.4,8.84
1.342,normal,0,0,43.435,30.421,20,35,1900,0,1.946,85.965,6.062,-4.244,0,7.4,1,0.091,0.071,0,0,0,43.435,1.95,7.4,8.808
1.35,normal,0,0,43.752,30.431,20,35,1900,0,1.948,85.967,6.062,-4.244,0,7.4,1,0.084,0.073,0,0,0,43.752,1.95,7.4,8.775
1.358,normal,0,0,44.069,30.442,20,35,1900,0,1.952,86.024,6.062,-4.244,0,7.4,1,0.113,0.063,0,0,0,44.069,1.95,7.4,8.743
1.367,normal,0,0,44.385,30.452,20,35,1900,0,1.949,86.014,6.062,-4.244,0,7.4,1,0.092,0.055,0,0,0,44.385,1.95,7.4,8.71
1.375,normal,0,0,44.702,30.462,20,35,1900,0,1.953,86.235,6.062,-4.244,0,7.4,1,0.096,0.065,0,0,0,44.702,1.95,7.4,8.677
1.383,normal,0,0,45.019,30.472,20,35,1900,0,1.955,86.143,6.062,-4.244,0,7.4,1,0.092,0.067,0,0,0,45.019,1.95,7.4,8.644
1.392,normal,0,0,45.335,30.482,20,35,1900,0,1.955,86.124,6.062,-4.244,0,7.4,1,0.095,0.076,0,0,0,45.335,1.95,7.4,8.611
1.4,normal,0,0,45.652,30.491,20,35,1900,0,1.949,86.261,6.062,-4.244,0,7.4,1,0.101,0.071,0,0,0,45.652,1.95,7.4,8.578
1.408,normal,0,0,45.969,30.501,20,35,1900,0,1.95,86.032,6.062,-4.244,0,7.4,1,0.086,0.052,0,0,0,45.969,1.95,7.4,8.545
1.417,normal,0,0,46.285,30.511,20,35,1900,0,1.95,85.987,6.062,-4.244,0,7.4,1,0.114,0.07,0,0,0,46.285,1.95,7.4,8.512
1.425,normal,0,0,46.602,30.52,20,35,1900,0,1.948,86.13,6.062,-4.244,0,7.4,1,0.106,0.06,0,0,0,46.602,1.95,7.4,8.479
1.433,normal,0,0,46.919,30.53,20,35,1900,0,1.952,86.011,6.062,-4.244,0,7.4,1,0.096,0.069,0,0,0,46.919,1.95,7.4,8.446
1.442,normal,0,0,47.235,30.539,20,35,1900,0,1.948,86.191,6.062,-4.244,0,7.4,1,0.115,0.075,0,0,0,47.235,1.95,7.4,8.412
1.45,normal,0,0,47.552,30.548,20,35,1900,0,1.946,86.209,6.062,-4.244,0,7.4,1,0.081,0.064,0,0,0,47.552,1.95,7.4,8.379
1.458,normal,0,0,47.869,30.558,20,35,1900,0,1.955,86.224,6.062,-4.244,0,7.4,1,0.101,0.051,0,0,0,47.869,1.95,7.4,8.345
1.467,normal,0,0,48.185,30.567,20,35,1900,0,1.946,86.165,6.062,-4.244,0,7.4,1,0.114,0.078,0,0,0,48.185,1.95,7.4,8.312
1.475,normal,0,0,48.502,30.576,20,35,1900,0,1.95,86.204,6.062,-4.244,0,7.4,1,0.106,0.066,0,0,0,48.502,1.95,7.4,8.278
1.483,normal,0,0,48.819,30.585,20,35,1900,0,1.95,86.158,6.062,-4.244,0,7.4,1,0.098,0.061,0,0,0,48.819,1.95,7.4,8.244
1.492,normal,0,0,49.135,30.594,20,35,1900,0,1.947,86.258,6.062,-4.244,0,7.4,1,0.102,0.079,0,0,0,49.135,1.95,7.4,8.211
1.5,normal,0,0,49.452,30.602,20,35,1900,0,1.945,85.975,6.062,-4.244,0,7.4,1,0.099,0.075,0,0,0,49.452,1.95,7.4,8.177
1.508,normal,0,0,49.769,30.611,20,35,1900,0,1.947,86.196,6.062,-4.244,0,7.4,1,0.1,0.069,0,0,0,49.769,1.95,7.4,8.143
1.517,normal,0,0,50.085,30.62,20,35,1900,0,1.948,86.06,6.062,-4.244,0,7.4,1,0.112,0.053,0,0,0,50.085,1.95,7.4,8.109
1.525,normal,0,0,50.402,30.628,20,35,1900,0,1.95,86.141,6.062,-4.244,0,7.4,1,0.094,0.077,0,0,0,50.402,1.95,7.4,8.075
1.533,normal,0,0,50.719,30.636,20,35,1900,0,1.954,85.977,6.062,-4.244,0,7.4,1,0.081,0.071,0,0,0,50.719,1.95,7.4,8.04
1.542,normal,0,0,51.035,30.645,20,35,1900,0,1.95,86.158,6.062,-4.244,0,7.4,1,0.117,0.052,0,0,0,51.035,1.95,7.4,8.006
1.55,normal,0,0,51.352,30.653,20,35,1900,0,1.947,86.113,6.062,-4.244,0,7.4,1,0.094,0.051,0,0,0,51.352,1.95,7.4,7.972
1.558,normal,0,0,51.669,30.661,20,35,1900,0,1.95,86.263,6.062,-4.244,0,7.4,1,0.104,0.08,0,0,0,51.669,1.95,7.4,7.938
1.567,normal,0,0,51.985,30.669,20,35,1900,0,1.949,86.198,6.062,-4.244,0,7.4,1,0.088,0.062,0,0,0,51.985,1.95,7.4,7.903
1.575,normal,0,0,52.302,30.677,20,35,1900,0,1.946,86.174,6.062,-4.244,0,7.4,1,0.09,0.059,0,0,0,52.302,1.95,7.4,7.869
1.583,normal,0,0,52.619,30.685,20,35,1900,0,1.946,86.266,6.062,-4.244,0,7.4,1,0.116,0.074,0,0,0,52.619,1.95,7.4,7.834
1.592,normal,0,0,52.935,30.693,20,35,1900,0,1.949,86.062,6.062,-4.244,0,7.4,1,0.081,0.058,0,0,0,52.935,1.95,7.4,7.799
1.6,normal,0,0,53.252,30.7,20,35,1900,0,1.949,86.277,6.062,-4.244,0,7.4,1,0.083,0.078,0,0,0,53.252,1.95,7.4,7.765
1.608,normal,0,0,53.569,30.708,20,35,1900,0,1.95,86.024,6.062,-4.244,0,7.4,1,0.103,0.061,0,0,0,53.569,1.95,7.4,7.73
1.617,normal,0,0,53.885,30.715,20,35,1900,0,1.95,86.099,6.062,-4.244,0,7.4,1,0.087,0.071,0,0,0,53.885,1.95,7.4,7.695
1.625,normal,0,0,54.202,30.723,20,35,1900,0,1.952,85.983,6.062,-4.244,0,7.4,1,0.11,0.07,0,0,0,54.202,1.95,7.4,7.66
1.633,normal,0,0,54.519,30.73,20,35,1900,0,1.954,86.123,6.062,-4.244,0,7.4,1,0.119,0.05,0,0,0,54.519,1.95,7.4,7.625
1.642,normal,0,0,54.835,30.737,20,35,1900,0,1.95,86.143,6.062,-4.244,0,7.4,1,0.091,0.062,0,0,0,54.835,1.95,7.4,7.59
1.65,normal,0,0,55.152,30.744,20,35,1900,0,1.948,86.078,6.062,-4.244,0,7.4,1,0.115,0.069,0,0,0,55.152,1.95,7.4,7.555
1.658,normal,0,0,55.469,30.751,20,35,1900,0,1.952,86.186,6.062,-4.244,0,7.4,1,0.088,0.077,0,0,0,55.469,1.95,7.4,7.52
1.667,normal,0,0,55.785,30.758,20,35,1900,0,1.952,86.263,6.062,-4.244,0,7.4,1,0.085,0.072,0,0,0,55.785,1.95,7.4,7.484
1.675,normal,0,0,56.102,30.765,20,35,1900,0,1.95,86.076,6.062,-4.244,0,7.4,1,0.085,0.071,0,0,0,56.102,1.95,7.4,7.449
1.683,normal,0,0,56.419,30.772,20,35,1900,0,1.946,86.276,6.062,-4.244,0,7.4,1,0.114,0.072,0,0,0,56.419,1.95,7.4,7.414
1.692,normal,0,0,56.735,30.779,20,35,1900,0,1.955,86.202,6.062,-4.244,0,7.4,1,0.092,0.062,0,0,0,56.735,1.95,7.4,7.378
1.7,normal,0,0,57.052,30.785,20,35,1900,0,1.95,85.992,6.062,-4.244,0,7.4,1,0.105,0.062,0,0,0,57.052,1.95,7.4,7.343
1.708,normal,0,0,57.369,30.792,20,35,1900,0,1.951,86.237,6.062,-4.244,0,7.4,1,0.097,0.051,0,0,0,57.369,1.95,7.4,7.307
1.717,normal,0,0,57.685,30.798,20,35,1900,0,1.951,86.121,6.062,-4.244,0,7.4,1,0.085,0.056,0,0,0,57.685,1.95,7.4,7.272
1.725,normal,0,0,58.002,30.804,20,35,1900,0,1.949,86.117,6.062,-4.244,0,7.4,1,0.101,0.077,0,0,0,58.002,1.95,7.4,7.236
1.733,normal,0,0,58.319,30.81,20,35,1900,0,1.955,86.045,6.062,-4.244,0,7.4,1,0.119,0.052,0,0,0,58.319,1.95,7.4,7.2
1.742,normal,0,0,58.635,30.816,20,35,1900,0,1.946,86.239,6.062,-4.244,0,7.4,1,0.11,0.063,0,0,0,58.635,1.95,7.4,7.164
1.75,normal,0,0,58.952,30.822,20,35,1900,0,1.949,86.125,6.062,-4.244,0,7.4,1,0.099,0.051,0,0,0,58.952,1.95,7.4,7.128
1.758,normal,0,0,59.269,30.828,20,35,1900,0,1.952,85.993,6.062,-4.244,0,7.4,1,0.082,0.07,0,0,0,59.269,1.95,7.4,7.092
1.767,normal,0,0,59.585,30.834,20,35,1900,0,1.949,86.053,6.062,-4.244,0,7.4,1,0.084,0.072,0,0,0,59.585,1.95,7.4,7.056
1.775,normal,0,0,59.902,30.84,20,35,1900,0,1.955,86.272,6.062,-4.244,0,7.4,1,0.102,0.06,0,0,0,59.902,1.95,7.4,7.02
1.783,normal,0,0,60.219,30.845,20,35,1900,0,1.946,86.06,6.062,-4.244,0,7.4,1,0.113,0.051,0,0,0,60.219,1.95,7.4,6.984
1.792,normal,0,0,60.535,30.851,20,35,1900,0,1.949,86.015,6.062,-4.244,0,7.4,1,0.118,0.074,0,0,0,60.535,1.95,7.4,6.948
1.8,normal,0,0,60.852,30.856,20,35,1900,0,1.952,86.111,6.062,-4.244,0,7.4,1,0.083,0.077,0,0,0,60.852,1.95,7.4,6.912
1.808,normal,0,0,61.169,30.862,20,35,1900,0,1.946,86.162,6.062,-4.244,0,7.4,1,0.116,0.062,0,0,0,61.169,1.95,7.4,6.875
1.817,normal,0,0,61.485,30.867,20,35,1900,0,1.945,86.15,6.062,-4.244,0,7.4,1,0.084,0.06,0,0,0,61.485,1.95,7.4,6.839
1.825,normal,0,0,61.802,30.872,20,35,1900,0,1.948,86.006,6.062,-4.244,0,7.4,1,0.091,0.082,0,0,0,61.802,1.95,7.4,6.802
1.833,normal,0,0,62.119,30.877,20,35,1900,0,1.955,86.261,6.062,-4.244,0,7.4,1,0.106,0.065,0,0,0,62.119,1.95,7.4,6.766
1.842,normal,0,0,62.435,30.882,20,35,1900,0,1.954,86.179,6.062,-4.244,0,7.4,1,0.094,0.085,0,0,0,62.435,1.95,7.4,6.729
1.85,normal,0,0,62.752,30.887,20,35,1900,0,1.953,86.131,6.062,-4.244,0,7.4,1,0.101,0.09,0,0,0,62.752,1.95,7.4,6.693
1.858,normal,0,0,63.069,30.891,20,35,1900,0,1.947,86.039,6.062,-4.244,0,7.4,1,0.089,0.079,0,0,0,63.069,1.95,7.4,6.656
1.867,normal,0,0,63.385,30.896,20,35,1900,0,1.947,86.016,6.062,-4.244,0,7.4,1,0.108,0.103,0,0,0,63.385,1.95,7.4,6.619
1.875,normal,0,0,63.702,30.9,20,35,1900,0,1.951,86.105,6.062,-4.244,0,7.4,1,0.089,0.104,0,0,0,63.702,1.95,7.4,6.582
1.883,normal,0,0,64.019,30.905,20,35,1900,0,1.95,86.272,6.062,-4.244,0,7.4,1,0.096,0.117,0,0,0,64.019,1.95,7.4,6.545
1.892,normal,0,0,64.335,30.909,20,35,1900,0,1.946,86.06,6.062,-4.244,0,7.4,1,0.117,0.13,0,0,0,64.335,1.95,7.4,6.508
1.9,normal,0,0,64.652,30.913,20,35,1900,0,1.948,86.218,6.062,-4.244,0,7.4,1,0.119,0.14,0,0,0,64.652,1.95,7.4,6.471
1.908,normal,0,0,64.969,30.918,20,35,1900,0,1.949,86.006,6.062,-4.244,0,7.4,1,0.112,0.128,0,0,0,64.969,1.95,7.4,6.434
1.917,normal,0,0,65.285,30.922,20,35,1900,0,1.946,86.051,6.062,-4.244,0,7.4,1,0.1,0.145,0,0,0,65.285,1.95,7.4,6.397
1.925,normal,0,0,65.602,30.926,20,35,1900,0,1.945,86.193,6.062,-4.244,0,7.4,1,0.089,0.158,0,0,0,65.602,1.95,7.4,6.36
1.933,normal,0,0,65.919,30.929,20,35,1900,0,1.945,86.173,6.062,-4.244,0,7.4,1,0.107,0.161,0,0,0,65.919,1.95,7.4,6.323
1.942,normal,0,0,66.235,30.933,20,35,1900,0,1.945,86.297,6.062,-4.244,0,7.4,1,0.089,0.186,0,0,0,66.235,1.95,7.4,6.286
1.95,normal,0,0,66.552,30.937,20,35,1900,0,1.947,86.081,6.062,-4.244,0,7.4,1,0.087,0.19,0,0,0,66.552,1.95,7.4,6.248
1.958,normal,0,0,66.869,30.94,20,35,1900,0,1.954,86.036,6.062,-4.244,0,7.4,1,0.104,0.22,0,0,0,66.869,1.95,7.4,6.211
1.967,normal,0,0,67.185,30.944,20,35,1900,0,1.949,86.065,6.062,-4.244,0,7.4,1,0.11,0.229,0,0,0,67.185,1.95,7.4,6.173
1.975,normal,0,0,67.502,30.947,20,35,1900,0,1.952,86.257,6.062,-4.244,0,7.4,1,0.11,0.221,0,0,0,67.502,1.95,7.4,6.136
1.983,normal,0,0,67.819,30.95,20,35,1900,0,1.954,86.174,6.062,-4.244,0,7.4,1,0.11,0.243,0,0,0,67.819,1.95,7.4,6.098
1.992,normal,0,0,68.135,30.953,20,35,1900,0,1.95,86.055,6.062,-4.244,0,7.4,1,0.086,0.255,0,0,0,68.135,1.95,7.4,6.061
2,normal,0,0,68.452,30.956,20,35,1900,0,1.954,86.213,6.062,-4.244,0,7.4,1,0.092,0.275,0,0,0,68.452,1.95,7.4,6.023
2.008,normal,0,0,68.769,30.959,20,35,1900,0,1.951,86.219,6.062,-4.244,0,7.4,1,0.112,0.298,0,0,0,68.769,1.95,7.4,5.985
2.017,normal,0,0,69.085,30.962,20,35,1900,0,1.947,86.121,6.062,-4.244,0,7.4,1,0.096,0.322,0,0,0,69.085,1.95,7.4,5.948
2.025,normal,0,0,69.402,30.965,20,35,1900,0,1.952,86.09,6.062,-4.244,0,7.4,1,0.093,0.317,0,0,0,69.402,1.95,7.4,5.91
2.033,normal,0,0,69.719,30.967,20,35,1900,0,1.949,86.238,6.062,-4.244,0,7.4,1,0.112,0.337,0,0,0,69.719,1.95,7.4,5.872
2.042,normal,0,0,70.035,30.97,20,35,1900,0,1.948,86.082,6.062,-4.244,0,7.4,1,0.082,0.357,0,0,0,70.035,1.95,7.4,5.834
2.05,normal,0,0,70.352,30.972,20,35,1900,0,1.949,86.111,6.062,-4.244,0,7.4,1,0.091,0.377,0,0,0,70.352,1.95,7.4,5.796
2.058,normal,0,0,70.669,30.975,20,35,1900,0,1.947,86.133,6.062,-4.244,0,7.4,1,0.113,0.384,0,0,0,70.669,1.95,7.4,5.758
2.067,normal,0,0,70.985,30.977,20,35,1900,0,1.953,86.255,6.062,-4.244,0,7.4,1,0.118,0.41,0,0,0,70.985,1.95,7.4,5.72
2.075,normal,0,0,71.302,30.979,20,35,1900,0,1.948,86.214,6.062,-4.244,0,7.4,1,0.11,0.415,0,0,0,71.302,1.95,7.4,5.682
2.083,normal,0,0,71.619,30.981,20,35,1900,0,1.952,86.306,6.062,-4.244,0,7.4,1,0.107,0.455,0,0,0,71.619,1.95,7.4,5.643
2.092,normal,0,0,71.935,30.983,20,35,1900,0,1.947,86.192,6.062,-4.244,0,7.4,1,0.105,0.463,0,0,0,71.935,1.95,7.4,5.605
2.1,normal,0,0,72.252,30.985,20,35,1900,0,1.953,86.278,6.062,-4.244,0,7.4,1,0.095,0.483,0,0,0,72.252,1.95,7.4,5.567
2.108,normal,0,0,72.569,30.986,20,35,1900,0,1.95,86.098,6.062,-4.244,0,7.4,1,0.09,0.493,0,0,0,72.569,1.95,7.4,5.529
2.117,normal,0,0,72.885,30.988,20,35,1900,0,1.946,86.023,6.062,-4.244,0,7.4,1,0.106,0.522,0,0,0,72.885,1.95,7.4,5.49
2.125,normal,0,0,73.202,30.99,20,35,1900,0,1.955,86.083,6.062,-4.244,0,7.4,1,0.12,0.53,0,0,0,73.202,1.95,7.4,5.452
2.133,normal,0,0,73.519,30.991,20,35,1900,0,1.947,86.293,6.062,-4.244,0,7.4,1,0.08,0.547,0,0,0,73.519,1.95,7.4,5.413
2.142,normal,0,0,73.835,30.992,20,35,1900,0,1.95,86.023,6.062,-4.244,0,7.4,1,0.119,0.546,0,0,0,73.835,1.95,7.4,5.375
2.15,normal,0,0,74.152,30.994,20,35,1900,0,1.952,86.239,6.062,-4.244,0,7.4,1,0.101,0.574,0,0,0,74.152,1.95,7.4,5.336
2.158,normal,0,0,74.469,30.995,20,35,1900,0,1.948,86.19,6.062,-4.244,0,7.4,1,0.087,0.592,0,0,0,74.469,1.95,7.4,5.298
2.167,normal,0,0,74.785,30.996,20,35,1900,0,1.947,86.183,6.062,-4.244,0,7.4,1,0.093,0.619,0,0,0,74.785,1.95,7.4,5.259
2.175,normal,0,0,75.102,30.997,20,35,1900,0,1.953,86.28,6.062,-4.244,0,7.4,1,0.108,0.64,0,0,0,75.102,1.95,7.4,5.22
2.183,normal,0,0,75.419,30.997,20,35,1900,0,1.953,86.222,6.062,-4.244,0,7.4,1,0.099,0.628,0,0,0,75.419,1.95,7.4,5.181
2.192,normal,0,0,75.735,30.998,20,35,1900,0,1.953,86.255,6.062,-4.244,0,7.4,1,0.105,0.645,0,0,0,75.735,1.95,7.4,5.143
2.2,normal,0,0,76.052,30.999,20,35,1900,0,1.951,86.162,6.062,-4.244,0,7.4,1,0.113,0.663,0,0,0,76.052,1.95,7.4,5.104
2.208,normal,0,0,76.369,30.999,20,35,1900,0,1.951,86.061,6.062,-4.244,0,7.4,1,0.098,0.687,0,0,0,76.369,1.95,7.4,5.065
2.217,normal,0,0,76.685,30.999,20,35,1900,0,1.95,86.25,6.062,-4.244,0,7.4,1,0.101,0.7,0,0,0,76.685,1.95,7.4,5.026
2.225,normal,0,0,77.002,31,20,35,1900,0,1.953,86.321,6.062,-4.244,0,7.4,1,0.114,0.718,0,0,0,77.002,1.95,7.4,4.987
2.233,normal,0,0,77.319,31,20,35,1900,0,1.951,86.131,6.062,-4.244,0,7.4,1,0.093,0.716,0,0,0,77.319,1.95,7.4,4.948
2.242,normal,0,0,77.635,31,20,35,1900,0,1.95,86.266,6.062,-4.244,0,7.4,1,0.095,0.75,0,0,0,77.635,1.95,7.4,4.909
2.25,normal,0,0,77.952,31,20,35,1900,0,1.948,86.164,6.062,-4.244,0,7.4,1,0.106,0.746,0,0,0,77.952,1.95,7.4,4.87
2.258,normal,0,0,78.269,31,20,35,1900,0,1.949,86.154,6.062,-4.244,0,7.4,1,0.1,0.757,0,0,0,78.269,1.95,7.4,4.83
2.267,normal,0,0,78.585,31,20,35,1900,0,1.95,86.192,6.062,-4.244,0,7.4,1,0.094,0.786,0,0,0,78.585,1.95,7.4,4.791
2.275,normal,0,0,78.902,30.999,20,35,1900,0,1.952,86.141,6.062,-4.244,0,7.4,1,0.08,0.78,0,0,0,78.902,1.95,7.4,4.752
2.283,normal,0,0,79.219,30.999,20,35,1900,0,1.954,86.141,6.062,-4.244,0,7.4,1,0.097,0.806,0,0,0,79.219,1.95,7.4,4.713
2.292,normal,0,0,79.535,30.998,20,35,1900,0,1.952,86.305,6.062,-4.244,0,7.4,1,0.086,0.82,0,0,0,79.535,1.95,7.4,4.673
2.3,normal,0,0,79.852,30.998,20,35,1900,0,1.95,86.096,6.062,-4.244,0,7.4,1,0.102,0.837,0,0,0,79.852,1.95,7.4,4.634
2.308,normal,0,0,80.169,30.997,20,35,1900,0,1.947,86.072,6.062,-4.244,0,7.4,1,0.112,0.841,0,0,0,80.169,1.95,7.4,4.594
2.317,normal,0,0,80.485,30.996,20,35,1900,0,1.952,86.138,6.062,-4.244,0,7.4,1,0.116,0.852,0,0,0,80.485,1.95,7.4,4.555
2.325,normal,0,0,80.802,30.995,20,35,1900,0,1.954,86.093,6.062,-4.244,0,7.4,1,0.088,0.839,0,0,0,80.802,1.95,7.4,4.515
2.333,normal,0,0,81.119,30.994,20,35,1900,0,1.95,86.305,6.062,-4.244,0,7.4,1,0.118,0.867,0,0,0,81.119,1.95,7.4,4.476
2.342,normal,0,0,81.435,30.993,20,35,1900,0,1.95,86.227,6.062,-4.244,0,7.4,1,0.113,0.862,0,0,0,81.435,1.95,7.4,4.436
2.35,normal,0,0,81.752,30.992,20,35,1900,0,1.952,86.089,6.062,-4.244,0,7.4,1,0.082,0.884,0,0,0,81.752,1.95,7.4,4.397
2.358,normal,0,0,82.069,30.99,20,35,1900,0,1.952,86.152,6.062,-4.244,0,7.4,1,0.119,0.882,0,0,0,82.069,1.95,7.4,4.357
2.367,normal,0,0,82.385,30.989,20,35,1900,0,1.95,86.076,6.062,-4.244,0,7.4,1,0.107,0.863,0,0,0,82.385,1.95,7.4,4.317
2.375,normal,0,0,82.702,30.987,20,35,1900,0,1.947,86.069,6.062,-4.244,0,7.4,1,0.112,0.889,0,0,0,82.702,1.95,7.4,4.278
2.383,normal,0,0,83.019,30.986,20,35,1900,0,1.948,86.322,6.062,-4.244,0,7.4,1,0.095,0.897,0,0,0,83.019,1.95,7.4,4.238
2.392,normal,0,0,83.335,30.984,20,35,1900,0,1.954,86.18,6.062,-4.244,0,7.4,1,0.1,0.882,0,0,0,83.335,1.95,7.4,4.198
2.4,normal,0,0,83.652,30.982,20,35,1900,0,1.949,86.195,6.062,-4.244,0,7.4,1,0.11,0.883,0,0,0,83.652,1.95,7.4,4.158
2.408,normal,0,0,83.963,30.98,20,35,1900,0,1.955,86.206,6.062,-4.244,0,7.4,1,0.105,0.889,0,0,0,83.963,1.95,7.4,4.119
2.417,normal,0,0,84.267,30.978,20,35,1900,0,1.947,86.117,6.062,-4.244,0,7.4,1,0.117,0.881,0,0,0,84.267,1.95,7.4,4.081
2.425,normal,0,0,84.565,30.976,20,35,1900,0,1.949,86.082,6.062,-4.244,0,7.4,1,0.092,0.894,0,0,0,84.565,1.95,7.4,4.043
2.433,normal,0,0,84.856,30.974,20,35,1900,0,1.947,86.148,6.062,-4.244,0,7.4,1,0.095,0.89,0,0,0,84.856,1.95,7.4,4.006
2.442,normal,0,0,85.142,30.971,20,35,1900,0,1.948,86.202,6.062,-4.244,0,7.4,1,0.085,0.878,0,0,0,85.142,1.95,7.4,3.97
2.45,normal,0,0,85.421,30.969,20,35,1900,0,1.955,86.08,6.062,-4.244,0,7.4,1,0.096,0.877,0,0,0,85.421,1.95,7.4,3.935
2.458,normal,0,0,85.694,30.966,20,35,1900,0,1.947,86.199,6.062,-4.244,0,7.4,1,0.089,0.899,0,0,0,85.694,1.95,7.4,3.9
2.467,normal,0,0,85.96,30.964,20,35,1900,0,1.949,86.048,6.062,-4.244,0,7.4,1,0.11,0.885,0,0,0,85.96,1.95,7.4,3.867
2.475,normal,0,0,86.221,30.961,20,35,1900,0,1.95,86.299,6.062,-4.244,0,7.4,1,0.099,0.881,0,0,0,86.221,1.95,7.4,3.834
2.483,normal,0,0,86.475,30.958,20,35,1900,0,1.949,86.223,6.062,-4.244,0,7.4,1,0.112,0.885,0,0,0,86.475,1.95,7.4,3.802
2.492,normal,0,0,86.723,30.955,20,35,1900,0,1.947,86.271,6.062,-4.244,0,7.4,1,0.107,0.871,0,0,0,86.723,1.95,7.4,3.77
2.5,normal,0,0,86.965,30.952,20,35,1900,0,1.947,86.219,6.062,-4.244,0,7.4,1,0.081,0.879,0,0,0,86.965,1.95,7.4,3.739
2.508,normal,0,0,87.2,30.949,20,35,1900,0,1.95,86.078,6.062,-4.244,0,7.4,1,0.096,0.894,0,0,0,87.2,1.95,7.4,3.709
2.517,normal,0,0,87.429,30.946,20,35,1900,0,1.947,86.294,6.062,-4.244,0,7.4,1,0.094,0.877,0,0,0,87.429,1.95,7.4,3.68
2.525,normal,0,0,87.652,30.942,20,35,1900,0,1.954,86.209,6.062,-4.244,0,7.4,1,0.11,0.872,0,0,0,87.652,1.95,7.4,3.652
2.533,normal,0,0,87.869,30.939,20,35,1900,0,1.953,86.097,6.062,-4.244,0,7.4,1,0.106,0.883,0,0,0,87.869,1.95,7.4,3.624
2.542,normal,0,0,88.079,30.935,20,35,1900,0,1.951,86.318,6.062,-4.244,0,7.4,1,0.105,0.891,0,0,0,88.079,1.95,7.4,3.598
2.55,normal,0,0,88.283,30.931,20,35,1900,0,1.949,86.324,6.062,-4.244,0,7.4,1,0.084,0.889,0,0,0,88.283,1.95,7.4,3.572
2.558,normal,0,0,88.481,30.928,20,35,1900,0,1.953,86.098,6.062,-4.244,0,7.4,1,0.088,0.881,0,0,0,88.481,1.95,7.4,3.546
2.567,normal,0,0,88.673,30.924,20,35,1900,0,1.953,86.209,6.062,-4.244,0,7.4,1,0.105,0.893,0,0,0,88.673,1.95,7.4,3.522
2.575,normal,0,0,88.858,30.92,20,35,1900,0,1.953,86.107,6.062,-4.244,0,7.4,1,0.092,0.883,0,0,0,88.858,1.95,7.4,3.498
2.583,normal,0,0,89.038,30.916,20,35,1900,0,1.947,86.272,6.062,-4.244,0,7.4,1,0.101,0.897,0,0,0,89.038,1.95,7.4,3.476
2.592,normal,0,0,89.21,30.912,20,35,1900,0,1.948,86.276,6.062,-4.244,0,7.4,1,0.101,0.893,0,0,0,89.21,1.95,7.4,3.453
2.6,normal,0,0,89.377,30.907,20,35,1900,0,1.946,86.192,6.062,-4.244,0,7.4,1,0.109,0.875,0,0,0,89.377,1.95,7.4,3.432
2.608,normal,0,0,89.538,30.903,20,35,1900,0,1.951,86.137,6.062,-4.244,0,7.4,1,0.107,0.881,0,0,0,89.538,1.95,7.4,3.412
2.617,normal,0,0,89.692,30.898,20,35,1900,0,1.95,86.338,6.062,-4.244,0,7.4,1,0.095,0.9,0,0,0,89.692,1.95,7.4,3.392
2.625,normal,0,0,89.84,30.894,20,35,1900,0,1.954,86.139,6.062,-4.244,0,7.4,1,0.095,0.882,0,0,0,89.84,1.95,7.4,3.373
2.633,normal,0,0,89.981,30.889,20,35,1900,0,1.951,86.247,6.062,-4.244,0,7.4,1,0.11,0.892,0,0,0,89.981,1.95,7.4,3.355
2.642,normal,0,0,90.117,30.885,20,35,1900,0,1.946,86.151,6.062,-4.244,0,7.4,1,0.106,0.899,0,0,0,90.117,1.95,7.4,3.338
2.65,normal,0,0,90.246,30.88,20,35,1900,0,1.951,86.154,6.062,-4.244,0,7.4,1,0.113,0.887,0,0,0,90.246,1.95,7.4,3.321
2.658,normal,0,0,90.369,30.875,20,35,1900,0,1.954,86.263,6.062,-4.244,0,7.4,1,0.116,0.889,0,0,0,90.369,1.95,7.4,3.306
2.667,normal,0,0,90.485,30.87,20,35,1900,0,1.952,86.29,6.062,-4.244,0,7.4,1,0.098,0.892,0,0,0,90.485,1.95,7.4,3.291
2.675,normal,0,0,90.596,30.864,20,35,1900,0,1.947,86.32,6.062,-4.244,0,7.4,1,0.089,0.876,0,0,0,90.596,1.95,7.4,3.276
2.683,normal,0,0,90.7,30.859,20,35,1900,0,1.945,86.146,6.062,-4.244,0,7.4,1,0.109,0.886,0,0,0,90.7,1.95,7.4,3.263
2.692,normal,0,0,90.798,30.854,20,35,1900,0,1.951,86.272,6.062,-4.244,0,7.4,1,0.093,0.884,0,0,0,90.798,1.95,7.4,3.251
2.7,normal,0,0,90.89,30.848,20,35,1900,0,1.951,86.306,6.062,-4.244,0,7.4,1,0.108,0.878,0,0,0,90.89,1.95,7.4,3.239
2.708,normal,0,0,90.975,30.843,20,35,1900,0,1.949,86.117,6.062,-4.244,0,7.4,1,0.099,0.874,0,0,0,90.975,1.95,7.4,3.228
2.717,normal,0,0,91.054,30.837,20,35,1900,0,1.948,86.089,6.062,-4.244,0,7.4,1,0.083,0.897,0,0,0,91.054,1.95,7.4,3.218
2.725,normal,0,0,91.127,30.832,20,35,1900,0,1.95,86.34,6.062,-4.244,0,7.4,1,0.108,0.881,0,0,0,91.127,1.95,7.4,3.208
2.733,normal,0,0,91.194,30.826,20,35,1900,0,1.949,86.338,6.062,-4.244,0,7.4,1,0.081,0.875,0,0,0,91.194,1.95,7.4,3.2
2.742,normal,0,0,91.254,30.82,20,35,1900,0,1.946,86.351,6.062,-4.244,0,7.4,1,0.107,0.891,0,0,0,91.254,1.95,7.4,3.192
2.75,normal,0,0,91.308,30.814,20,35,1900,0,1.953,86.185,6.062,-4.244,0,7.4,1,0.095,0.88,0,0,0,91.308,1.95,7.4,3.185
2.758,normal,0,0,91.356,30.808,20,35,1900,0,1.946,86.271,6.062,-4.244,0,7.4,1,0.082,0.89,0,0,0,91.356,1.95,7.4,3.179
2.767,normal,0,0,91.398,30.801,20,35,1900,0,1.951,86.191,6.062,-4.244,0,7.4,1,0.082,0.886,0,0,0,91.398,1.95,7.4,3.174
2.775,normal,0,0,91.433,30.795,20,35,1900,0,1.948,86.356,6.062,-4.244,0,7.4,1,0.108,0.887,0,0,0,91.433,1.95,7.4,3.169
2.783,normal,0,0,91.463,30.789,20,35,1900,0,1.954,86.112,6.062,-4.244,0,7.4,1,0.091,0.886,0,0,0,91.463,1.95,7.4,3.165
2.792,normal,0,0,91.485,30.782,20,35,1900,0,1.954,86.308,6.062,-4.244,0,7.4,1,0.108,0.899,0,0,0,91.485,1.95,7.4,3.163
2.8,normal,0,0,91.502,30.776,20,35,1900,0,1.951,86.364,6.062,-4.244,0,7.4,1,0.111,0.881,0,0,0,91.502,1.95,7.4,3.16
2.808,normal,0,0,91.513,30.769,20,35,1900,0,1.952,86.367,6.062,-4.244,0,7.4,1,0.085,0.894,0,0,0,91.513,1.95,7.4,3.159
2.817,normal,0,0,91.517,30.762,20,35,1900,0,1.952,86.257,6.062,-4.244,0,7.4,1,0.093,0.894,0,0,0,91.517,1.95,7.4,3.159
2.825,normal,0,0,91.517,30.755,20,35,1900,0,1.947,86.14,6.062,-4.244,0,7.4,1,0.087,0.876,0,0,0,91.517,1.95,7.4,3.159
2.833,normal,0,0,91.517,30.748,20,35,1900,0,1.952,86.221,6.062,-4.244,0,7.4,1,0.118,0.891,0,0,0,91.517,1.95,7.4,3.159
2.842,normal,0,0,91.517,30.741,20,35,1900,0,1.945,86.132,6.062,-4.244,0,7.4,1,0.105,0.896,0,0,0,91.517,1.95,7.4,3.159
2.85,normal,0,0,91.517,30.734,20,35,1900,0,1.954,86.344,6.062,-4.244,0,7.4,1,0.091,0.875,0,0,0,91.517,1.95,7.4,3.159
2.858,normal,0,0,91.517,30.727,20,35,1900,0,1.946,86.103,6.062,-4.244,0,7.4,1,0.111,0.893,0,0,0,91.517,1.95,7.4,3.159
2.867,normal,0,0,91.517,30.72,20,35,1900,0,1.954,86.094,6.062,-4.244,0,7.4,1,0.096,0.884,0,0,0,91.517,1.95,7.4,3.159
2.875,normal,0,0,91.517,30.712,20,35,1900,0,1.952,86.16,6.062,-4.244,0,7.4,1,0.093,0.897,0,0,0,91.517,1.95,7.4,3.159
2.883,normal,0,0,91.517,30.705,20,35,1900,0,1.95,86.355,6.062,-4.244,0,7.4,1,0.08,0.883,0,0,0,91.517,1.95,7.4,3.159
2.892,normal,0,0,91.517,30.697,20,35,1900,0,1.952,86.245,6.062,-4.244,0,7.4,1,0.107,0.888,0,0,0,91.517,1.95,7.4,3.159
2.9,normal,0,0,91.517,30.689,20,35,1900,0,1.947,86.192,6.062,-4.244,0,7.4,1,0.097,0.871,0,0,0,91.517,1.95,7.4,3.159
2.908,normal,0,0,91.517,30.681,20,35,1900,0,1.953,86.224,6.062,-4.244,0,7.4,1,0.099,0.874,0,0,0,91.517,1.95,7.4,3.159
2.917,normal,0,0,91.517,30.674,20,35,1900,0,1.946,86.146,6.062,-4.244,0,7.4,1,0.108,0.896,0,0,0,91.517,1.95,7.4,3.159
2.925,normal,0,0,91.517,30.666,20,35,1900,0,1.95,86.136,6.062,-4.244,0,7.4,1,0.111,0.878,0,0,0,91.517,1.95,7.4,3.159
2.933,normal,0,0,91.517,30.657,20,35,1900,0,1.951,86.105,6.062,-4.244,0,7.4,1,0.094,0.889,0,0,0,91.517,1.95,7.4,3.159
2.942,normal,0,0,91.517,30.649,20,35,1900,0,1.948,86.288,6.062,-4.244,0,7.4,1,0.104,0.886,0,0,0,91.517,1.95,7.4,3.159
2.95,normal,0,0,91.517,30.641,20,35,1900,0,1.954,86.283,6.062,-4.244,0,7.4,1,0.086,0.884,0,0,0,91.517,1.95,7.4,3.159
2.958,normal,0,0,91.517,30.633,20,35,1900,0,1.948,86.131,6.062,-4.244,0,7.4,1,0.1,0.879,0,0,0,91.517,1.95,7.4,3.159
2.967,normal,0,0,91.517,30.624,20,35,1900,0,1.95,86.305,6.062,-4.244,0,7.4,1,0.087,0.878,0,0,0,91.517,1.95,7.4,3.159
2.975,normal,0,0,91.517,30.616,20,35,1900,0,1.951,86.132,6.062,-4.244,0,7.4,1,0.115,0.881,0,0,0,91.517,1.95,7.4,3.159
2.983,normal,0,0,91.517,30.607,20,35,1900,0,1.946,86.257,6.062,-4.244,0,7.4,1,0.101,0.875,0,0,0,91.517,1.95,7.4,3.159
2.992,normal,0,0,91.517,30.598,20,35,1900,0,1.95,86.374,6.062,-4.244,0,7.4,1,0.11,0.872,0,0,0,91.517,1.95,7.4,3.159
3,normal,0,0,91.517,30.59,20,35,1900,0,1.945,86.209,6.062,-4.244,0,7.4,1,0.112,0.874,0,0,0,91.517,1.95,7.4,3.159
3.008,normal,0,0,91.517,30.581,20,35,1900,0,1.953,86.389,6.062,-4.244,0,7.4,1,0.108,0.879,0,0,0,91.517,1.95,7.4,3.159
3.017,normal,0,0,91.517,30.572,20,35,1900,0,1.949,86.218,6.062,-4.244,0,7.4,1,0.1,0.895,0,0,0,91.517,1.95,7.4,3.159
3.025,normal,0,0,91.517,30.563,20,35,1900,0,1.954,86.275,6.062,-4.244,0,7.4,1,0.083,0.881,0,0,0,91.517,1.95,7.4,3.159
3.033,normal,0,0,91.517,30.554,20,35,1900,0,1.949,86.198,6.062,-4.244,0,7.4,1,0.099,0.889,0,0,0,91.517,1.95,7.4,3.159
3.042,normal,0,0,91.517,30.544,20,35,1900,0,1.951,86.356,6.062,-4.244,0,7.4,1,0.108,0.895,0,0,0,91.517,1.95,7.4,3.159
3.05,normal,0,0,91.517,30.535,20,35,1900,0,1.954,86.25,6.062,-4.244,0,7.4,1,0.097,0.888,0,0,0,91.517,1.95,7.4,3.159
3.058,normal,0,0,91.517,30.526,20,35,1900,0,1.946,86.177,6.062,-4.244,0,7.4,1,0.117,0.895,0,0,0,91.517,1.95,7.4,3.159
3.067,normal,0,0,91.517,30.516,20,35,1900,0,1.953,86.143,6.062,-4.244,0,7.4,1,0.092,0.897,0,0,0,91.517,1.95,7.4,3.159
3.075,normal,0,0,91.517,30.507,20,35,1900,0,1.949,86.13,6.062,-4.244,0,7.4,1,0.11,0.872,0,0,0,91.517,1.95,7.4,3.159
3.083,normal,0,0,91.517,30.497,20,35,1900,0,1.948,86.158,6.062,-4.244,0,7.4,1,0.12,0.875,0,0,0,91.517,1.95,7.4,3.159
3.092,normal,0,0,91.517,30.487,20,35,1900,0,1.955,86.329,6.062,-4.244,0,7.4,1,0.1,0.892,0,0,0,91.517,1.95,7.4,3.159
3.1,normal,0,0,91.517,30.477,20,35,1900,0,1.949,86.364,6.062,-4.244,0,7.4,1,0.096,0.898,0,0,0,91.517,1.95,7.4,3.159
3.108,normal,0,0,91.517,30.467,20,35,1900,0,1.952,86.236,6.062,-4.244,0,7.4,1,0.097,0.895,0,0,0,91.517,1.95,7.4,3.159
3.117,normal,0,0,91.517,30.457,20,35,1900,0,1.947,86.318,6.062,-4.244,0,7.4,1,0.111,0.877,0,0,0,91.517,1.95,7.4,3.159
3.125,normal,0,0,91.517,30.447,20,35,1900,0,1.95,86.221,6.062,-4.244,0,7.4,1,0.109,0.882,0,0,0,91.517,1.95,7.4,3.159
3.133,normal,0,0,91.517,30.437,20,35,1900,0,1.955,86.291,6.062,-4.244,0,7.4,1,0.095,0.877,0,0,0,91.517,1.95,7.4,3.159
3.142,normal,0,0,91.517,30.427,20,35,1900,0,1.955,86.288,6.062,-4.244,0,7.4,1,0.092,0.871,0,0,0,91.517,1.95,7.4,3.159
3.15,hazard,0,0,91.517,30.417,20,35,1900,0,1.945,86.226,6.062,-4.244,0,7.4,1,0.094,0.884,1,0,0,91.517,1.95,7.4,3.159
3.158,hazard,0,0,91.517,30.406,20,35,1900,0,1.949,86.188,6.062,-4.244,0,7.4,1,0.116,0.874,1,0,0,91.517,1.95,7.4,3.159
3.167,hazard,0,0,91.517,30.396,20,35,1900,0,1.946,86.183,6.062,-4.244,0,7.4,1,0.118,0.873,1,0,0,91.517,1.95,7.4,3.159
3.175,hazard,0,0,91.517,30.385,20,35,1900,0,1.946,86.131,6.062,-4.244,0,7.4,1,0.09,0.885,1,0,0,91.517,1.95,7.4,3.159
3.183,hazard,0,0,91.517,30.374,20,35,1900,0,1.955,86.33,6.062,-4.244,0,7.4,1,0.093,0.898,1,0,0,91.517,1.95,7.4,3.159
3.192,hazard,0,0,91.517,30.364,20,35,1900,0,1.948,86.328,6.062,-4.244,0,7.4,1,0.112,0.899,1,0,0,91.517,1.95,7.4,3.159
3.2,hazard,0,0,91.517,30.353,20,35,1900,0,1.951,86.205,6.062,-4.244,0,7.4,1,0.086,0.898,1,0,0,91.517,1.95,7.4,3.159
3.208,hazard,0,0,91.517,30.342,20,35,1900,0,1.952,86.221,6.062,-4.244,0,7.4,1,0.113,0.884,1,0,0,91.517,1.95,7.4,3.159
3.217,hazard,0,0,91.517,30.331,20,35,1900,0,1.945,86.288,6.062,-4.244,0,7.4,1,0.119,0.879,1,0,0,91.517,1.95,7.4,3.159
3.225,hazard,0,0,91.517,30.32,20,35,1900,0,1.951,86.404,6.062,-4.244,0,7.4,1,0.102,0.898,1,0,0,91.517,1.95,7.4,3.159
3.233,hazard,0,0,91.517,30.309,20,35,1900,0,1.945,86.273,6.062,-4.244,0,7.4,1,0.09,0.895,1,0,0,91.517,1.95,7.4,3.159
3.242,hazard,0,0,91.517,30.298,20,35,1900,0,1.952,86.347,6.062,-4.244,0,7.4,1,0.094,0.87,1,0,0,91.517,1.95,7.4,3.159
3.25,hazard,0,0,91.517,30.286,20,35,1900,0,1.947,86.196,6.062,-4.244,0,7.4,1,0.101,0.872,1,0,0,91.517,1.95,7.4,3.159
3.258,hazard,0,0,91.517,30.275,20,35,1900,0,1.948,86.225,6.062,-4.244,0,7.4,1,0.09,0.9,1,0,0,91.517,1.95,7.4,3.159
3.267,hazard,0,0,91.517,30.264,20,35,1900,0,1.946,86.343,6.062,-4.244,0,7.4,1,0.088,0.882,1,0,0,91.517,1.95,7.4,3.159
3.275,hazard,0,0,91.517,30.252,20,35,1900,0,1.946,86.312,6.062,-4.244,0,7.4,1,0.092,0.871,1,0,0,91.517,1.95,7.4,3.159
3.283,hazard,0,0,91.517,30.24,20,35,1900,0,1.953,86.293,6.062,-4.244,0,7.4,1,0.085,0.896,1,0,0,91.517,1.95,7.4,3.159
3.292,hazard,0,0,91.517,30.229,20,35,1900,0,1.952,86.331,6.062,-4.244,0,7.4,1,0.08,0.879,1,0,0,91.517,1.95,7.4,3.159
3.3,hazard,0,0,91.517,30.217,20,35,1900,0,1.946,86.283,6.062,-4.244,0,7.4,1,0.103,0.879,1,0,0,91.517,1.95,7.4,3.159
3.308,hazard,0,0,91.517,30.205,20,35,1900,0,1.947,86.23,6.062,-4.244,0,7.4,1,0.104,0.891,1,0,0,91.517,1.95,7.4,3.159
3.317,hazard,0,0,91.517,30.193,20,35,1900,0,1.951,86.125,6.062,-4.244,0,7.4,1,0.08,0.889,1,0,0,91.517,1.95,7.4,3.159
3.325,hazard,0,0,91.517,30.181,20,35,1900,0,1.946,86.415,6.062,-4.244,0,7.4,1,0.091,0.876,1,0,0,91.517,1.95,7.4,3.159
3.333,hazard,0,0,91.517,30.169,20,35,1900,0,1.949,86.315,6.062,-4.244,0,7.4,1,0.091,0.88,1,0,0,91.517,1.95,7.4,3.159
3.342,hazard,0,0,91.517,30.157,20,35,1900,0,1.947,86.312,6.062,-4.244,0,7.4,1,0.098,0.879,1,0,0,91.517,1.95,7.4,3.159
3.35,hazard,0,0,91.517,30.145,20,35,1900,0,1.948,86.273,6.062,-4.244,0,7.4,1,0.108,0.885,1,0,0,91.517,1.95,7.4,3.159
3.358,hazard,0,0,91.517,30.133,20,35,1900,0,1.949,86.395,6.062,-4.244,0,7.4,1,0.106,0.874,1,0,0,91.517,1.95,7.4,3.159
3.367,hazard,0,0,91.517,30.12,20,35,1900,0,1.947,86.28,6.062,-4.244,0,7.4,1,0.083,0.899,1,0,0,91.517,1.95,7.4,3.159
3.375,hazard,0,0,91.517,30.108,20,35,1900,0,1.948,86.381,6.062,-4.244,0,7.4,1,0.088,0.882,1,0,0,91.517,1.95,7.4,3.159
3.383,hazard,0,0,91.517,30.095,20,35,1900,0,1.947,86.348,6.062,-4.244,0,7.4,1,0.086,0.88,1,0,0,91.517,1.95,7.4,3.159
3.392,hazard,0,0,91.517,30.083,20,35,1900,0,1.952,86.204,6.062,-4.244,0,7.4,1,0.095,0.9,1,0,0,91.517,1.95,7.4,3.159
3.4,hazard,0,0,91.517,30.07,20,35,1900,0,1.95,86.259,6.062,-4.244,0,7.4,1,0.117,0.9,1,0,0,91.517,1.95,7.4,3.159
3.408,hazard,0,0,91.517,30.058,20,35,1900,0,1.948,86.358,6.062,-4.244,0,7.4,1,0.105,0.889,1,0,0,91.517,1.95,7.4,3.159
3.417,hazard,0,0,91.517,30.045,20,35,1900,0,1.948,86.193,6.062,-4.244,0,7.4,1,0.115,0.886,1,0,0,91.517,1.95,7.4,3.159
3.425,hazard,0,0,91.517,30.032,20,35,1900,0,1.947,86.386,6.062,-4.244,0,7.4,1,0.105,0.874,1,0,0,91.517,1.95,7.4,3.159
3.433,hazard,0,0,91.517,30.019,20,35,1900,0,1.951,86.229,6.062,-4.244,0,7.4,1,0.09,0.893,1,0,0,91.517,1.95,7.4,3.159
3.442,hazard,0,0,91.517,30.006,20,35,1900,0,1.955,86.322,6.062,-4.244,0,7.4,1,0.104,0.875,1,0,0,91.517,1.95,7.4,3.159
3.45,hazard,0,0,91.517,29.993,20,35,1900,0,1.949,86.375,6.062,-4.244,0,7.4,1,0.091,0.882,1,0,0,91.517,1.95,7.4,3.159
3.458,hazard,0,0,91.517,29.98,20,35,1900,0,1.945,86.171,6.062,-4.244,0,7.4,1,0.113,0.889,1,0,0,91.517,1.95,7.4,3.159
3.467,hazard,0,0,91.517,29.967,20,35,1900,0,1.946,86.379,6.062,-4.244,0,7.4,1,0.105,0.894,1,0,0,91.517,1.95,7.4,3.159
3.475,hazard,0,0,91.517,29.953,20,35,1900,0,1.953,86.316,6.062,-4.244,0,7.4,1,0.112,0.894,1,0,0,91.517,1.95,7.4,3.159
3.483,hazard,0,0,91.517,29.94,20,35,1900,0,1.946,86.181,6.062,-4.244,0,7.4,1,0.114,0.872,1,0,0,91.517,1.95,7.4,3.159
3.492,hazard,0,0,91.517,29.927,20,35,1900,0,1.951,86.409,6.062,-4.244,0,7.4,1,0.101,0.881,1,0,0,91.517,1.95,7.4,3.159
3.5,hazard,0,0,91.517,29.913,20,35,1900,0,1.947,86.363,6.062,-4.244,0,7.4,1,0.12,0.89,1,0,0,91.517,1.95,7.4,3.159
3.508,hazard,0,0,91.517,29.9,20,35,1900,0,1.954,86.342,6.062,-4.244,0,7.4,1,0.08,0.882,1,0,0,91.517,1.95,7.4,3.159
3.517,hazard,0,0,91.517,29.886,20,35,1900,0,1.946,86.171,6.062,-4.244,0,7.4,1,0.109,0.881,1,0,0,91.517,1.95,7.4,3.159
3.525,hazard,0,0,91.517,29.873,20,35,1900,0,1.951,86.264,6.062,-4.244,0,7.4,1,0.096,0.879,1,0,0,91.517,1.95,7.4,3.159
3.533,hazard,0,0,91.517,29.859,20,35,1900,0,1.953,86.353,6.062,-4.244,0,7.4,1,0.099,0.873,1,0,0,91.517,1.95,7.4,3.159
3.542,hazard,0,0,91.517,29.845,20,35,1900,0,1.954,86.296,6.062,-4.244,0,7.4,1,0.096,0.885,1,0,0,91.517,1.95,7.4,3.159
3.55,hazard,0,0,91.517,29.831,20,35,1900,0,1.949,86.247,6.062,-4.244,0,7.4,1,0.105,0.888,1,0,0,91.517,1.95,7.4,3.159
3.558,hazard,0,0,91.517,29.817,20,35,1900,0,1.946,86.146,6.062,-4.244,0,7.4,1,0.088,0.876,1,0,0,91.517,1.95,7.4,3.159
3.567,hazard,0,0,91.517,29.803,20,35,1900,0,1.946,86.33,6.062,-4.244,0,7.4,1,0.107,0.879,1,0,0,91.517,1.95,7.4,3.159
3.575,hazard,0,0,91.517,29.789,20,35,1900,0,1.946,86.318,6.062,-4.244,0,7.4,1,0.103,0.873,1,0,0,91.517,1.95,7.4,3.159
3.583,hazard,0,0,91.517,29.775,20,35,1900,0,1.949,86.358,6.062,-4.244,0,7.4,1,0.115,0.894,1,0,0,91.517,1.95,7.4,3.159
3.592,hazard,0,0,91.517,29.761,20,35,1900,0,1.951,86.193,6.062,-4.244,0,7.4,1,0.105,0.884,1,0,0,91.517,1.95,7.4,3.159
3.6,hazard,0,0,91.51,29.747,20,35,1900,0,1.947,86.427,6.062,-4.244,0,7.4,1,0.097,0.87,1,0,0,91.51,1.95,7.4,3.159
3.608,hazard,0,0,91.498,29.733,20,35,1900,0,1.95,86.201,6.062,-4.244,0,7.4,1,0.105,0.871,1,0,0,91.498,1.95,7.4,3.161
3.617,hazard,0,0,91.479,29.718,20,35,1900,0,1.948,86.184,6.062,-4.244,0,7.4,1,0.094,0.889,1,0,0,91.479,1.95,7.4,3.163
3.625,hazard,0,0,91.454,29.704,20,35,1900,0,1.946,86.226,6.062,-4.244,0,7.4,1,0.09,0.888,1,0,0,91.454,1.95,7.4,3.167
3.633,hazard,0,0,91.423,29.69,20,35,1900,0,1.952,86.167,6.062,-4.244,0,7.4,1,0.086,0.868,1,0,0,91.423,1.95,7.4,3.171
3.642,hazard,0,0,91.385,29.675,20,35,1900,0,1.952,86.397,6.062,-4.244,0,7.4,1,0.082,0.856,1,0,0,91.385,1.95,7.4,3.175
3.65,hazard,0,0,91.342,29.661,20,35,1900,0,1.955,86.389,6.062,-4.244,0,7.4,1,0.082,0.87,1,0,0,91.342,1.95,7.4,3.181
3.658,hazard,0,0,91.292,29.646,20,35,1900,0,1.948,86.205,6.062,-4.244,0,7.4,1,0.908,0.84,1,0,0,91.292,1.95,7.4,3.187
3.667,hazard,0,0,91.235,29.631,20,35,1900,0,1.954,86.386,6.062,-4.244,0,7.4,1,0.938,0.853,1,0,0,91.235,1.95,7.4,3.195
3.675,hazard,0,0,91.173,29.617,20,35,1900,0,1.953,86.249,6.062,-4.244,0,7.4,1,0.902,0.825,1,0,0,91.173,1.95,7.4,3.203
3.683,hazard,0,0,91.104,29.602,20,35,1900,0,1.952,86.252,6.062,-4.244,0,7.4,1,0.938,0.839,1,0,0,91.104,1.95,7.4,3.211
3.692,hazard,0,0,91.029,29.587,20,35,1900,0,1.945,86.302,6.062,-4.244,0,7.4,1,0.939,0.826,1,0,0,91.029,1.95,7.4,3.221
3.7,hazard,0,0,90.948,29.572,20,35,1900,0,1.951,86.372,6.062,-4.244,0,7.4,1,0.917,0.79,1,0,0,90.948,1.95,7.4,3.231
3.708,hazard,0,0,90.86,29.557,20,35,1900,0,1.949,86.204,6.062,-4.244,0,7.4,1,0.907,0.789,1,0,0,90.86,1.95,7.4,3.243
3.717,hazard,0,0,90.767,29.542,20,35,1900,0,1.953,86.357,6.062,-4.244,0,7.4,1,0.902,0.759,1,0,0,90.767,1.95,7.4,3.255
3.725,hazard,0,0,90.667,29.527,20,35,1900,0,1.948,86.233,6.062,-4.244,0,7.4,1,0.901,0.746,1,0,0,90.667,1.95,7.4,3.267
3.733,hazard,0,0,90.56,29.512,20,35,1900,0,1.949,86.169,6.062,-4.244,0,7.4,1,0.905,0.731,1,0,0,90.56,1.95,7.4,3.281
3.742,hazard,0,0,90.448,29.497,20,35,1900,0,1.949,86.333,6.062,-4.244,0,7.4,1,0.909,0.725,1,0,0,90.448,1.95,7.4,3.295
3.75,hazard,0,0,90.329,29.482,20,35,1900,0,1.953,86.345,6.062,-4.244,0,7.4,1,0.91,0.702,1,0,0,90.329,1.95,7.4,3.311
3.758,hazard,0,0,90.204,29.467,20,35,1900,0,1.947,86.214,6.062,-4.244,0,7.4,1,0.927,0.678,1,0,0,90.204,1.95,7.4,3.327
3.767,hazard,0,0,90.073,29.451,20,35,1900,0,1.948,86.186,6.062,-4.244,0,7.4,1,0.901,0.683,1,0,0,90.073,1.95,7.4,3.343
3.775,hazard,0,0,89.935,29.436,20,35,1900,0,1.948,86.337,6.062,-4.244,0,7.4,1,0.937,0.661,1,0,0,89.935,1.95,7.4,3.361
3.783,hazard,0,0,89.792,29.42,20,35,1900,0,1.949,86.439,6.062,-4.244,0,7.4,1,0.938,0.637,1,0,0,89.792,1.95,7.4,3.379
3.792,hazard,0,0,89.642,29.405,20,35,1900,0,1.949,86.187,6.062,-4.244,0,7.4,1,0.901,0.606,1,0,0,89.642,1.95,7.4,3.398
3.8,hazard,0,0,89.485,29.39,20,35,1900,0,1.948,86.396,6.062,-4.244,0,7.4,1,0.907,0.607,1,0,0,89.485,1.95,7.4,3.418
3.808,hazard,0,0,89.323,29.374,20,35,1900,0,1.946,86.438,6.062,-4.244,0,7.4,1,0.903,0.581,1,0,0,89.323,1.95,7.4,3.439
3.817,hazard,0,0,89.154,29.358,20,35,1900,0,1.945,86.277,6.062,-4.244,0,7.4,1,0.9,0.55,0,0,0,89.154,1.95,7.4,3.461
3.825,hazard,0,0,88.979,29.343,20,35,1900,0,1.953,86.453,6.062,-4.244,0,7.4,1,0.081,0.533,0,0,0,88.979,1.95,7.4,3.483
3.833,hazard,0,0,88.798,29.327,20,35,1900,0,1.952,86.249,6.062,-4.244,0,7.4,1,0.111,0.508,0,0,0,88.798,1.95,7.4,3.506
3.842,hazard,0,0,88.61,29.311,20,35,1900,0,1.955,86.423,6.062,-4.244,0,7.4,1,0.099,0.483,0,0,0,88.61,1.95,7.4,3.53
3.85,hazard,0,0,88.417,29.296,20,35,1900,0,1.953,86.256,6.062,-4.244,0,7.4,1,0.084,0.46,0,0,0,88.417,1.95,7.4,3.555
3.858,hazard,0,0,88.217,29.28,20,35,1900,0,1.948,86.191,6.062,-4.244,0,7.4,1,0.083,0.445,0,0,0,88.217,1.95,7.4,3.58
3.867,hazard,0,0,88.01,29.264,20,35,1900,0,1.948,86.384,6.062,-4.244,0,7.4,1,0.094,0.433,0,0,0,88.01,1.95,7.4,3.606
3.875,hazard,0,0,87.798,29.248,20,35,1900,0,1.95,86.17,6.062,-4.244,0,7.4,1,0.116,0.407,0,0,0,87.798,1.95,7.4,3.633
3.883,hazard,0,0,87.579,29.232,20,35,1900,0,1.949,86.283,6.062,-4.244,0,7.4,1,0.086,0.391,0,0,0,87.579,1.95,7.4,3.661
3.892,hazard,0,0,87.354,29.216,20,35,1900,0,1.951,86.426,6.062,-4.244,0,7.4,1,0.094,0.364,0,0,0,87.354,1.95,7.4,3.69
3.9,hazard,0,0,87.123,29.2,20,35,1900,0,1.954,86.183,6.062,-4.244,0,7.4,1,0.08,0.362,0,0,0,87.123,1.95,7.4,3.719
3.908,hazard,0,0,86.885,29.184,20,35,1900,0,1.954,86.456,6.062,-4.244,0,7.4,1,0.098,0.333,0,0,0,86.885,1.95,7.4,3.749
3.917,hazard,0,0,86.642,29.168,20,35,1900,0,1.953,86.274,6.062,-4.244,0,7.4,1,0.092,0.306,0,0,0,86.642,1.95,7.4,3.78
3.925,hazard,0,0,86.392,29.152,20,35,1900,0,1.946,86.444,6.062,-4.244,0,7.4,1,0.1,0.295,0,0,0,86.392,1.95,7.4,3.812
3.933,hazard,0,0,86.135,29.136,20,35,1900,0,1.951,86.406,6.062,-4.244,0,7.4,1,0.084,0.284,0,0,0,86.135,1.95,7.4,3.845
3.942,hazard,0,0,85.873,29.12,20,35,1900,0,1.945,86.296,6.062,-4.244,0,7.4,1,0.113,0.259,0,0,0,85.873,1.95,7.4,3.878
3.95,hazard,0,0,85.604,29.103,20,35,1900,0,1.947,86.346,6.062,-4.244,0,7.4,1,0.091,0.257,0,0,0,85.604,1.95,7.4,3.912
3.958,hazard,0,0,85.329,29.087,20,35,1900,0,1.949,86.238,6.062,-4.244,0,7.4,1,0.118,0.227,0,0,0,85.329,1.95,7.4,3.947
3.967,hazard,0,0,85.048,29.071,20,35,1900,0,1.95,86.254,6.062,-4.244,0,7.4,1,0.118,0.209,0,0,0,85.048,1.95,7.4,3.982
3.975,hazard,0,0,84.76,29.054,20,35,1900,0,1.951,86.466,6.062,-4.244,0,7.4,1,0.118,0.184,0,0,0,84.76,1.95,7.4,4.018
3.983,hazard,0,0,84.467,29.038,20,35,1900,0,1.955,86.17,6.062,-4.244,0,7.4,1,0.106,0.164,0,0,0,84.467,1.95,7.4,4.056
3.992,hazard,0,0,84.167,29.021,20,35,1900,0,1.954,86.185,6.062,-4.244,0,7.4,1,0.087,0.163,0,0,0,84.167,1.95,7.4,4.093
4,hazard,0,0,83.86,29.005,20,35,1900,0,1.945,86.458,6.062,-4.244,0,7.4,1,0.09,0.156,0,0,0,83.86,1.95,7.4,4.132
4.008,hazard,0,0,83.548,28.988,20,35,1900,0,1.946,86.389,6.062,-4.244,0,7.4,1,0.092,0.125,0,0,0,83.548,1.95,7.4,4.171
4.017,hazard,0,0,83.231,28.972,20,35,1900,0,1.952,86.421,6.062,-4.244,0,7.4,1,0.119,0.111,0,0,0,83.231,1.95,7.4,4.211
4.025,hazard,0,0,82.915,28.955,20,35,1900,0,1.949,86.416,6.062,-4.244,0,7.4,1,0.106,0.123,0,0,0,82.915,1.95,7.4,4.251
4.033,hazard,0,0,82.598,28.939,20,35,1900,0,1.951,86.31,6.062,-4.244,0,7.4,1,0.095,0.092,0,0,0,82.598,1.95,7.4,4.291
4.042,hazard,0,0,82.281,28.922,20,35,1900,0,1.954,86.181,6.062,-4.244,0,7.4,1,0.104,0.1,0,0,0,82.281,1.95,7.4,4.33
4.05,hazard,0,0,81.965,28.905,20,35,1900,0,1.949,86.436,6.062,-4.244,0,7.4,1,0.113,0.082,0,0,0,81.965,1.95,7.4,4.37
4.058,hazard,0,0,81.648,28.889,20,35,1900,0,1.953,86.246,6.062,-4.244,0,7.4,1,0.095,0.08,0,0,0,81.648,1.95,7.4,4.41
4.067,hazard,0,0,81.331,28.872,20,35,1900,0,1.947,86.275,6.062,-4.244,0,7.4,1,0.084,0.08,0,0,0,81.331,1.95,7.4,4.449
4.075,hazard,0,0,81.015,28.855,20,35,1900,0,1.951,86.381,6.062,-4.244,0,7.4,1,0.112,0.074,0,0,0,81.015,1.95,7.4,4.489
4.083,hazard,0,0,80.698,28.838,20,35,1900,0,1.952,86.21,6.062,-4.244,0,7.4,1,0.092,0.06,0,0,0,80.698,1.95,7.4,4.528
4.092,hazard,0,0,80.381,28.822,20,35,1900,0,1.955,86.308,6.062,-4.244,0,7.4,1,0.118,0.075,0,0,0,80.381,1.95,7.4,4.568
4.1,hazard,0,0,80.065,28.805,20,35,1900,0,1.948,86.451,6.062,-4.244,0,7.4,1,0.103,0.061,0,0,0,80.065,1.95,7.4,4.607
4.108,hazard,0,0,79.748,28.788,20,35,1900,0,1.953,86.295,6.062,-4.244,0,7.4,1,0.083,0.069,0,0,0,79.748,1.95,7.4,4.647
4.117,hazard,0,0,79.431,28.771,20,35,1900,0,1.946,86.374,6.062,-4.244,0,7.4,1,0.108,0.053,0,0,0,79.431,1.95,7.4,4.686
4.125,hazard,0,0,79.115,28.754,20,35,1900,0,1.954,86.398,6.062,-4.244,0,7.4,1,0.096,0.075,0,0,0,79.115,1.95,7.4,4.726
4.133,hazard,0,0,78.798,28.737,20,35,1900,0,1.95,86.307,6.062,-4.244,0,7.4,1,0.102,0.061,0,0,0,78.798,1.95,7.4,4.765
4.142,hazard,0,0,78.481,28.72,20,35,1900,0,1.945,86.255,6.062,-4.244,0,7.4,1,0.109,0.067,0,0,0,78.481,1.95,7.4,4.804
4.15,hazard,0,0,78.165,28.703,20,35,1900,0,1.95,86.244,6.062,-4.244,0,7.4,1,0.081,0.059,0,0,0,78.165,1.95,7.4,4.843
4.158,hazard,0,0,77.848,28.686,20,35,1900,0,1.953,86.258,6.062,-4.244,0,7.4,1,0.091,0.055,0,0,0,77.848,1.95,7.4,4.882
4.167,hazard,0,0,77.531,28.669,20,35,1900,0,1.947,86.31,6.062,-4.244,0,7.4,1,0.094,0.053,0,0,0,77.531,1.95,7.4,4.922
4.175,hazard,0,0,77.215,28.652,20,35,1900,0,1.949,86.258,6.062,-4.244,0,7.4,1,0.103,0.062,0,0,0,77.215,1.95,7.4,4.961
4.183,hazard,0,0,76.898,28.635,20,35,1900,0,1.95,86.456,6.062,-4.244,0,7.4,1,0.084,0.077,0,0,0,76.898,1.95,7.4,5
4.192,hazard,0,0,76.581,28.618,20,35,1900,0,1.946,86.428,6.062,-4.244,0,7.4,1,0.109,0.079,0,0,0,76.581,1.95,7.4,5.039
4.2,hazard,0,0,76.265,28.601,20,35,1900,0,1.953,86.384,6.062,-4.244,0,7.4,1,0.083,0.067,0,0,0,76.265,1.95,7.4,5.078
4.208,hazard,0,0,75.948,28.584,20,35,1900,0,1.955,86.315,6.062,-4.244,0,7.4,1,0.107,0.066,0,0,0,75.948,1.95,7.4,5.116
4.217,hazard,0,0,75.631,28.566,20,35,1900,0,1.952,86.23,6.062,-4.244,0,7.4,1,0.114,0.058,0,0,0,75.631,1.95,7.4,5.155
4.225,hazard,0,0,75.315,28.549,20,35,1900,0,1.948,86.298,6.062,-4.244,0,7.4,1,0.086,0.06,0,0,0,75.315,1.95,7.4,5.194
4.233,hazard,0,0,74.998,28.532,20,35,1900,0,1.949,86.356,6.062,-4.244,0,7.4,1,0.104,0.053,0,0,0,74.998,1.95,7.4,5.233
4.242,hazard,0,0,74.681,28.515,20,35,1900,0,1.955,86.43,6.062,-4.244,0,7.4,1,0.096,0.067,0,0,0,74.681,1.95,7.4,5.272
4.25,hazard,0,0,74.365,28.497,20,35,1900,0,1.951,86.485,6.062,-4.244,0,7.4,1,0.083,0.072,0,0,0,74.365,1.95,7.4,5.31
4.258,hazard,0,0,74.048,28.48,20,35,1900,0,1.954,86.278,6.062,-4.244,0,7.4,1,0.113,0.072,0,0,0,74.048,1.95,7.4,5.349
4.267,hazard,0,0,73.731,28.463,20,35,1900,0,1.948,86.343,6.062,-4.244,0,7.4,1,0.114,0.077,0,0,0,73.731,1.95,7.4,5.387
4.275,hazard,0,0,73.415,28.446,20,35,1900,0,1.947,86.304,6.062,-4.244,0,7.4,1,0.096,0.077,0,0,0,73.415,1.95,7.4,5.426
4.283,hazard,0,0,73.098,28.428,20,35,1900,0,1.954,86.444,6.062,-4.244,0,7.4,1,0.104,0.066,0,0,0,73.098,1.95,7.4,5.464
4.292,hazard,0,0,72.781,28.411,20,35,1900,0,1.955,86.21,6.062,-4.244,0,7.4,1,0.082,0.067,0,0,0,72.781,1.95,7.4,5.503
4.3,hazard,0,0,72.465,28.394,20,35,1900,0,1.949,86.469,6.062,-4.244,0,7.4,1,0.111,0.055,0,0,0,72.465,1.95,7.4,5.541
4.308,hazard,0,0,72.148,28.376,20,35,1900,0,1.951,86.254,6.062,-4.244,0,7.4,1,0.104,0.071,0,0,0,72.148,1.95,7.4,5.58
4.317,hazard,0,0,71.831,28.359,20,35,1900,0,1.951,86.331,6.062,-4.244,0,7.4,1,0.08,0.07,0,0,0,71.831,1.95,7.4,5.618
4.325,hazard,0,0,71.515,28.342,20,35,1900,0,1.952,86.345,6.062,-4.244,0,7.4,1,0.1,0.062,0,0,0,71.515,1.95,7.4,5.656
4.333,hazard,0,0,71.198,28.324,20,35,1900,0,1.95,86.465,6.062,-4.244,0,7.4,1,0.098,0.075,0,0,0,71.198,1.95,7.4,5.694
4.342,hazard,0,0,70.881,28.307,20,35,1900,0,1.948,86.228,6.062,-4.244,0,7.4,1,0.093,0.066,0,0,0,70.881,1.95,7.4,5.732
4.35,hazard,0,0,70.565,28.289,20,35,1900,0,1.954,86.218,6.062,-4.244,0,7.4,1,0.105,0.064,0,0,0,70.565,1.95,7.4,5.77
4.358,hazard,0,0,70.248,28.272,20,35,1900,0,1.953,86.215,6.062,-4.244,0,7.4,1,0.091,0.07,0,0,0,70.248,1.95,7.4,5.808
4.367,hazard,0,0,69.931,28.254,20,35,1900,0,1.95,86.465,6.062,-4.244,0,7.4,1,0.11,0.076,0,0,0,69.931,1.95,7.4,5.846
4.375,hazard,0,0,69.615,28.237,20,35,1900,0,1.954,86.292,6.062,-4.244,0,7.4,1,0.112,0.062,0,0,0,69.615,1.95,7.4,5.884
4.383,hazard,0,0,69.298,28.22,20,35,1900,0,1.947,86.446,6.062,-4.244,0,7.4,1,0.102,0.056,0,0,0,69.298,1.95,7.4,5.922
4.392,hazard,0,0,68.981,28.202,20,35,1900,0,1.947,86.344,6.062,-4.244,0,7.4,1,0.088,0.064,0,0,0,68.981,1.95,7.4,5.96
4.4,hazard,0,0,68.665,28.185,20,35,1900,0,1.945,86.443,6.062,-4.244,0,7.4,1,0.112,0.072,0,0,0,68.665,1.95,7.4,5.998
4.408,hazard,0,0,68.348,28.167,20,35,1900,0,1.947,86.407,6.062,-4.244,0,7.4,1,0.099,0.05,0,0,0,68.348,1.95,7.4,6.035
4.417,hazard,0,0,68.031,28.15,20,35,1900,0,1.951,86.477,6.062,-4.244,0,7.4,1,0.102,0.074,0,0,0,68.031,1.95,7.4,6.073
4.425,hazard,0,0,67.715,28.132,20,35,1900,0,1.947,86.46,6.062,-4.244,0,7.4,1,0.102,0.058,0,0,0,67.715,1.95,7.4,6.111
4.433,hazard,0,0,67.398,28.115,20,35,1900,0,1.952,86.358,6.062,-4.244,0,7.4,1,0.097,0.065,0,0,0,67.398,1.95,7.4,6.148
4.442,hazard,0,0,67.081,28.097,20,35,1900,0,1.952,86.351,6.062,-4.244,0,7.4,1,0.089,0.053,0,0,0,67.081,1.95,7.4,6.186
4.45,hazard,0,0,66.765,28.08,20,35,1900,0,1.946,86.25,6.062,-4.244,0,7.4,1,0.099,0.077,0,0,0,66.765,1.95,7.4,6.223
4.458,hazard,0,0,66.448,28.062,20,35,1900,0,1.949,86.46,6.062,-4.244,0,7.4,1,0.11,0.08,0,0,0,66.448,1.95,7.4,6.261
4.467,hazard,0,0,66.131,28.045,20,35,1900,0,1.946,86.426,6.062,-4.244,0,7.4,1,0.09,0.074,0,0,0,66.131,1.95,7.4,6.298
4.475,hazard,0,0,65.815,28.027,20,35,1900,0,1.949,86.366,6.062,-4.244,0,7.4,1,0.116,0.057,0,0,0,65.815,1.95,7.4,6.335
4.483,hazard,0,0,65.498,28.01,20,35,1900,0,1.948,86.47,6.062,-4.244,0,7.4,1,0.094,0.071,0,0,0,65.498,1.95,7.4,6.372
4.492,hazard,0,0,65.181,27.992,20,35,1900,0,1.954,86.304,6.062,-4.244,0,7.4,1,0.116,0.056,0,0,0,65.181,1.95,7.4,6.409
4.5,hazard,0,0,64.865,27.975,20,35,1900,0,1.949,86.47,6.062,-4.244,0,7.4,1,0.097,0.063,0,0,0,64.865,1.95,7.4,6.447
4.508,hazard,0,0,64.548,27.957,20,35,1900,0,1.946,86.504,6.062,-4.244,0,7.4,1,0.099,0.06,0,0,0,64.548,1.95,7.4,6.484
4.517,hazard,0,0,64.231,27.94,20,35,1900,0,1.95,86.362,6.062,-4.244,0,7.4,1,0.111,0.054,0,0,0,64.231,1.95,7.4,6.521
4.525,hazard,0,0,63.915,27.922,20,35,1900,0,1.946,86.45,6.062,-4.244,0,7.4,1,0.095,0.061,0,0,0,63.915,1.95,7.4,6.558
4.533,hazard,0,0,63.598,27.905,20,35,1900,0,1.947,86.295,6.062,-4.244,0,7.4,1,0.084,0.076,0,0,0,63.598,1.95,7.4,6.594
4.542,hazard,0,0,63.281,27.887,20,35,1900,0,1.946,86.298,6.062,-4.244,0,7.4,1,0.112,0.065,0,0,0,63.281,1.95,7.4,6.631
4.55,hazard,0,0,62.965,27.87,20,35,1900,0,1.948,86.331,6.062,-4.244,0,7.4,1,0.106,0.057,0,0,0,62.965,1.95,7.4,6.668
4.558,hazard,0,0,62.648,27.852,20,35,1900,0,1.95,86.321,6.062,-4.244,0,7.4,1,0.098,0.075,0,0,0,62.648,1.95,7.4,6.705
4.567,hazard,0,0,62.331,27.835,20,35,1900,0,1.951,86.329,6.062,-4.244,0,7.4,1,0.087,0.055,0,0,0,62.331,1.95,7.4,6.741
4.575,hazard,0,0,62.015,27.817,20,35,1900,0,1.946,86.224,6.062,-4.244,0,7.4,1,0.083,0.063,0,0,0,62.015,1.95,7.4,6.778
4.583,hazard,0,0,61.698,27.8,20,35,1900,0,1.953,86.343,6.062,-4.244,0,7.4,1,0.117,0.07,0,0,0,61.698,1.95,7.4,6.814
4.592,hazard,0,0,61.381,27.782,20,35,1900,0,1.948,86.362,6.062,-4.244,0,7.4,1,0.086,0.07,0,0,0,61.381,1.95,7.4,6.851
4.6,hazard,0,0,61.065,27.765,20,35,1900,0,1.95,86.241,6.062,-4.244,0,7.4,1,0.087,0.074,0,0,0,61.065,1.95,7.4,6.887
4.608,hazard,0,0,60.748,27.748,20,35,1900,0,1.947,86.433,6.062,-4.244,0,7.4,1,0.089,0.069,0,0,0,60.748,1.95,7.4,6.923
4.617,hazard,0,0,60.431,27.73,20,35,1900,0,1.95,86.397,6.062,-4.244,0,7.4,1,0.084,0.076,0,0,0,60.431,1.95,7.4,6.96
4.625,hazard,0,0,60.115,27.713,20,35,1900,0,1.95,86.368,6.062,-4.244,0,7.4,1,0.1,0.052,0,0,0,60.115,1.95,7.4,6.996
4.633,hazard,0,0,59.798,27.695,20,35,1900,0,1.947,86.287,6.062,-4.244,0,7.4,1,0.086,0.067,0,0,0,59.798,1.95,7.4,7.032
4.642,hazard,0,0,59.481,27.678,20,35,1900,0,1.946,86.512,6.062,-4.244,0,7.4,1,0.106,0.06,0,0,0,59.481,1.95,7.4,7.068
4.65,hazard,0,0,59.165,27.661,20,35,1900,0,1.947,86.494,6.062,-4.244,0,7.4,1,0.081,0.059,0,0,0,59.165,1.95,7.4,7.104
4.658,hazard,0,0,58.848,27.643,20,35,1900,0,1.95,86.264,6.062,-4.244,0,7.4,1,0.082,0.075,0,0,0,58.848,1.95,7.4,7.14
4.667,hazard,0,0,58.531,27.626,20,35,1900,0,1.951,86.425,6.062,-4.244,0,7.4,1,0.106,0.052,0,0,0,58.531,1.95,7.4,7.176
4.675,hazard,0,0,58.215,27.608,20,35,1900,0,1.952,86.324,6.062,-4.244,0,7.4,1,0.095,0.068,0,0,0,58.215,1.95,7.4,7.212
4.683,hazard,0,0,57.898,27.591,20,35,1900,0,1.952,86.355,6.062,-4.244,0,7.4,1,0.097,0.072,0,0,0,57.898,1.95,7.4,7.248
4.692,hazard,0,0,57.581,27.574,20,35,1900,0,1.954,86.425,6.062,-4.244,0,7.4,1,0.099,0.058,0,0,0,57.581,1.95,7.4,7.283
4.7,hazard,0,0,57.265,27.556,20,35,1900,0,1.946,86.518,6.062,-4.244,0,7.4,1,0.105,0.058,0,0,0,57.265,1.95,7.4,7.319
4.708,hazard,0,0,56.948,27.539,20,35,1900,0,1.954,86.442,6.062,-4.244,0,7.4,1,0.082,0.078,0,0,0,56.948,1.95,7.4,7.354
4.717,hazard,0,0,56.631,27.522,20,35,1900,0,1.946,86.249,6.062,-4.244,0,7.4,1,0.11,0.058,0,0,0,56.631,1.95,7.4,7.39
4.725,hazard,0,0,56.315,27.505,20,35,1900,0,1.946,86.4,6.062,-4.244,0,7.4,1,0.092,0.061,0,0,0,56.315,1.95,7.4,7.425
4.733,hazard,0,0,55.998,27.487,20,35,1900,0,1.948,86.364,6.062,-4.244,0,7.4,1,0.085,0.051,0,0,0,55.998,1.95,7.4,7.461
4.742,hazard,0,0,55.681,27.47,20,35,1900,0,1.945,86.287,6.062,-4.244,0,7.4,1,0.107,0.074,0,0,0,55.681,1.95,7.4,7.496
4.75,hazard,0,0,55.365,27.453,20,35,1900,0,1.952,86.255,6.062,-4.244,0,7.4,1,0.082,0.056,0,0,0,55.365,1.95,7.4,7.531
4.758,hazard,0,0,55.048,27.436,20,35,1900,0,1.954,86.37,6.062,-4.244,0,7.4,1,0.108,0.076,0,0,0,55.048,1.95,7.4,7.566
4.767,hazard,0,0,54.731,27.418,20,35,1900,0,1.947,86.438,6.062,-4.244,0,7.4,1,0.11,0.063,0,0,0,54.731,1.95,7.4,7.602
4.775,hazard,0,0,54.415,27.401,20,35,1900,0,1.946,86.349,6.062,-4.244,0,7.4,1,0.084,0.052,0,0,0,54.415,1.95,7.4,7.637
4.783,hazard,0,0,54.098,27.384,20,35,1900,0,1.947,86.418,6.062,-4.244,0,7.4,1,0.113,0.072,0,0,0,54.098,1.95,7.4,7.672
4.792,hazard,0,0,53.781,27.367,20,35,1900,0,1.951,86.487,6.062,-4.244,0,7.4,1,0.102,0.075,0,0,0,53.781,1.95,7.4,7.706
4.8,hazard,0,0,53.465,27.35,20,35,1900,0,1.951,86.528,6.062,-4.244,0,7.4,1,0.092,0.08,0,0,0,53.465,1.95,7.4,7.741
4.808,hazard,0,0,53.148,27.333,20,35,1900,0,1.951,86.483,6.062,-4.244,0,7.4,1,0.117,0.072,0,0,0,53.148,1.95,7.4,7.776
4.817,hazard,0,0,52.831,27.316,20,35,1900,0,1.948,86.514,6.062,-4.244,0,7.4,1,0.107,0.057,0,0,0,52.831,1.95,7.4,7.811
4.825,hazard,0,0,52.515,27.299,20,35,1900,0,1.947,86.525,6.062,-4.244,0,7.4,1,0.119,0.068,0,0,0,52.515,1.95,7.4,7.845
4.833,hazard,0,0,52.198,27.282,20,35,1900,0,1.955,86.423,6.062,-4.244,0,7.4,1,0.111,0.061,0,0,0,52.198,1.95,7.4,7.88
4.842,hazard,0,0,51.881,27.265,20,35,1900,0,1.952,86.325,6.062,-4.244,0,7.4,1,0.096,0.062,0,0,0,51.881,1.95,7.4,7.914
4.85,hazard,0,0,51.565,27.248,20,35,1900,0,1.95,86.263,6.062,-4.244,0,7.4,1,0.104,0.06,0,0,0,51.565,1.95,7.4,7.949
4.858,hazard,0,0,51.248,27.231,20,35,1900,0,1.947,86.448,6.062,-4.244,0,7.4,1,0.081,0.077,0,0,0,51.248,1.95,7.4,7.983
4.867,hazard,0,0,50.931,27.214,20,35,1900,0,1.95,86.409,6.062,-4.244,0,7.4,1,0.102,0.073,0,0,0,50.931,1.95,7.4,8.017
4.875,hazard,0,0,50.615,27.197,20,35,1900,0,1.951,86.34,6.062,-4.244,0,7.4,1,0.112,0.056,0,0,0,50.615,1.95,7.4,8.052
4.883,hazard,0,0,50.298,27.18,20,35,1900,0,1.951,86.516,6.062,-4.244,0,7.4,1,0.099,0.058,0,0,0,50.298,1.95,7.4,8.086
4.892,hazard,0,0,49.981,27.164,20,35,1900,0,1.953,86.269,6.062,-4.244,0,7.4,1,0.108,0.064,0,0,0,49.981,1.95,7.4,8.12
4.9,hazard,0,0,49.665,27.147,20,35,1900,0,1.955,86.542,6.062,-4.244,0,7.4,1,0.1,0.066,0,0,0,49.665,1.95,7.4,8.154
4.908,hazard,0,0,49.348,27.13,20,35,1900,0,1.951,86.507,6.062,-4.244,0,7.4,1,0.09,0.073,0,0,0,49.348,1.95,7.4,8.188
4.917,hazard,0,0,49.031,27.113,20,35,1900,0,1.946,86.312,6.062,-4.244,0,7.4,1,0.102,0.058,0,0,0,49.031,1.95,7.4,8.222
4.925,hazard,0,0,48.715,27.097,20,35,1900,0,1.954,86.515,6.062,-4.244,0,7.4,1,0.101,0.077,0,0,0,48.715,1.95,7.4,8.255
4.933,hazard,0,0,48.398,27.08,20,35,1900,0,1.946,86.314,6.062,-4.244,0,7.4,1,0.082,0.064,0,0,0,48.398,1.95,7.4,8.289
4.942,hazard,0,0,48.081,27.063,20,35,1900,0,1.947,86.407,6.062,-4.244,0,7.4,1,0.11,0.077,0,0,0,48.081,1.95,7.4,8.323
4.95,hazard,0,0,47.765,27.047,20,35,1900,0,1.954,86.4,6.062,-4.244,0,7.4,1,0.099,0.051,0,0,0,47.765,1.95,7.4,8.356
4.958,hazard,0,0,47.448,27.03,20,35,1900,0,1.949,86.419,6.062,-4.244,0,7.4,1,0.107,0.062,0,0,0,47.448,1.95,7.4,8.39
4.967,hazard,0,0,47.131,27.013,20,35,1900,0,1.95,86.405,6.062,-4.244,0,7.4,1,0.103,0.052,0,0,0,47.131,1.95,7.4,8.423
4.975,hazard,0,0,46.815,26.997,20,35,1900,0,1.947,86.54,6.062,-4.244,0,7.4,1,0.094,0.054,0,0,0,46.815,1.95,7.4,8.457
4.983,hazard,0,0,46.498,26.98,20,35,1900,0,1.95,86.486,6.062,-4.244,0,7.4,1,0.106,0.059,0,0,0,46.498,1.95,7.4,8.49
4.992,hazard,0,0,46.181,26.964,20,35,1900,0,1.951,86.252,6.062,-4.244,0,7.4,1,0.098,0.062,0,0,0,46.181,1.95,7.4,8.523
5,hazard,0,0,45.865,26.948,20,35,1900,0,1.954,86.426,6.062,-4.244,0,7.4,1,0.085,0.055,0,0,0,45.865,1.95,7.4,8.556
5.008,hazard,0,0,45.548,26.931,20,35,1900,0,1.948,86.324,6.062,-4.244,0,7.4,1,0.1,0.071,0,0,0,45.548,1.95,7.4,8.589
5.017,hazard,0,0,45.231,26.915,20,35,1900,0,1.949,86.51,6.062,-4.244,0,7.4,1,0.104,0.071,0,0,0,45.231,1.95,7.4,8.622
5.025,hazard,0,0,44.915,26.899,20,35,1900,0,1.952,86.507,6.062,-4.244,0,7.4,1,0.084,0.075,0,0,0,44.915,1.95,7.4,8.655
5.033,hazard,0,0,44.598,26.882,20,35,1900,0,1.95,86.398,6.062,-4.244,0,7.4,1,0.11,0.066,0,0,0,44.598,1.95,7.4,8.688
5.042,hazard,0,0,44.281,26.866,20,35,1900,0,1.95,86.267,6.062,-4.244,0,7.4,1,0.112,0.063,0,0,0,44.281,1.95,7.4,8.721
5.05,hazard,0,0,43.965,26.85,20,35,1900,0,1.951,86.367,6.062,-4.244,0,7.4,1,0.081,0.059,0,0,0,43.965,1.95,7.4,8.753
5.058,hazard,0,0,43.648,26.834,20,35,1900,0,1.945,86.343,6.062,-4.244,0,7.4,1,0.082,0.054,0,0,0,43.648,1.95,7.4,8.786
5.067,hazard,0,0,43.331,26.818,20,35,1900,0,1.953,86.398,6.062,-4.244,0,7.4,1,0.102,0.066,0,0,0,43.331,1.95,7.4,8.818
5.075,hazard,0,0,43.015,26.802,20,35,1900,0,1.951,86.371,6.062,-4.244,0,7.4,1,0.095,0.079,0,0,0,43.015,1.95,7.4,8.851
5.083,hazard,0,0,42.698,26.786,20,35,1900,0,1.949,86.32,6.062,-4.244,0,7.4,1,0.097,0.08,0,0,0,42.698,1.95,7.4,8.883
5.092,hazard,0,0,42.381,26.77,20,35,1900,0,1.953,86.327,6.062,-4.244,0,7.4,1,0.096,0.052,0,0,0,42.381,1.95,7.4,8.915
5.1,hazard,0,0,42.065,26.754,20,35,1900,0,1.951,86.384,6.062,-4.244,0,7.4,1,0.102,0.071,0,0,0,42.065,1.95,7.4,8.948
5.108,hazard,0,0,41.748,26.738,20,35,1900,0,1.952,86.28,6.062,-4.244,0,7.4,1,0.108,0.057,0,0,0,41.748,1.95,7.4,8.98
5.117,hazard,0,0,41.431,26.722,20,35,1900,0,1.953,86.438,6.062,-4.244,0,7.4,1,0.114,0.076,0,0,0,41.431,1.95,7.4,9.012
5.125,hazard,0,0,41.115,26.706,20,35,1900,0,1.949,86.447,6.062,-4.244,0,7.4,1,0.111,0.079,0,0,0,41.115,1.95,7.4,9.044
5.133,hazard,0,0,40.798,26.69,20,35,1900,0,1.955,86.299,6.062,-4.244,0,7.4,1,0.096,0.057,0,0,0,40.798,1.95,7.4,9.076
5.142,hazard,0,0,40.481,26.675,20,35,1900,0,1.953,86.304,6.062,-4.244,0,7.4,1,0.105,0.051,0,0,0,40.481,1.95,7.4,9.108
5.15,hazard,0,0,40.165,26.659,20,35,1900,0,1.946,86.479,6.062,-4.244,0,7.4,1,0.099,0.05,0,0,0,40.165,1.95,7.4,9.139
5.158,hazard,0,0,39.848,26.643,20,35,1900,0,1.952,86.482,6.062,-4.244,0,7.4,1,0.093,0.069,0,0,0,39.848,1.95,7.4,9.171
5.167,hazard,0,0,39.531,26.628,20,35,1900,0,1.952,86.461,6.062,-4.244,0,7.4,1,0.119,0.072,0,0,0,39.531,1.95,7.4,9.202
5.175,hazard,0,0,39.215,26.612,20,35,1900,0,1.95,86.514,6.062,-4.244,0,7.4,1,0.082,0.08,0,0,0,39.215,1.95,7.4,9.234
5.183,hazard,0,0,38.898,26.597,20,35,1900,0,1.952,86.36,6.062,-4.244,0,7.4,1,0.119,0.053,0,0,0,38.898,1.95,7.4,9.265
5.192,hazard,0,0,38.581,26.581,20,35,1900,0,1.952,86.526,6.062,-4.244,0,7.4,1,0.115,0.05,0,0,0,38.581,1.95,7.4,9.297
5.2,hazard,0,0,38.265,26.566,20,35,1900,0,1.954,86.328,6.062,-4.244,0,7.4,1,0.092,0.071,0,0,0,38.265,1.95,7.4,9.328
5.208,hazard,0,0,37.948,26.551,20,35,1900,0,1.952,86.463,6.062,-4.244,0,7.4,1,0.116,0.056,0,0,0,37.948,1.95,7.4,9.359
5.217,hazard,0,0,37.631,26.535,20,35,1900,0,1.951,86.377,6.062,-4.244,0,7.4,1,0.117,0.065,0,0,0,37.631,1.95,7.4,9.39
5.225,hazard,0,0,37.315,26.52,20,35,1900,0,1.949,86.497,6.062,-4.244,0,7.4,1,0.098,0.054,0,0,0,37.315,1.95,7.4,9.421
5.233,hazard,0,0,36.998,26.505,20,35,1900,0,1.954,86.403,6.062,-4.244,0,7.4,1,0.1,0.053,0,0,0,36.998,1.95,7.4,9.452
5.242,hazard,0,0,36.681,26.49,20,35,1900,0,1.954,86.365,6.062,-4.244,0,7.4,1,0.113,0.075,0,0,0,36.681,1.95,7.4,9.483
5.25,hazard,0,0,36.365,26.475,20,35,1900,0,1.948,86.488,6.062,-4.244,0,7.4,1,0.107,0.076,0,0,0,36.365,1.95,7.4,9.514
5.258,hazard,0,0,36.048,26.46,20,35,1900,0,1.945,86.516,6.062,-4.244,0,7.4,1,0.098,0.062,0,0,0,36.048,1.95,7.4,9.544
5.267,hazard,0,0,35.731,26.445,20,35,1900,0,1.947,86.4,6.062,-4.244,0,7.4,1,0.11,0.062,0,0,0,35.731,1.95,7.4,9.575
5.275,hazard,0,0,35.415,26.43,20,35,1900,0,1.946,86.391,6.062,-4.244,0,7.4,1,0.113,0.074,0,0,0,35.415,1.95,7.4,9.606
5.283,hazard,0,0,35.098,26.415,20,35,1900,0,1.954,86.486,6.062,-4.244,0,7.4,1,0.096,0.055,0,0,0,35.098,1.95,7.4,9.636
5.292,hazard,0,0,34.781,26.4,20,35,1900,0,1.946,86.31,6.062,-4.244,0,7.4,1,0.1,0.056,0,0,0,34.781,1.95,7.4,9.666
5.3,hazard,0,0,34.465,26.385,20,35,1900,0,1.946,86.443,6.062,-4.244,0,7.4,1,0.112,0.064,0,0,0,34.465,1.95,7.4,9.697
5.308,hazard,0,0,34.148,26.37,20,35,1900,0,1.95,86.339,6.062,-4.244,0,7.4,1,0.093,0.054,0,0,0,34.148,1.95,7.4,9.727
5.317,hazard,0,0,33.831,26.356,20,35,1900,0,1.949,86.537,6.062,-4.244,0,7.4,1,0.12,0.068,0,0,0,33.831,1.95,7.4,9.757
5.325,hazard,0,0,33.515,26.341,20,35,1900,0,1.947,86.369,6.062,-4.244,0,7.4,1,0.084,0.07,0,0,0,33.515,1.95,7.4,9.787
5.333,hazard,0,0,33.198,26.327,20,35,1900,0,1.949,86.457,6.062,-4.244,0,7.4,1,0.094,0.063,0,0,0,33.198,1.95,7.4,9.817
5.342,hazard,0,0,32.881,26.312,20,35,1900,0,1.951,86.508,6.062,-4.244,0,7.4,1,0.116,0.073,0,0,0,32.881,1.95,7.4,9.847
5.35,hazard,0,0,32.565,26.298,20,35,1900,0,1.946,86.503,6.062,-4.244,0,7.4,1,0.096,0.068,0,0,0,32.565,1.95,7.4,9.876
5.358,hazard,0,0,32.248,26.283,20,35,1900,0,1.952,86.488,6.062,-4.244,0,7.4,1,0.107,0.07,0,0,0,32.248,1.95,7.4,9.906
5.367,hazard,0,0,31.931,26.269,20,35,1900,0,1.952,86.484,6.062,-4.244,0,7.4,1,0.109,0.056,0,0,0,31.931,1.95,7.4,9.936
5.375,hazard,0,0,31.615,26.255,20,35,1900,0,1.955,86.358,6.062,-4.244,0,7.4,1,0.119,0.064,0,0,0,31.615,1.95,7.4,9.965
5.383,hazard,0,0,31.298,26.24,20,35,1900,0,1.947,86.374,6.062,-4.244,0,7.4,1,0.097,0.075,0,0,0,31.298,1.95,7.4,9.995
5.392,hazard,0,0,30.981,26.226,20,35,1900,0,1.951,86.492,6.062,-4.244,0,7.4,1,0.091,0.065,0,0,0,30.981,1.95,7.4,10.024
5.4,hazard,0,0,30.665,26.212,20,35,1900,0,1.948,86.382,6.062,-4.244,0,7.4,1,0.101,0.073,0,0,0,30.665,1.95,7.4,10.053
5.408,hazard,0,0,30.348,26.198,20,35,1900,0,1.946,86.541,6.062,-4.244,0,7.4,1,0.098,0.078,0,0,0,30.348,1.95,7.4,10.082
5.417,hazard,0,0,30.031,26.184,20,35,1900,0,1.947,86.357,6.062,-4.244,0,7.4,1,0.116,0.057,0,0,0,30.031,1.95,7.4,10.111
5.425,hazard,0,0,29.715,26.17,20,35,1900,0,1.952,86.465,6.062,-4.244,0,7.4,1,0.103,0.082,0,0,0,29.715,1.95,7.4,10.14
5.433,hazard,0,0,29.398,26.157,20,35,1900,0,1.95,86.375,6.062,-4.244,0,7.4,1,0.114,0.09,0,0,0,29.398,1.95,7.4,10.169
5.442,hazard,0,0,29.081,26.143,20,35,1900,0,1.954,86.453,6.062,-4.244,0,7.4,1,0.093,0.081,0,0,0,29.081,1.95,7.4,10.198
5.45,hazard,0,0,28.765,26.129,20,35,1900,0,1.947,86.372,6.062,-4.244,0,7.4,1,0.097,0.076,0,0,0,28.765,1.95,7.4,10.227
5.458,hazard,0,0,28.448,26.115,20,35,1900,0,1.953,86.399,6.062,-4.244,0,7.4,1,0.092,0.105,0,0,0,28.448,1.95,7.4,10.255
5.467,hazard,0,0,28.131,26.102,20,35,1900,0,1.951,86.36,6.062,-4.244,0,7.4,1,0.093,0.101,0,0,0,28.131,1.95,7.4,10.284
5.475,hazard,0,0,27.815,26.088,20,35,1900,0,1.952,86.385,6.062,-4.244,0,7.4,1,0.112,0.109,0,0,0,27.815,1.95,7.4,10.312
5.483,hazard,0,0,27.498,26.075,20,35,1900,0,1.953,86.443,6.062,-4.244,0,7.4,1,0.099,0.137,0,0,0,27.498,1.95,7.4,10.341
5.492,hazard,0,0,27.181,26.061,20,35,1900,0,1.95,86.321,6.062,-4.244,0,7.4,1,0.097,0.139,0,0,0,27.181,1.95,7.4,10.369
5.5,hazard,0,0,26.865,26.048,20,35,1900,0,1.953,86.412,6.062,-4.244,0,7.4,1,0.099,0.159,0,0,0,26.865,1.95,7.4,10.397
5.508,hazard,0,0,26.548,26.035,20,35,1900,0,1.947,86.538,6.062,-4.244,0,7.4,1,0.088,0.152,0,0,0,26.548,1.95,7.4,10.425
5.517,hazard,0,0,26.231,26.022,20,35,1900,0,1.947,86.478,6.062,-4.244,0,7.4,1,0.11,0.186,0,0,0,26.231,1.95,7.4,10.453
5.525,hazard,0,0,25.915,26.009,20,35,1900,0,1.951,86.35,6.062,-4.244,0,7.4,1,0.112,0.186,0,0,0,25.915,1.95,7.4,10.481
5.533,hazard,0,0,25.598,25.996,20,35,1900,0,1.952,86.511,6.062,-4.244,0,7.4,1,0.109,0.219,0,0,0,25.598,1.95,7.4,10.509
5.542,hazard,0,0,25.281,25.983,20,35,1900,0,1.945,86.373,6.062,-4.244,0,7.4,1,0.089,0.226,0,0,0,25.281,1.95,7.4,10.537
5.55,hazard,0,0,24.965,25.97,20,35,1900,0,1.949,86.435,6.062,-4.244,0,7.4,1,0.1,0.256,0,0,0,24.965,1.95,7.4,10.564
5.558,hazard,0,0,24.648,25.957,20,35,1900,0,1.951,86.323,6.062,-4.244,0,7.4,1,0.097,0.254,0,0,0,24.648,1.95,7.4,10.592
5.567,hazard,0,0,24.331,25.944,20,35,1900,0,1.955,86.438,6.062,-4.244,0,7.4,1,0.086,0.292,0,0,0,24.331,1.95,7.4,10.619
5.575,hazard,0,0,24.015,25.931,20,35,1900,0,1.951,86.428,6.062,-4.244,0,7.4,1,0.1,0.288,0,0,0,24.015,1.95,7.4,10.647
5.583,hazard,0,0,23.698,25.919,20,35,1900,0,1.946,86.335,6.062,-4.244,0,7.4,1,0.088,0.322,0,0,0,23.698,1.95,7.4,10.674
5.592,hazard,0,0,23.381,25.906,20,35,1900,0,1.946,86.472,6.062,-4.244,0,7.4,1,0.1,0.325,0,0,0,23.381,1.95,7.4,10.701
5.6,hazard,0,0,23.065,25.894,20,35,1900,0,1.952,86.404,6.062,-4.244,0,7.4,1,0.103,0.347,0,0,0,23.065,1.95,7.4,10.728
5.608,hazard,0,0,22.748,25.881,20,35,1900,0,1.946,86.453,6.062,-4.244,0,7.4,1,0.112,0.382,0,0,0,22.748,1.95,7.4,10.755
5.617,hazard,0,0,22.431,25.869,20,35,1900,0,1.945,86.44,6.062,-4.244,0,7.4,1,0.116,0.394,0,0,0,22.431,1.95,7.4,10.782
5.625,hazard,0,0,22.115,25.857,20,35,1900,0,1.946,86.301,6.062,-4.244,0,7.4,1,0.092,0.42,0,0,0,22.115,1.95,7.4,10.809
5.633,hazard,0,0,21.798,25.844,20,35,1900,0,1.953,86.339,6.062,-4.244,0,7.4,1,0.084,0.427,0,0,0,21.798,1.95,7.4,10.836
5.642,hazard,0,0,21.481,25.832,20,35,1900,0,1.955,86.396,6.062,-4.244,0,7.4,1,0.103,0.455,0,0,0,21.481,1.95,7.4,10.863
5.65,hazard,0,0,21.165,25.82,20,35,1900,0,1.95,86.428,6.062,-4.244,0,7.4,1,0.081,0.476,0,0,0,21.165,1.95,7.4,10.889
5.658,hazard,0,0,20.848,25.808,20,35,1900,0,1.951,86.547,6.062,-4.244,0,7.4,1,0.102,0.498,0,0,0,20.848,1.95,7.4,10.916
5.667,hazard,0,0,20.531,25.796,20,35,1900,0,1.949,86.558,6.062,-4.244,0,7.4,1,0.108,0.503,0,0,0,20.531,1.95,7.4,10.942
5.675,hazard,0,0,20.215,25.784,20,35,1900,0,1.952,86.599,6.062,-4.244,0,7.4,1,0.115,0.541,0,0,0,20.215,1.95,7.4,10.968
5.683,hazard,0,0,19.898,25.773,20,35,1900,0,1.945,86.499,6.062,-4.244,0,7.4,1,0.086,0.548,0,0,0,19.898,1.95,7.4,10.994
5.692,hazard,0,0,19.581,25.761,20,35,1900,0,1.951,86.391,6.062,-4.244,0,7.4,1,0.09,0.592,0,0,0,19.581,1.95,7.4,11.02
5.7,hazard,0,0,19.265,25.749,20,35,1900,0,1.951,86.569,6.062,-4.244,0,7.4,1,0.101,0.582,0,0,0,19.265,1.95,7.4,11.046
5.708,hazard,0,0,18.948,25.738,20,35,1900,0,1.945,86.496,6.062,-4.244,0,7.4,1,0.093,0.626,0,0,0,18.948,1.95,7.4,11.072
5.717,hazard,0,0,18.631,25.726,20,35,1900,0,1.95,86.346,6.062,-4.244,0,7.4,1,0.087,0.644,0,0,0,18.631,1.95,7.4,11.098
5.725,hazard,0,0,18.315,25.715,20,35,1900,0,1.949,86.399,6.062,-4.244,0,7.4,1,0.086,0.645,0,0,0,18.315,1.95,7.4,11.124
5.733,hazard,0,0,17.998,25.704,20,35,1900,0,1.95,86.404,6.062,-4.244,0,7.4,1,0.097,0.68,0,0,0,17.998,1.95,7.4,11.149
5.742,hazard,0,0,17.681,25.692,20,35,1900,0,1.95,86.59,6.062,-4.244,0,7.4,1,0.083,0.676,0,0,0,17.681,1.95,7.4,11.175
5.75,hazard,0,0,17.365,25.681,20,35,1900,0,1.948,86.386,6.062,-4.244,0,7.4,1,0.12,0.722,0,0,0,17.365,1.95,7.4,11.2
5.758,hazard,0,0,17.048,25.67,20,35,1900,0,1.95,86.525,6.062,-4.244,0,7.4,1,0.111,0.716,0,0,0,17.048,1.95,7.4,11.226
5.767,hazard,0,0,16.731,25.659,20,35,1900,0,1.954,86.558,6.062,-4.244,0,7.4,1,0.119,0.751,0,0,0,16.731,1.95,7.4,11.251
5.775,hazard,0,0,16.415,25.648,20,35,1900,0,1.946,86.315,6.062,-4.244,0,7.4,1,0.104,0.761,0,0,0,16.415,1.95,7.4,11.276
5.783,hazard,0,0,16.098,25.638,20,35,1900,0,1.955,86.408,6.062,-4.244,0,7.4,1,0.086,0.759,0,0,0,16.098,1.95,7.4,11.301
5.792,hazard,0,0,15.781,25.627,20,35,1900,0,1.952,86.449,6.062,-4.244,0,7.4,1,0.083,0.798,0,0,0,15.781,1.95,7.4,11.326
5.8,hazard,0,0,15.465,25.616,20,35,1900,0,1.947,86.477,6.062,-4.244,0,7.4,1,0.089,0.81,0,0,0,15.465,1.95,7.4,11.351
5.808,hazard,0,0,15.148,25.606,20,35,1900,0,1.951,86.561,6.062,-4.244,0,7.4,1,0.105,0.801,0,0,0,15.148,1.95,7.4,11.375
5.817,hazard,0,0,14.831,25.595,20,35,1900,0,1.949,86.548,6.062,-4.244,0,7.4,1,0.095,0.82,0,0,0,14.831,1.95,7.4,11.4
5.825,hazard,0,0,14.515,25.585,20,35,1900,0,1.95,86.43,6.062,-4.244,0,7.4,1,0.116,0.846,0,0,0,14.515,1.95,7.4,11.425
5.833,hazard,0,0,14.198,25.574,20,35,1900,0,1.95,86.45,6.062,-4.244,0,7.4,1,0.116,0.856,0,0,0,14.198,1.95,7.4,11.449
5.842,hazard,0,0,13.881,25.564,20,35,1900,0,1.952,86.46,6.062,-4.244,0,7.4,1,0.114,0.854,0,0,0,13.881,1.95,7.4,11.473
5.85,hazard,0,0,13.565,25.554,20,35,1900,0,1.948,86.412,6.062,-4.244,0,7.4,1,0.119,0.85,0,0,0,13.565,1.95,7.4,11.498
5.858,hazard,0,0,13.248,25.544,20,35,1900,0,1.952,86.541,6.062,-4.244,0,7.4,1,0.085,0.861,0,0,0,13.248,1.95,7.4,11.522
5.867,hazard,0,0,12.931,25.534,20,35,1900,0,1.952,86.509,6.062,-4.244,0,7.4,1,0.093,0.877,0,0,0,12.931,1.95,7.4,11.546
5.875,hazard,0,0,12.615,25.524,20,35,1900,0,1.953,86.457,6.062,-4.244,0,7.4,1,0.085,0.892,0,0,0,12.615,1.95,7.4,11.57
5.883,hazard,0,0,12.298,25.514,20,35,1900,0,1.952,86.447,6.062,-4.244,0,7.4,1,0.106,0.884,0,0,0,12.298,1.95,7.4,11.594
5.892,hazard,0,0,11.981,25.504,20,35,1900,0,1.949,86.444,6.062,-4.244,0,7.4,1,0.095,0.89,0,0,0,11.981,1.95,7.4,11.618
5.9,hazard,0,0,11.665,25.495,20,35,1900,0,1.954,86.398,6.062,-4.244,0,7.4,1,0.082,0.874,0,0,0,11.665,1.95,7.4,11.641
5.908,hazard,0,0,11.348,25.485,20,35,1900,0,1.952,86.571,6.062,-4.244,0,7.4,1,0.094,0.875,0,0,0,11.348,1.95,7.4,11.665
5.917,hazard,0,0,11.031,25.475,20,35,1900,0,1.953,86.456,6.062,-4.244,0,7.4,1,0.088,0.894,0,0,0,11.031,1.95,7.4,11.688
5.925,hazard,0,0,10.715,25.466,20,35,1900,0,1.953,86.395,6.062,-4.244,0,7.4,1,0.117,0.87,0,0,0,10.715,1.95,7.4,11.712
5.933,hazard,0,0,10.398,25.457,20,35,1900,0,1.949,86.4,6.062,-4.244,0,7.4,1,0.084,0.877,0,0,0,10.398,1.95,7.4,11.735
5.942,hazard,0,0,10.081,25.447,20,35,1900,0,1.947,86.344,6.062,-4.244,0,7.4,1,0.096,0.871,0,0,0,10.081,1.95,7.4,11.758
5.95,hazard,0,0,9.765,25.438,20,35,1900,0,1.946,86.516,6.062,-4.244,0,7.4,1,0.116,0.889,0,0,0,9.765,1.95,7.4,11.781
5.958,hazard,0,0,9.448,25.429,20,35,1900,0,1.953,86.545,6.062,-4.244,0,7.4,1,0.085,0.874,0,0,0,9.448,1.95,7.4,11.804
5.967,hazard,0,0,9.131,25.42,20,35,1900,0,1.951,86.48,6.062,-4.244,0,7.4,1,0.083,0.872,0,0,0,9.131,1.95,7.4,11.827
5.975,hazard,0,0,8.815,25.411,20,35,1900,0,1.951,86.602,6.062,-4.244,0,7.4,1,0.102,0.873,0,0,0,8.815,1.95,7.4,11.85
5.983,hazard,0,0,8.498,25.403,20,35,1900,0,1.954,86.488,6.062,-4.244,0,7.4,1,0.089,0.897,0,0,0,8.498,1.95,7.4,11.872
5.992,hazard,0,0,8.181,25.394,20,35,1900,0,1.948,86.627,6.062,-4.244,0,7.4,1,0.11,0.882,0,0,0,8.181,1.95,7.4,11.895
6,hazard,0,0,7.865,25.385,20,35,1900,0,1.945,86.43,6.062,-4.244,0,7.4,1,0.081,0.876,0,0,0,7.865,1.95,7.4,11.917
6.008,hazard,0,0,7.554,25.377,20,35,1900,0,1.95,86.504,6.062,-4.244,0,7.4,1,0.104,0.9,0,0,0,7.554,1.95,7.4,11.939
6.017,hazard,0,0,7.25,25.368,20,35,1900,0,1.948,86.413,6.062,-4.244,0,7.4,1,0.086,0.876,0,0,0,7.25,1.95,7.4,11.961
6.025,hazard,0,0,6.952,25.36,20,35,1900,0,1.947,86.344,6.062,-4.244,0,7.4,1,0.092,0.876,0,0,0,6.952,1.95,7.4,11.982
6.033,hazard,0,0,6.66,25.352,20,35,1900,0,1.954,86.606,6.062,-4.244,0,7.4,1,0.091,0.9,0,0,0,6.66,1.95,7.4,12.002
6.042,hazard,0,0,6.375,25.343,20,35,1900,0,1.95,86.574,6.062,-4.244,0,7.4,1,0.108,0.889,0,0,0,6.375,1.95,7.4,12.022
6.05,hazard,0,0,6.096,25.335,20,35,1900,0,1.95,86.483,6.062,-4.244,0,7.4,1,0.114,0.87,0,0,0,6.096,1.95,7.4,12.041
6.058,hazard,0,0,5.823,25.327,20,35,1900,0,1.952,86.595,6.062,-4.244,0,7.4,1,0.098,0.896,0,0,0,5.823,1.95,7.4,12.06
6.067,hazard,0,0,5.556,25.32,20,35,1900,0,1.95,86.504,6.062,-4.244,0,7.4,1,0.084,0.894,0,0,0,5.556,1.95,7.4,12.078
6.075,hazard,0,0,5.296,25.312,20,35,1900,0,1.947,86.633,6.062,-4.244,0,7.4,1,0.097,0.894,0,0,0,5.296,1.95,7.4,12.096
6.083,hazard,0,0,5.042,25.304,20,35,1900,0,1.946,86.597,6.062,-4.244,0,7.4,1,0.095,0.895,0,0,0,5.042,1.95,7.4,12.113
6.092,hazard,0,0,4.794,25.296,20,35,1900,0,1.954,86.484,6.062,-4.244,0,7.4,1,0.107,0.892,0,0,0,4.794,1.95,7.4,12.13
6.1,hazard,0,0,4.552,25.289,20,35,1900,0,1.952,86.494,6.062,-4.244,0,7.4,1,0.105,0.878,0,0,0,4.552,1.95,7.4,12.146
6.108,hazard,0,0,4.317,25.281,20,35,1900,0,1.952,86.438,6.062,-4.244,0,7.4,1,0.085,0.87,0,0,0,4.317,1.95,7.4,12.162
6.117,hazard,0,0,4.087,25.274,20,35,1900,0,1.952,86.437,6.062,-4.244,0,7.4,1,0.1,0.894,0,0,0,4.087,1.95,7.4,12.177
6.125,hazard,0,0,3.865,25.267,20,35,1900,0,1.955,86.439,6.062,-4.244,0,7.4,1,0.085,0.896,0,0,0,3.865,1.95,7.4,12.192
6.133,hazard,0,0,3.648,25.26,20,35,1900,0,1.953,86.514,6.062,-4.244,0,7.4,1,0.114,0.884,0,0,0,3.648,1.95,7.4,12.207
6.142,hazard,0,0,3.437,25.253,20,35,1900,0,1.955,86.608,6.062,-4.244,0,7.4,1,0.097,0.88,0,0,0,3.437,1.95,7.4,12.221
6.15,hazard,0,0,3.233,25.246,20,35,1900,0,1.951,86.451,6.062,-4.244,0,7.4,1,0.107,0.9,0,0,0,3.233,1.95,7.4,12.234
6.158,hazard,0,0,3.035,25.239,20,35,1900,0,1.951,86.544,6.062,-4.244,0,7.4,1,0.1,0.887,0,0,0,3.035,1.95,7.4,12.247
6.167,hazard,0,0,2.844,25.232,20,35,1900,0,1.947,86.548,6.062,-4.244,0,7.4,1,0.108,0.892,0,0,0,2.844,1.95,7.4,12.26
6.175,hazard,0,0,2.658,25.225,20,35,1900,0,1.951,86.468,6.062,-4.244,0,7.4,1,0.091,0.88,0,0,0,2.658,1.95,7.4,12.272
6.183,hazard,0,0,2.479,25.219,20,35,1900,0,1.952,86.432,6.062,-4.244,0,7.4,1,0.105,0.889,0,0,0,2.479,1.95,7.4,12.284
6.192,hazard,0,0,2.306,25.212,20,35,1900,0,1.954,86.409,6.062,-4.244,0,7.4,1,0.084,0.873,0,0,0,2.306,1.95,7.4,12.295
6.2,hazard,0,0,2.14,25.206,20,35,1900,0,1.951,86.399,6.062,-4.244,0,7.4,1,0.113,0.882,0,0,0,2.14,1.95,7.4,12.306
6.208,hazard,0,0,1.979,25.199,20,35,1900,0,1.954,86.519,6.062,-4.244,0,7.4,1,0.092,0.9,0,0,0,1.979,1.95,7.4,12.316
6.217,hazard,0,0,1.825,25.193,20,35,1900,0,1.95,86.576,6.062,-4.244,0,7.4,1,0.086,0.883,0,0,0,1.825,1.95,7.4,12.326
6.225,hazard,0,0,1.677,25.187,20,35,1900,0,1.949,86.409,6.062,-4.244,0,7.4,1,0.111,0.882,0,0,0,1.677,1.95,7.4,12.336
6.233,hazard,0,0,1.535,25.181,20,35,1900,0,1.954,86.393,6.062,-4.244,0,7.4,1,0.103,0.871,0,0,0,1.535,1.95,7.4,12.345
6.242,hazard,0,0,1.4,25.175,20,35,1900,0,1.95,86.358,6.062,-4.244,0,7.4,1,0.119,0.879,0,0,0,1.4,1.95,7.4,12.354
6.25,hazard,0,0,1.271,25.169,20,35,1900,0,1.954,86.635,6.062,-4.244,0,7.4,1,0.11,0.884,0,0,0,1.271,1.95,7.4,12.362
6.258,hazard,0,0,1.148,25.163,20,35,1900,0,1.952,86.411,6.062,-4.244,0,7.4,1,0.085,0.872,0,0,0,1.148,1.95,7.4,12.37
6.267,hazard,0,0,1.031,25.158,20,35,1900,0,1.946,86.477,6.062,-4.244,0,7.4,1,0.101,0.894,0,0,0,1.031,1.95,7.4,12.377
6.275,hazard,0,0,0.921,25.152,20,35,1900,0,1.954,86.556,6.062,-4.244,0,7.4,1,0.114,0.872,0,0,0,0.921,1.95,7.4,12.384
6.283,hazard,0,0,0.817,25.147,20,35,1900,0,1.946,86.59,6.062,-4.244,0,7.4,1,0.114,0.88,0,0,0,0.817,1.95,7.4,12.391
6.292,hazard,0,0,0.719,25.141,20,35,1900,0,1.955,86.442,6.062,-4.244,0,7.4,1,0.084,0.874,0,0,0,0.719,1.95,7.4,12.397
6.3,hazard,0,0,0.627,25.136,20,35,1900,0,1.952,86.447,6.062,-4.244,0,7.4,1,0.108,0.878,0,0,0,0.627,1.95,7.4,12.403
6.308,hazard,0,0,0.542,25.131,20,35,1900,0,1.947,86.476,6.062,-4.244,0,7.4,1,0.11,0.892,0,0,0,0.542,1.95,7.4,12.408
6.317,hazard,0,0,0.462,25.126,20,35,1900,0,1.947,86.464,6.062,-4.244,0,7.4,1,0.083,0.877,0,0,0,0.462,1.95,7.4,12.413
6.325,hazard,0,0,0.39,25.121,20,35,1900,0,1.954,86.553,6.062,-4.244,0,7.4,1,0.096,0.883,0,0,0,0.39,1.95,7.4,12.418
6.333,hazard,0,0,0.323,25.116,20,35,1900,0,1.953,86.46,6.062,-4.244,0,7.4,1,0.081,0.884,0,0,0,0.323,1.95,7.4,12.422
6.342,hazard,0,0,0.262,25.111,20,35,1900,0,1.954,86.626,6.062,-4.244,0,7.4,1,0.099,0.895,0,0,0,0.262,1.95,7.4,12.426
6.35,hazard,0,0,0.208,25.107,20,35,1900,0,1.954,86.402,6.062,-4.244,0,7.4,1,0.108,0.884,0,0,0,0.208,1.95,7.4,12.429
6.358,hazard,0,0,0.16,25.102,20,35,1900,0,1.953,86.482,6.062,-4.244,0,7.4,1,0.091,0.9,0,0,0,0.16,1.95,7.4,12.432
6.367,hazard,0,0,0.119,25.098,20,35,1900,0,1.951,86.406,6.062,-4.244,0,7.4,1,0.099,0.889,0,0,0,0.119,1.95,7.4,12.435
6.375,hazard,0,0,0.083,25.093,20,35,1900,0,1.955,86.543,6.062,-4.244,0,7.4,1,0.113,0.879,0,0,0,0.083,1.95,7.4,12.437
6.383,hazard,0,0,0.054,25.089,20,35,1900,0,1.949,86.543,6.062,-4.244,0,7.4,1,0.106,0.896,0,0,0,0.054,1.95,7.4,12.439
6.392,hazard,0,0,0.031,25.085,20,35,1900,0,1.945,86.402,6.062,-4.244,0,7.4,1,0.087,0.888,0,0,0,0.031,1.95,7.4,12.44
6.4,hazard,0,0,0.015,25.081,20,35,1900,0,1.946,86.549,6.062,-4.244,0,7.4,1,0.102,0.89,0,0,0,0.015,1.95,7.4,12.441
6.408,hazard,0,0,0.004,25.077,20,35,1900,0,1.952,86.514,6.062,-4.244,0,7.4,1,0.098,0.874,0,0,0,0.004,1.95,7.4,12.442
6.417,hazard,0,0,0,25.073,20,35,1900,0,1.955,86.44,6.062,-4.244,0,7.4,1,0.093,0.892,0,0,0,0,1.95,7.4,12.442
6.425,hazard,0,0,0,25.069,20,35,1900,0,1.954,86.517,6.062,-4.244,0,7.4,1,0.099,0.895,0,0,0,0,1.95,7.4,12.442
6.433,hazard,0,0,0,25.065,20,35,1900,0,1.951,86.649,6.062,-4.244,0,7.4,1,0.093,0.874,0,0,0,0,1.95,7.4,12.442
6.442,hazard,0,0,0,25.062,20,35,1900,0,1.946,86.585,6.062,-4.244,0,7.4,1,0.083,0.892,0,0,0,0,1.95,7.4,12.442
6.45,hazard,0,0,0,25.058,20,35,1900,0,1.952,86.564,6.062,-4.244,0,7.4,1,0.082,0.872,0,0,0,0,1.95,7.4,12.442
6.458,hazard,0,0,0,25.055,20,35,1900,0,1.95,86.652,6.062,-4.244,0,7.4,1,0.108,0.872,0,0,0,0,1.95,7.4,12.442
6.467,hazard,0,0,0,25.052,20,35,1900,0,1.955,86.629,6.062,-4.244,0,7.4,1,0.103,0.872,0,0,0,0,1.95,7.4,12.442
6.475,hazard,0,0,0,25.048,20,35,1900,0,1.951,86.646,6.062,-4.244,0,7.4,1,0.082,0.898,0,0,0,0,1.95,7.4,12.442
6.483,hazard,0,0,0,25.045,20,35,1900,0,1.952,86.397,6.062,-4.244,0,7.4,1,0.097,0.871,0,0,0,0,1.95,7.4,12.442
6.492,hazard,0,0,0,25.042,20,35,1900,0,1.947,86.452,6.062,-4.244,0,7.4,1,0.108,0.891,0,0,0,0,1.95,7.4,12.442
6.5,hazard,0,0,0,25.039,20,35,1900,0,1.946,86.575,6.062,-4.244,0,7.4,1,0.083,0.872,0,0,0,0,1.95,7.4,12.442
6.508,hazard,0,0,0,25.037,20,35,1900,0,1.953,86.668,6.062,-4.244,0,7.4,1,0.111,0.872,0,0,0,0,1.95,7.4,12.442
6.517,hazard,0,0,0,25.034,20,35,1900,0,1.947,86.491,6.062,-4.244,0,7.4,1,0.101,0.892,0,0,0,0,1.95,7.4,12.442
6.525,hazard,0,0,0,25.031,20,35,1900,0,1.955,86.469,6.062,-4.244,0,7.4,1,0.091,0.894,0,0,0,0,1.95,7.4,12.442
6.533,hazard,0,0,0,25.029,20,35,1900,0,1.947,86.624,6.062,-4.244,0,7.4,1,0.108,0.894,0,0,0,0,1.95,7.4,12.442
6.542,hazard,0,0,0,25.027,20,35,1900,0,1.954,86.455,6.062,-4.244,0,7.4,1,0.083,0.88,0,0,0,0,1.95,7.4,12.442
6.55,hazard,0,0,0,25.024,20,35,1900,0,1.945,86.398,6.062,-4.244,0,7.4,1,0.102,0.876,0,0,0,0,1.95,7.4,12.442
6.558,hazard,0,0,0,25.022,20,35,1900,0,1.947,86.536,6.062,-4.244,0,7.4,1,0.097,0.877,0,0,0,0,1.95,7.4,12.442
6.567,hazard,0,0,0,25.02,20,35,1900,0,1.952,86.416,6.062,-4.244,0,7.4,1,0.104,0.898,0,0,0,0,1.95,7.4,12.442
6.575,hazard,0,0,0,25.018,20,35,1900,0,1.95,86.577,6.062,-4.244,0,7.4,1,0.116,0.871,0,0,0,0,1.95,7.4,12.442
6.583,hazard,0,0,0,25.016,20,35,1900,0,1.947,86.447,6.062,-4.244,0,7.4,1,0.118,0.895,0,0,0,0,1.95,7.4,12.442
6.592,hazard,0,0,0,25.014,20,35,1900,0,1.954,86.467,6.062,-4.244,0,7.4,1,0.084,0.897,0,0,0,0,1.95,7.4,12.442
6.6,hazard,0,0,0,25.013,20,35,1900,0,1.951,86.508,6.062,-4.244,0,7.4,1,0.111,0.883,0,0,0,0,1.95,7.4,12.442
6.608,hazard,0,0,0,25.011,20,35,1900,0,1.947,86.549,6.062,-4.244,0,7.4,1,0.116,0.883,0,0,0,0,1.95,7.4,12.442
6.617,hazard,0,0,0,25.01,20,35,1900,0,1.947,86.58,6.062,-4.244,0,7.4,1,0.09,0.874,0,0,0,0,1.95,7.4,12.442
6.625,hazard,0,0,0,25.008,20,35,1900,0,1.954,86.476,6.062,-4.244,0,7.4,1,0.083,0.878,0,0,0,0,1.95,7.4,12.442
6.633,hazard,0,0,0,25.007,20,35,1900,0,1.946,86.479,6.062,-4.244,0,7.4,1,0.105,0.897,0,0,0,0,1.95,7.4,12.442
6.642,hazard,0,0,0,25.006,20,35,1900,0,1.946,86.506,6.062,-4.244,0,7.4,1,0.089,0.877,0,0,0,0,1.95,7.4,12.442
6.65,hazard,0,0,0,25.005,20,35,1900,0,1.954,86.681,6.062,-4.244,0,7.4,1,0.908,0.87,0,0,0,0,1.95,7.4,12.442
6.658,hazard,0,0,0,25.004,20,35,1900,0,1.947,86.438,6.062,-4.244,0,7.4,1,0.905,0.877,0,0,0,0,1.95,7.4,12.442
6.667,hazard,0,0,0,25.003,20,35,1900,0,1.955,86.554,6.062,-4.244,0,7.4,1,0.931,0.872,0,0,0,0,1.95,7.4,12.442
6.675,hazard,0,0,0,25.002,20,35,1900,0,1.953,86.543,6.062,-4.244,0,7.4,1,0.927,0.888,0,0,0,0,1.95,7.4,12.442
6.683,hazard,0,0,0,25.002,20,35,1900,0,1.948,86.658,6.062,-4.244,0,7.4,1,0.917,0.888,0,0,0,0,1.95,7.4,12.442
6.692,hazard,0,0,0,25.001,20,35,1900,0,1.954,86.476,6.062,-4.244,0,7.4,1,0.913,0.882,1,0,0,0,1.95,7.4,12.442
6.7,hazard,0,0,0,25.001,20,35,1900,0,1.951,86.422,6.062,-4.244,0,7.4,1,0.9,0.886,1,0,0,0,1.95,7.4,12.442
6.708,hazard,0,0,0,25,20,35,1900,0,1.947,86.538,6.062,-4.244,0,7.4,1,0.919,0.879,1,0,0,0,1.95,7.4,12.442
6.717,hazard,0,0,0,25,20,35,1900,0,1.955,86.686,6.062,-4.244,0,7.4,1,0.926,0.893,1,0,0,0,1.95,7.4,12.442
6.725,hazard,0,0,0,25,20,35,1900,0,1.948,86.647,6.062,-4.244,0,7.4,1,0.915,0.871,1,0,0,0,1.95,7.4,12.442
6.733,hazard,0,0,0,25,20,35,1900,0,1.953,86.549,6.062,-4.244,0,7.4,1,0.94,0.892,1,0,0,0,1.95,7.4,12.442
6.742,hazard,0,0,0,25,20,35,1900,0,1.95,86.462,6.062,-4.244,0,7.4,1,0.931,0.889,1,0,0,0,1.95,7.4,12.442
6.75,hazard,0,0,0,25,20,35,1900,0,1.948,86.52,6.062,-4.244,0,7.4,1,0.905,0.894,1,0,0,0,1.95,7.4,12.442
6.758,hazard,0,0,0,25.001,20,35,1900,0,1.945,86.634,6.062,-4.244,0,7.4,1,0.932,0.898,1,0,0,0,1.95,7.4,12.442
6.767,hazard,0,0,0,25.001,20,35,1900,0,1.945,86.419,6.062,-4.244,0,7.4,1,0.938,0.884,1,0,0,0,1.95,7.4,12.442
6.775,hazard,0,0,0,25.001,20,35,1900,0,1.945,86.492,6.062,-4.244,0,7.4,1,0.903,0.887,1,0,0,0,1.95,7.4,12.442
6.783,hazard,0,0,0,25.002,20,35,1900,0,1.954,86.622,6.062,-4.244,0,7.4,1,0.933,0.885,1,0,0,0,1.95,7.4,12.442
6.792,hazard,0,0,0,25.003,20,35,1900,0,1.948,86.655,6.062,-4.244,0,7.4,1,0.906,0.897,1,0,0,0,1.95,7.4,12.442
6.8,hazard,0,0,0,25.003,20,35,1900,0,1.949,86.641,6.062,-4.244,0,7.4,1,0.925,0.882,1,0,0,0,1.95,7.4,12.442
6.808,hazard,0,0,0,25.004,20,35,1900,0,1.955,86.557,6.062,-4.244,0,7.4,1,0.935,0.898,1,0,0,0,1.95,7.4,12.442
6.817,hazard,0,0,0,25.005,20,35,1900,0,1.951,86.695,6.062,-4.244,0,7.4,1,0.104,0.887,1,0,0,0,1.95,7.4,12.442
6.825,hazard,0,0,0,25.006,20,35,1900,0,1.949,86.426,6.062,-4.244,0,7.4,1,0.08,0.887,1,0,0,0,1.95,7.4,12.442
6.833,hazard,0,0,0,25.008,20,35,1900,0,1.952,86.406,6.062,-4.244,0,7.4,1,0.11,0.877,1,0,0,0,1.95,7.4,12.442
6.842,hazard,0,0,0,25.009,20,35,1900,0,1.946,86.405,6.062,-4.244,0,7.4,1,0.097,0.898,1,0,0,0,1.95,7.4,12.442
6.85,hazard,0,0,0,25.01,20,35,1900,0,1.953,86.667,6.062,-4.244,0,7.4,1,0.118,0.892,1,0,0,0,1.95,7.4,12.442
6.858,hazard,0,0,0,25.012,20,35,1900,0,1.948,86.508,6.062,-4.244,0,7.4,1,0.099,0.875,1,0,0,0,1.95,7.4,12.442
6.867,hazard,0,0,0,25.013,20,35,1900,0,1.95,86.608,6.062,-4.244,0,7.4,1,0.117,0.876,1,0,0,0,1.95,7.4,12.442
6.875,hazard,0,0,0,25.015,20,35,1900,0,1.952,86.517,6.062,-4.244,0,7.4,1,0.114,0.897,1,0,0,0,1.95,7.4,12.442
6.883,hazard,0,0,0,25.017,20,35,1900,0,1.946,86.7,6.062,-4.244,0,7.4,1,0.119,0.878,1,0,0,0,1.95,7.4,12.442
6.892,hazard,0,0,0,25.019,20,35,1900,0,1.951,86.474,6.062,-4.244,0,7.4,1,0.11,0.895,1,0,0,0,1.95,7.4,12.442
6.9,hazard,0,0,0,25.021,20,35,1900,0,1.947,86.54,6.062,-4.244,0,7.4,1,0.097,0.879,1,0,0,0,1.95,7.4,12.442
6.908,hazard,0,0,0,25.023,20,35,1900,0,1.948,86.502,6.062,-4.244,0,7.4,1,0.083,0.898,1,0,0,0,1.95,7.4,12.442
6.917,hazard,0,0,0,25.025,20,35,1900,0,1.952,86.663,6.062,-4.244,0,7.4,1,0.115,0.896,1,0,0,0,1.95,7.4,12.442
6.925,hazard,0,0,0,25.027,20,35,1900,0,1.947,86.554,6.062,-4.244,0,7.4,1,0.11,0.887,1,0,0,0,1.95,7.4,12.442
6.933,hazard,0,0,0,25.03,20,35,1900,0,1.95,86.535,6.062,-4.244,0,7.4,1,0.119,0.896,1,0,0,0,1.95,7.4,12.442
6.942,hazard,0,0,0,25.032,20,35,1900,0,1.945,86.588,6.062,-4.244,0,7.4,1,0.098,0.886,1,0,0,0,1.95,7.4,12.442
6.95,hazard,0,0,0,25.035,20,35,1900,0,1.955,86.548,6.062,-4.244,0,7.4,1,0.085,0.888,1,0,0,0,1.95,7.4,12.442
6.958,hazard,0,0,0,25.038,20,35,1900,0,1.945,86.464,6.062,-4.244,0,7.4,1,0.104,0.871,1,0,0,0,1.95,7.4,12.442
6.967,hazard,0,0,0,25.04,20,35,1900,0,1.951,86.559,6.062,-4.244,0,7.4,1,0.086,0.896,1,0,0,0,1.95,7.4,12.442
6.975,hazard,0,0,0,25.043,20,35,1900,0,1.948,86.698,6.062,-4.244,0,7.4,1,0.119,0.88,1,0,0,0,1.95,7.4,12.442
6.983,hazard,0,0,0,25.046,20,35,1900,0,1.947,86.417,6.062,-4.244,0,7.4,1,0.092,0.873,1,0,0,0,1.95,7.4,12.442
6.992,hazard,0,0,0,25.049,20,35,1900,0,1.951,86.532,6.062,-4.244,0,7.4,1,0.11,0.875,1,0,0,0,1.95,7.4,12.442
7,hazard,0,0,0,25.053,20,35,1900,0,1.952,86.42,6.062,-4.244,0,7.4,1,0.119,0.886,1,0,0,0,1.95,7.4,12.442
7.008,hazard,0,0,0,25.056,20,35,1900,0,1.953,86.564,6.062,-4.244,0,7.4,1,0.092,0.889,1,0,0,0,1.95,7.4,12.442
7.017,hazard,0,0,0,25.059,20,35,1900,0,1.953,86.528,6.062,-4.244,0,7.4,1,0.084,0.893,1,0,0,0,1.95,7.4,12.442
7.025,hazard,0,0,0,25.063,20,35,1900,0,1.948,86.595,6.062,-4.244,0,7.4,1,0.108,0.89,1,0,0,0,1.95,7.4,12.442
7.033,hazard,0,0,0,25.066,20,35,1900,0,1.954,86.5,6.062,-4.244,0,7.4,1,0.11,0.88,1,0,0,0,1.95,7.4,12.442
7.042,hazard,0,0,0,25.07,20,35,1900,0,1.949,86.69,6.062,-4.244,0,7.4,1,0.102,0.86,1,0,0,0,1.95,7.4,12.442
7.05,hazard,0,0,0,25.074,20,35,1900,0,1.953,86.694,6.062,-4.244,0,7.4,1,0.108,0.864,1,0,0,0,1.95,7.4,12.442
7.058,hazard,0,0,0,25.078,20,35,1900,0,1.948,86.672,6.062,-4.244,0,7.4,1,0.113,0.828,1,0,0,0,1.95,7.4,12.442
7.067,hazard,0,0,0,25.082,20,35,1900,0,1.947,86.669,6.062,-4.244,0,7.4,1,0.093,0.824,1,0,0,0,1.95,7.4,12.442
7.075,hazard,0,0,0,25.086,20,35,1900,0,1.947,86.581,6.062,-4.244,0,7.4,1,0.087,0.809,1,0,0,0,1.95,7.4,12.442
7.083,hazard,0,0,0,25.09,20,35,1900,0,1.947,86.443,6.062,-4.244,0,7.4,1,0.114,0.797,1,0,0,0,1.95,7.4,12.442
7.092,hazard,0,0,0,25.095,20,35,1900,0,1.948,86.656,6.062,-4.244,0,7.4,1,0.095,0.789,1,0,0,0,1.95,7.4,12.442
7.1,hazard,0,0,0,25.099,20,35,1900,0,1.947,86.585,6.062,-4.244,0,7.4,1,0.103,0.753,1,0,0,0,1.95,7.4,12.442
7.108,hazard,0,0,0,25.104,20,35,1900,0,1.951,86.496,6.062,-4.244,0,7.4,1,0.098,0.726,1,0,0,0,1.95,7.4,12.442
7.117,hazard,0,0,0,25.108,20,35,1900,0,1.953,86.654,6.062,-4.244,0,7.4,1,0.084,0.726,1,0,0,0,1.95,7.4,12.442
7.125,hazard,0,0,0,25.113,20,35,1900,0,1.952,86.451,6.062,-4.244,0,7.4,1,0.118,0.685,1,0,0,0,1.95,7.4,12.442
7.133,hazard,0,0,0,25.118,20,35,1900,0,1.952,86.594,6.062,-4.244,0,7.4,1,0.119,0.667,1,0,0,0,1.95,7.4,12.442
7.142,hazard,0,0,0,25.123,20,35,1900,0,1.947,86.531,6.062,-4.244,0,7.4,1,0.11,0.642,1,0,0,0,1.95,7.4,12.442
7.15,hazard,0,0,0,25.128,20,35,1900,0,1.949,86.429,6.062,-4.244,0,7.4,1,0.116,0.613,1,0,0,0,1.95,7.4,12.442
7.158,hazard,0,0,0,25.133,20,35,1900,0,1.951,86.433,6.062,-4.244,0,7.4,1,0.099,0.597,1,0,0,0,1.95,7.4,12.442
7.167,hazard,0,0,0,25.138,20,35,1900,0,1.946,86.578,6.062,-4.244,0,7.4,1,0.103,0.562,1,0,0,0,1.95,7.4,12.442
7.175,hazard,0,0,0,25.143,20,35,1900,0,1.952,86.652,6.062,-4.244,0,7.4,1,0.108,0.546,0,0,0,0,1.95,7.4,12.442
7.183,hazard,0,0,0,25.148,20,35,1900,0,1.951,86.646,6.062,-4.244,0,7.4,1,0.109,0.512,0,0,0,0,1.95,7.4,12.442
7.192,hazard,0,0,0,25.154,20,35,1900,0,1.949,86.523,6.062,-4.244,0,7.4,1,0.11,0.508,0,0,0,0,1.95,7.4,12.442
7.2,hazard,0,0,0,25.16,20,35,1900,0,1.947,86.623,6.062,-4.244,0,7.4,1,0.11,0.47,0,0,0,0,1.95,7.4,12.442
7.208,hazard,0,0,0,25.165,20,35,1900,0,1.949,86.571,6.062,-4.244,0,7.4,1,0.106,0.438,0,0,0,0,1.95,7.4,12.442
7.217,hazard,0,0,0,25.171,20,35,1900,0,1.952,86.467,6.062,-4.244,0,7.4,1,0.107,0.435,0,0,0,0,1.95,7.4,12.442
7.225,hazard,0,0,0,25.177,20,35,1900,0,1.954,86.617,6.062,-4.244,0,7.4,1,0.114,0.388,0,0,0,0,1.95,7.4,12.442
7.233,hazard,0,0,0,25.183,20,35,1900,0,1.95,86.588,6.062,-4.244,0,7.4,1,0.108,0.384,0,0,0,0,1.95,7.4,12.442
7.242,hazard,0,0,0,25.189,20,35,1900,0,1.955,86.546,6.062,-4.244,0,7.4,1,0.107,0.342,0,0,0,0,1.95,7.4,12.442
7.25,hazard,0,0,0,25.195,20,35,1900,0,1.954,86.561,6.062,-4.244,0,7.4,1,0.107,0.313,0,0,0,0,1.95,7.4,12.442
7.258,hazard,0,0,0,25.201,20,35,1900,0,1.949,86.435,6.062,-4.244,0,7.4,1,0.08,0.311,0,0,0,0,1.95,7.4,12.442
7.267,hazard,0,0,0,25.208,20,35,1900,0,1.953,86.587,6.062,-4.244,0,7.4,1,0.118,0.279,0,0,0,0,1.95,7.4,12.442
7.275,hazard,0,0,0,25.214,20,35,1900,0,1.953,86.719,6.062,-4.244,0,7.4,1,0.105,0.266,0,0,0,0,1.95,7.4,12.442
7.283,hazard,0,0,0,25.221,20,35,1900,0,1.955,86.594,6.062,-4.244,0,7.4,1,0.101,0.233,0,0,0,0,1.95,7.4,12.442
7.292,hazard,0,0,0,25.227,20,35,1900,0,1.948,86.594,6.062,-4.244,0,7.4,1,0.098,0.226,0,0,0,0,1.95,7.4,12.442
7.3,hazard,0,0,0,25.234,20,35,1900,0,1.95,86.476,6.062,-4.244,0,7.4,1,0.081,0.203,0,0,0,0,1.95,7.4,12.442
7.308,hazard,0,0,0,25.241,20,35,1900,0,1.95,86.716,6.062,-4.244,0,7.4,1,0.101,0.179,0,0,0,0,1.95,7.4,12.442
7.317,hazard,0,0,0,25.248,20,35,1900,0,1.953,86.608,6.062,-4.244,0,7.4,1,0.117,0.152,0,0,0,0,1.95,7.4,12.442
7.325,hazard,0,0,0,25.255,20,35,1900,0,1.951,86.667,6.062,-4.244,0,7.4,1,0.095,0.155,0,0,0,0,1.95,7.4,12.442
7.333,hazard,0,0,0,25.262,20,35,1900,0,1.95,86.47,6.062,-4.244,0,7.4,1,0.114,0.118,0,0,0,0,1.95,7.4,12.442
7.342,hazard,0,0,0,25.269,20,35,1900,0,1.95,86.552,6.062,-4.244,0,7.4,1,0.094,0.126,0,0,0,0,1.95,7.4,12.442
7.35,hazard,0,0,0,25.276,20,35,1900,0,1.948,86.725,6.062,-4.244,0,7.4,1,0.101,0.105,0,0,0,0,1.95,7.4,12.442
7.358,hazard,0,0,0,25.284,20,35,1900,0,1.953,86.634,6.062,-4.244,0,7.4,1,0.082,0.085,0,0,0,0,1.95,7.4,12.442
7.367,hazard,0,0,0,25.291,20,35,1900,0,1.949,86.726,6.062,-4.244,0,7.4,1,0.114,0.082,0,0,0,0,1.95,7.4,12.442
7.375,hazard,0,0,0,25.299,20,35,1900,0,1.954,86.686,6.062,-4.244,0,7.4,1,0.109,0.081,0,0,0,0,1.95,7.4,12.442
7.383,hazard,0,0,0,25.306,20,35,1900,0,1.952,86.699,6.062,-4.244,0,7.4,1,0.109,0.063,0,0,0,0,1.95,7.4,12.442
7.392,hazard,0,0,0,25.314,20,35,1900,0,1.946,86.633,6.062,-4.244,0,7.4,1,0.087,0.062,0,0,0,0,1.95,7.4,12.442
7.4,hazard,0,0,0,25.322,20,35,1900,0,1.947,86.503,6.062,-4.244,0,7.4,1,0.1,0.055,0,0,0,0,1.95,7.4,12.442
7.408,hazard,0,0,0,25.33,20,35,1900,0,1.951,86.59,6.062,-4.244,0,7.4,1,0.107,0.068,0,0,0,0,1.95,7.4,12.442
7.417,hazard,0,0,0,25.338,20,35,1900,0,1.951,86.564,6.062,-4.244,0,7.4,1,0.087,0.076,0,0,0,0,1.95,7.4,12.442
7.425,hazard,0,0,0,25.346,20,35,1900,0,1.95,86.578,6.062,-4.244,0,7.4,1,0.087,0.061,0,0,0,0,1.95,7.4,12.442
7.433,hazard,0,0,0,25.354,20,35,1900,0,1.948,86.468,6.062,-4.244,0,7.4,1,0.095,0.053,0,0,0,0,1.95,7.4,12.442
7.442,hazard,0,0,0,25.363,20,35,1900,0,1.953,86.58,6.062,-4.244,0,7.4,1,0.086,0.071,0,0,0,0,1.95,7.4,12.442
7.45,hazard,0,0,0,25.371,20,35,1900,0,1.951,86.461,6.062,-4.244,0,7.4,1,0.094,0.05,0,0,0,0,1.95,7.4,12.442
7.458,hazard,0,0,0,25.379,20,35,1900,0,1.947,86.699,6.062,-4.244,0,7.4,1,0.092,0.071,0,0,0,0,1.95,7.4,12.442
7.467,hazard,0,0,0,25.388,20,35,1900,0,1.955,86.48,6.062,-4.244,0,7.4,1,0.109,0.057,0,0,0,0,1.95,7.4,12.442
7.475,hazard,0,0,0,25.397,20,35,1900,0,1.947,86.604,6.062,-4.244,0,7.4,1,0.111,0.056,0,0,0,0,1.95,7.4,12.442
7.483,hazard,0,0,0,25.405,20,35,1900,0,1.954,86.538,6.062,-4.244,0,7.4,1,0.091,0.063,0,0,0,0,1.95,7.4,12.442
7.492,hazard,0,0,0,25.414,20,35,1900,0,1.954,86.621,6.062,-4.244,0,7.4,1,0.088,0.073,0,0,0,0,1.95,7.4,12.442
7.5,hazard,0,0,0,25.423,20,35,1900,0,1.952,86.484,6.062,-4.244,0,7.4,1,0.108,0.064,0,0,0,0,1.95,7.4,12.442
7.508,hazard,0,0,0,25.432,20,35,1900,0,1.953,86.646,6.062,-4.244,0,7.4,1,0.116,0.051,0,0,0,0,1.95,7.4,12.442
7.517,hazard,0,0,0,25.441,20,35,1900,0,1.953,86.734,6.062,-4.244,0,7.4,1,0.098,0.057,0,0,0,0,1.95,7.4,12.442
7.525,hazard,0,0,0,25.45,20,35,1900,0,1.945,86.669,6.062,-4.244,0,7.4,1,0.104,0.065,0,0,0,0,1.95,7.4,12.442
7.533,hazard,0,0,0,25.46,20,35,1900,0,1.95,86.668,6.062,-4.244,0,7.4,1,0.085,0.061,0,0,0,0,1.95,7.4,12.442
7.542,hazard,0,0,0,25.469,20,35,1900,0,1.952,86.635,6.062,-4.244,0,7.4,1,0.101,0.075,0,0,0,0,1.95,7.4,12.442
7.55,hazard,0,0,0,25.479,20,35,1900,0,1.946,86.627,6.062,-4.244,0,7.4,1,0.104,0.069,0,0,0,0,1.95,7.4,12.442
7.558,hazard,0,0,0,25.488,20,35,1900,0,1.95,86.672,6.062,-4.244,0,7.4,1,0.092,0.078,0,0,0,0,1.95,7.4,12.442
7.567,hazard,0,0,0,25.498,20,35,1900,0,1.945,86.665,6.062,-4.244,0,7.4,1,0.105,0.078,0,0,0,0,1.95,7.4,12.442
7.575,hazard,0,0,0,25.507,20,35,1900,0,1.951,86.712,6.062,-4.244,0,7.4,1,0.084,0.077,0,0,0,0,1.95,7.4,12.442
7.583,hazard,0,0,0,25.517,20,35,1900,0,1.946,86.47,6.062,-4.244,0,7.4,1,0.104,0.062,0,0,0,0,1.95,7.4,12.442
7.592,hazard,0,0,0,25.527,20,35,1900,0,1.945,86.472,6.062,-4.244,0,7.4,1,0.103,0.072,0,0,0,0,1.95,7.4,12.442
7.6,hazard,0,0,0,25.537,20,35,1900,0,1.954,86.558,6.062,-4.244,0,7.4,1,0.101,0.067,0,0,0,0,1.95,7.4,12.442
7.608,hazard,0,0,0,25.547,20,35,1900,0,1.946,86.462,6.062,-4.244,0,7.4,1,0.106,0.071,0,0,0,0,1.95,7.4,12.442
7.617,hazard,0,0,0,25.557,20,35,1900,0,1.947,86.675,6.062,-4.244,0,7.4,1,0.08,0.072,0,0,0,0,1.95,7.4,12.442
7.625,hazard,0,0,0,25.567,20,35,1900,0,1.951,86.679,6.062,-4.244,0,7.4,1,0.093,0.064,0,0,0,0,1.95,7.4,12.442
7.633,hazard,0,0,0,25.578,20,35,1900,0,1.946,86.752,6.062,-4.244,0,7.4,1,0.091,0.071,0,0,0,0,1.95,7.4,12.442
7.642,hazard,0,0,0,25.588,20,35,1900,0,1.947,86.76,6.062,-4.244,0,7.4,1,0.101,0.07,0,0,0,0,1.95,7.4,12.442
7.65,hazard,0,0,0,25.598,20,35,1900,0,1.949,86.469,6.062,-4.244,0,7.4,1,0.111,0.08,0,0,0,0,1.95,7.4,12.442
7.658,hazard,0,0,0,25.609,20,35,1900,0,1.949,86.545,6.062,-4.244,0,7.4,1,0.084,0.063,0,0,0,0,1.95,7.4,12.442
7.667,hazard,0,0,0,25.62,20,35,1900,0,1.954,86.683,6.062,-4.244,0,7.4,1,0.098,0.052,0,0,0,0,1.95,7.4,12.442
7.675,hazard,0,0,0,25.63,20,35,1900,0,1.952,86.743,6.062,-4.244,0,7.4,1,0.119,0.061,0,0,0,0,1.95,7.4,12.442
7.683,hazard,0,0,0,25.641,20,35,1900,0,1.949,86.611,6.062,-4.244,0,7.4,1,0.08,0.072,0,0,0,0,1.95,7.4,12.442
7.692,hazard,0,0,0,25.652,20,35,1900,0,1.946,86.563,6.062,-4.244,0,7.4,1,0.089,0.07,0,0,0,0,1.95,7.4,12.442
7.7,hazard,0,0,0,25.663,20,35,1900,0,1.948,86.614,6.062,-4.244,0,7.4,1,0.09,0.075,0,0,0,0,1.95,7.4,12.442
7.708,hazard,0,0,0,25.674,20,35,1900,0,1.952,86.592,6.062,-4.244,0,7.4,1,0.084,0.069,0,0,0,0,1.95,7.4,12.442
7.717,hazard,0,0,0,25.685,20,35,1900,0,1.945,86.56,6.062,-4.244,0,7.4,1,0.094,0.059,0,0,0,0,1.95,7.4,12.442
7.725,hazard,0,0,0,25.696,20,35,1900,0,1.955,86.508,6.062,-4.244,0,7.4,1,0.085,0.056,0,0,0,0,1.95,7.4,12.442
7.733,hazard,0,0,0,25.707,20,35,1900,0,1.948,86.726,6.062,-4.244,0,7.4,1,0.094,0.062,0,0,0,0,1.95,7.4,12.442
7.742,hazard,0,0,0,25.719,20,35,1900,0,1.949,86.702,6.062,-4.244,0,7.4,1,0.116,0.051,0,0,0,0,1.95,7.4,12.442
7.75,hazard,0,0,0,25.73,20,35,1900,0,1.951,86.65,6.062,-4.244,0,7.4,1,0.082,0.051,0,0,0,0,1.95,7.4,12.442
7.758,hazard,0,0,0,25.742,20,35,1900,0,1.952,86.673,6.062,-4.244,0,7.4,1,0.086,0.054,0,0,0,0,1.95,7.4,12.442
7.767,hazard,0,0,0,25.753,20,35,1900,0,1.947,86.597,6.062,-4.244,0,7.4,1,0.09,0.058,0,0,0,0,1.95,7.4,12.442
7.775,hazard,0,0,0,25.765,20,35,1900,0,1.952,86.572,6.062,-4.244,0,7.4,1,0.107,0.061,0,0,0,0,1.95,7.4,12.442
7.783,hazard,0,0,0,25.776,20,35,1900,0,1.95,86.751,6.062,-4.244,0,7.4,1,0.12,0.078,0,0,0,0,1.95,7.4,12.442
7.792,hazard,0,0,0,25.788,20,35,1900,0,1.954,86.651,6.062,-4.244,0,7.4,1,0.118,0.06,0,0,0,0,1.95,7.4,12.442
7.8,hazard,0,0,0,25.8,20,35,1900,0,1.949,86.664,6.062,-4.244,0,7.4,1,0.109,0.051,0,0,0,0,1.95,7.4,12.442
7.808,hazard,0,0,0,25.812,20,35,1900,0,1.95,86.767,6.062,-4.244,0,7.4,1,0.087,0.061,0,0,0,0,1.95,7.4,12.442
7.817,hazard,0,0,0,25.824,20,35,1900,0,1.951,86.565,6.062,-4.244,0,7.4,1,0.086,0.072,0,0,0,0,1.95,7.4,12.442
7.825,hazard,0,0,0,25.836,20,35,1900,0,1.949,86.543,6.062,-4.244,0,7.4,1,0.105,0.068,0,0,0,0,1.95,7.4,12.442
7.833,hazard,0,0,0,25.848,20,35,1900,0,1.952,86.651,6.062,-4.244,0,7.4,1,0.114,0.052,0,0,0,0,1.95,7.4,12.442
7.842,hazard,0,0,0,25.86,20,35,1900,0,1.952,86.499,6.062,-4.244,0,7.4,1,0.087,0.054,0,0,0,0,1.95,7.4,12.442
7.85,hazard,0,0,0,25.873,20,35,1900,0,1.955,86.739,6.062,-4.244,0,7.4,1,0.092,0.055,0,0,0,0,1.95,7.4,12.442
7.858,hazard,0,0,0,25.885,20,35,1900,0,1.946,86.687,6.062,-4.244,0,7.4,1,0.115,0.051,0,0,0,0,1.95,7.4,12.442
7.867,hazard,0,0,0,25.898,20,35,1900,0,1.953,86.693,6.062,-4.244,0,7.4,1,0.091,0.073,0,0,0,0,1.95,7.4,12.442
7.875,hazard,0,0,0,25.91,20,35,1900,0,1.946,86.674,6.062,-4.244,0,7.4,1,0.085,0.07,0,0,0,0,1.95,7.4,12.442
7.883,hazard,0,0,0,25.923,20,35,1900,0,1.952,86.613,6.062,-4.244,0,7.4,1,0.105,0.078,0,0,0,0,1.95,7.4,12.442
7.892,hazard,0,0,0,25.935,20,35,1900,0,1.953,86.618,6.062,-4.244,0,7.4,1,0.096,0.073,0,0,0,0,1.95,7.4,12.442
7.9,hazard,0,0,0,25.948,20,35,1900,0,1.945,86.483,6.062,-4.244,0,7.4,1,0.097,0.075,0,0,0,0,1.95,7.4,12.442
7.908,hazard,0,0,0,25.961,20,35,1900,0,1.953,86.616,6.062,-4.244,0,7.4,1,0.08,0.075,0,0,0,0,1.95,7.4,12.442
7.917,hazard,0,0,0,25.974,20,35,1900,0,1.953,86.564,6.062,-4.244,0,7.4,1,0.101,0.053,0,0,0,0,1.95,7.4,12.442
7.925,hazard,0,0,0,25.987,20,35,1900,0,1.947,86.52,6.062,-4.244,0,7.4,1,0.094,0.053,0,0,0,0,1.95,7.4,12.442
7.933,hazard,0,0,0,26,20,35,1900,0,1.946,86.524,6.062,-4.244,0,7.4,1,0.084,0.066,0,0,0,0,1.95,7.4,12.442
7.942,hazard,0,0,0,26.013,20,35,1900,0,1.95,86.694,6.062,-4.244,0,7.4,1,0.084,0.072,0,0,0,0,1.95,7.4,12.442
7.95,hazard,0,0,0,26.026,20,35,1900,0,1.955,86.707,6.062,-4.244,0,7.4,1,0.085,0.072,0,0,0,0,1.95,7.4,12.442
7.958,hazard,0,0,0,26.039,20,35,1900,0,1.95,86.6,6.062,-4.244,0,7.4,1,0.118,0.076,0,0,0,0,1.95,7.4,12.442
7.967,hazard,0,0,0,26.052,20,35,1900,0,1.951,86.753,6.062,-4.244,0,7.4,1,0.096,0.056,0,0,0,0,1.95,7.4,12.442
7.975,hazard,0,0,0,26.066,20,35,1900,0,1.953,86.761,6.062,-4.244,0,7.4,1,0.118,0.058,0,0,0,0,1.95,7.4,12.442
7.983,hazard,0,0,0,26.079,20,35,1900,0,1.952,86.76,6.062,-4.244,0,7.4,1,0.101,0.05,0,0,0,0,1.95,7.4,12.442
7.992,hazard,0,0,0,26.093,20,35,1900,0,1.947,86.512,6.062,-4.244,0,7.4,1,0.089,0.058,0,0,0,0,1.95,7.4,12.442
8,hazard,0,0,0,26.106,20,35,1900,0,1.952,86.764,6.062,-4.244,0,7.4,1,0.087,0.076,0,0,0,0,1.95,7.4,12.442
8.008,hazard,0,0,0.006,26.12,20,35,1900,0,1.948,86.773,6.062,-4.244,0,7.4,1,0.937,0.073,0,0,0,0.006,1.95,7.4,12.442
8.017,hazard,0,0,0.019,26.133,20,35,1900,0,1.954,86.718,6.062,-4.244,0,7.4,1,0.948,0.07,0,0,0,0.019,1.95,7.4,12.441
8.025,hazard,0,0,0.037,26.147,20,35,1900,0,1.95,86.711,6.062,-4.244,0,7.4,1,0.934,0.064,0,0,0,0.037,1.95,7.4,12.44
8.033,hazard,0,0,0.062,26.161,20,35,1900,0,1.953,86.64,6.062,-4.244,0,7.4,1,0.954,0.066,0,0,0,0.062,1.95,7.4,12.438
8.042,hazard,0,0,0.094,26.175,20,35,1900,0,1.946,86.542,6.062,-4.244,0,7.4,1,0.942,0.077,0,0,0,0.094,1.95,7.4,12.436
8.05,hazard,0,0,0.131,26.189,20,35,1900,0,1.951,86.695,6.062,-4.244,0,7.4,1,0.949,0.078,0,0,0,0.131,1.95,7.4,12.434
8.058,hazard,0,0,0.175,26.203,20,35,1900,0,1.951,86.532,6.062,-4.244,0,7.4,1,0.952,0.075,0,0,0,0.175,1.95,7.4,12.431
8.067,hazard,0,0,0.225,26.217,20,35,1900,0,1.952,86.653,6.062,-4.244,0,7.4,1,0.945,0.078,0,0,0,0.225,1.95,7.4,12.428
8.075,hazard,0,0,0.281,26.231,20,35,1900,0,1.949,86.691,6.062,-4.244,0,7.4,1,0.933,0.074,0,0,0,0.281,1.95,7.4,12.425
8.083,hazard,0,0,0.344,26.245,20,35,1900,0,1.952,86.579,6.062,-4.244,0,7.4,1,0.952,0.061,0,0,0,0.344,1.95,7.4,12.421
8.092,hazard,0,0,0.412,26.259,20,35,1900,0,1.945,86.623,6.062,-4.244,0,7.4,1,0.943,0.078,0,0,0,0.412,1.95,7.4,12.416
8.1,hazard,0,0,0.487,26.274,20,35,1900,0,1.949,86.598,6.062,-4.244,0,7.4,1,0.934,0.066,0,0,0,0.487,1.95,7.4,12.412
8.108,hazard,0,0,0.569,26.288,20,35,1900,0,1.955,86.57,6.062,-4.244,0,7.4,1,0.962,0.059,0,0,0,0.569,1.95,7.4,12.406
8.117,hazard,0,0,0.656,26.302,20,35,1900,0,1.951,86.729,6.062,-4.244,0,7.4,1,0.956,0.07,0,0,0,0.656,1.95,7.4,12.401
8.125,hazard,0,0,0.75,26.317,20,35,1900,0,1.947,86.722,6.062,-4.244,0,7.4,1,0.938,0.058,0,0,0,0.75,1.95,7.4,12.395
8.133,hazard,0,0,0.85,26.331,20,35,1900,0,1.952,86.562,6.062,-4.244,0,7.4,1,0.943,0.079,0,0,0,0.85,1.95,7.4,12.389
8.142,hazard,0,0,0.956,26.346,20,35,1900,0,1.949,86.595,6.062,-4.244,0,7.4,1,0.952,0.061,0,0,0,0.956,1.95,7.4,12.382
8.15,hazard,0,0,1.069,26.36,20,35,1900,0,1.948,86.584,6.062,-4.244,0,7.4,1,0.94,0.052,0,0,0,1.069,1.95,7.4,12.375
8.158,hazard,0,0,1.187,26.375,20,35,1900,0,1.955,86.584,6.062,-4.244,0,7.4,1,0.948,0.051,0,0,0,1.187,1.95,7.4,12.367
8.167,hazard,0,0,1.312,26.39,20,35,1900,0,1.95,86.687,6.062,-4.244,0,7.4,1,0.969,0.069,0,0,0,1.312,1.95,7.4,12.359
8.175,hazard,0,0,1.444,26.405,20,35,1900,0,1.952,86.765,6.062,-4.244,0,7.4,1,0.933,0.06,0,0,0,1.444,1.95,7.4,12.351
8.183,hazard,0,0,1.581,26.42,20,35,1900,0,1.955,86.646,6.062,-4.244,0,7.4,1,0.938,0.078,0,0,0,1.581,1.95,7.4,12.342
8.192,hazard,0,0,1.725,26.434,20,35,1900,0,1.95,86.689,6.062,-4.244,0,7.4,1,0.952,0.05,0,0,0,1.725,1.95,7.4,12.333
8.2,hazard,0,0,1.875,26.449,20,35,1900,0,1.95,86.744,6.062,-4.244,0,7.4,1,0.963,0.072,0,0,0,1.875,1.95,7.4,12.323
8.208,hazard,0,0,2.031,26.464,20,35,1900,0,1.947,86.793,6.062,-4.244,0,7.4,1,0.938,0.071,0,0,0,2.031,1.95,7.4,12.313
8.217,hazard,0,0,2.194,26.479,20,35,1900,0,1.948,86.776,6.062,-4.244,0,7.4,1,0.956,0.059,0,0,0,2.194,1.95,7.4,12.302
8.225,hazard,0,0,2.362,26.495,20,35,1900,0,1.95,86.617,6.062,-4.244,0,7.4,1,0.944,0.059,0,0,0,2.362,1.95,7.4,12.291
8.233,hazard,0,0,2.537,26.51,20,35,1900,0,1.947,86.731,6.062,-4.244,0,7.4,1,0.953,0.067,0,0,0,2.537,1.95,7.4,12.28
8.242,hazard,0,0,2.719,26.525,20,35,1900,0,1.955,86.629,6.062,-4.244,0,7.4,1,0.958,0.076,0,0,0,2.719,1.95,7.4,12.268
8.25,hazard,0,0,2.906,26.54,20,35,1900,0,1.946,86.572,6.062,-4.244,0,7.4,1,0.964,0.052,0,0,0,2.906,1.95,7.4,12.256
8.258,hazard,0,0,3.1,26.556,20,35,1900,0,1.95,86.608,6.062,-4.244,0,7.4,1,0.96,0.069,0,0,0,3.1,1.95,7.4,12.243
8.267,hazard,0,0,3.3,26.571,20,35,1900,0,1.951,86.62,6.062,-4.244,0,7.4,1,0.955,0.054,0,0,0,3.3,1.95,7.4,12.23
8.275,hazard,0,0,3.506,26.586,20,35,1900,0,1.946,86.609,6.062,-4.244,0,7.4,1,0.946,0.072,0,0,0,3.506,1.95,7.4,12.216
8.283,hazard,0,0,3.719,26.602,20,35,1900,0,1.951,86.69,6.062,-4.244,0,7.4,1,0.963,0.062,0,0,0,3.719,1.95,7.4,12.202
8.292,hazard,0,0,3.937,26.617,20,35,1900,0,1.946,86.715,6.062,-4.244,0,7.4,1,0.955,0.072,0,0,0,3.937,1.95,7.4,12.187
8.3,hazard,0,0,4.162,26.633,20,35,1900,0,1.953,86.592,6.062,-4.244,0,7.4,1,0.968,0.074,0,0,0,4.162,1.95,7.4,12.172
8.308,hazard,0,0,4.394,26.648,20,35,1900,0,1.947,86.553,6.062,-4.244,0,7.4,1,0.942,0.072,0,0,0,4.394,1.95,7.4,12.157
8.317,hazard,0,0,4.631,26.664,20,35,1900,0,1.948,86.735,6.062,-4.244,0,7.4,1,0.968,0.064,0,0,0,4.631,1.95,7.4,12.141
8.325,hazard,0,0,4.875,26.68,20,35,1900,0,1.947,86.651,6.062,-4.244,0,7.4,1,0.955,0.054,0,0,0,4.875,1.95,7.4,12.124
8.333,hazard,0,0,5.125,26.696,20,35,1900,0,1.952,86.527,6.062,-4.244,0,7.4,1,0.93,0.055,0,0,0,5.125,1.95,7.4,12.107
8.342,hazard,0,0,5.381,26.711,20,35,1900,0,1.946,86.722,6.062,-4.244,0,7.4,1,0.945,0.056,0,0,0,5.381,1.95,7.4,12.09
8.35,hazard,0,0,5.644,26.727,20,35,1900,0,1.954,86.681,6.062,-4.244,0,7.4,1,0.945,0.062,0,0,0,5.644,1.95,7.4,12.072
8.358,hazard,0,0,5.912,26.743,20,35,1900,0,1.952,86.526,6.062,-4.244,0,7.4,1,0.961,0.062,0,0,0,5.912,1.95,7.4,12.054
8.367,hazard,0,0,6.187,26.759,20,35,1900,0,1.952,86.818,6.062,-4.244,0,7.4,1,0.94,0.073,0,0,0,6.187,1.95,7.4,12.035
8.375,hazard,0,0,6.469,26.775,20,35,1900,0,1.952,86.54,6.062,-4.244,0,7.4,1,0.953,0.076,0,0,0,6.469,1.95,7.4,12.015
8.383,hazard,0,0,6.752,26.791,20,35,1900,0,1.946,86.762,6.062,-4.244,0,7.4,1,0.938,0.055,0,0,0,6.752,1.95,7.4,11.995
8.392,hazard,0,0,7.035,26.807,20,35,1900,0,1.95,86.749,6.062,-4.244,0,7.4,1,0.938,0.066,0,0,0,7.035,1.95,7.4,11.976
8.4,hazard,0,0,7.319,26.823,20,35,1900,0,1.948,86.673,6.062,-4.244,0,7.4,1,0.966,0.069,0,0,0,7.319,1.95,7.4,11.956
8.408,hazard,0,0,7.602,26.839,20,35,1900,0,1.946,86.525,6.062,-4.244,0,7.4,1,0.94,0.063,0,0,0,7.602,1.95,7.4,11.936
8.417,hazard,0,0,7.885,26.855,20,35,1900,0,1.954,86.548,6.062,-4.244,0,7.4,1,0.933,0.057,0,0,0,7.885,1.95,7.4,11.916
8.425,hazard,0,0,8.169,26.871,20,35,1900,0,1.951,86.754,6.062,-4.244,0,7.4,1,0.952,0.051,0,0,0,8.169,1.95,7.4,11.896
8.433,hazard,0,0,8.452,26.888,20,35,1900,0,1.952,86.638,6.062,-4.244,0,7.4,1,0.936,0.073,0,0,0,8.452,1.95,7.4,11.876
8.442,hazard,0,0,8.735,26.904,20,35,1900,0,1.952,86.765,6.062,-4.244,0,7.4,1,0.966,0.071,0,0,0,8.735,1.95,7.4,11.855
8.45,hazard,0,0,9.019,26.92,20,35,1900,0,1.951,86.673,6.062,-4.244,0,7.4,1,0.95,0.079,0,0,0,9.019,1.95,7.4,11.835
8.458,hazard,0,0,9.302,26.937,20,35,1900,0,1.948,86.593,6.062,-4.244,0,7.4,1,0.95,0.069,0,0,0,9.302,1.95,7.4,11.815
8.467,hazard,0,0,9.585,26.953,20,35,1900,0,1.954,86.767,6.062,-4.244,0,7.4,1,0.943,0.066,0,0,0,9.585,1.95,7.4,11.794
8.475,hazard,0,0,9.869,26.969,20,35,1900,0,1.945,86.565,6.062,-4.244,0,7.4,1,0.963,0.05,0,0,0,9.869,1.95,7.4,11.773
8.483,hazard,0,0,10.152,26.986,20,35,1900,0,1.946,86.759,6.062,-4.244,0,7.4,1,0.967,0.055,0,0,0,10.152,1.95,7.4,11.753
8.492,hazard,0,0,10.435,27.002,20,35,1900,0,1.955,86.71,6.062,-4.244,0,7.4,1,0.946,0.074,0,0,0,10.435,1.95,7.4,11.732
8.5,hazard,0,0,10.719,27.019,20,35,1900,0,1.945,86.565,6.062,-4.244,0,7.4,1,0.95,0.052,0,0,0,10.719,1.95,7.4,11.711
8.508,hazard,0,0,11.002,27.035,20,35,1900,0,1.954,86.63,6.062,-4.244,0,7.4,1,0.94,0.076,0,0,0,11.002,1.95,7.4,11.69
8.517,hazard,0,0,11.285,27.052,20,35,1900,0,1.953,86.564,6.062,-4.244,0,7.4,1,0.941,0.059,0,0,0,11.285,1.95,7.4,11.669
8.525,hazard,0,0,11.569,27.069,20,35,1900,0,1.947,86.629,6.062,-4.244,0,7.4,1,0.94,0.053,0,0,0,11.569,1.95,7.4,11.648
8.533,hazard,0,0,11.852,27.085,20,35,1900,0,1.947,86.761,6.062,-4.244,0,7.4,1,0.955,0.063,0,0,0,11.852,1.95,7.4,11.627
8.542,hazard,0,0,12.135,27.102,20,35,1900,0,1.954,86.745,6.062,-4.244,0,7.4,1,0.962,0.065,0,0,0,12.135,1.95,7.4,11.606
8.55,hazard,0,0,12.419,27.119,20,35,1900,0,1.946,86.757,6.062,-4.244,0,7.4,1,0.935,0.057,0,0,0,12.419,1.95,7.4,11.585
8.558,hazard,0,0,12.702,27.135,20,35,1900,0,1.946,86.688,6.062,-4.244,0,7.4,1,0.942,0.069,0,0,0,12.702,1.95,7.4,11.563
8.567,hazard,0,0,12.985,27.152,20,35,1900,0,1.948,86.776,6.062,-4.244,0,7.4,1,0.947,0.054,0,0,0,12.985,1.95,7.4,11.542
8.575,hazard,0,0,13.269,27.169,20,35,1900,0,1.946,86.744,6.062,-4.244,0,7.4,1,0.943,0.053,0,0,0,13.269,1.95,7.4,11.52
8.583,hazard,0,0,13.552,27.186,20,35,1900,0,1.953,86.753,6.062,-4.244,0,7.4,1,0.934,0.056,0,0,0,13.552,1.95,7.4,11.499
8.592,hazard,0,0,13.835,27.203,20,35,1900,0,1.95,86.806,6.062,-4.244,0,7.4,1,0.936,0.071,0,0,0,13.835,1.95,7.4,11.477
8.6,hazard,0,0,14.119,27.22,20,35,1900,0,1.947,86.753,6.062,-4.244,0,7.4,1,0.931,0.055,0,0,0,14.119,1.95,7.4,11.455
8.608,hazard,0,0,14.402,27.236,20,35,1900,0,1.948,86.708,6.062,-4.244,0,7.4,1,0.961,0.061,0,0,0,14.402,1.95,7.4,11.433
8.617,hazard,0,0,14.685,27.253,20,35,1900,0,1.945,86.82,6.062,-4.244,0,7.4,1,0.931,0.061,0,0,0,14.685,1.95,7.4,11.411
8.625,hazard,0,0,14.969,27.27,20,35,1900,0,1.948,86.573,6.062,-4.244,0,7.4,1,0.968,0.065,0,0,0,14.969,1.95,7.4,11.389
8.633,hazard,0,0,15.252,27.287,20,35,1900,0,1.953,86.827,6.062,-4.244,0,7.4,1,0.964,0.059,0,0,0,15.252,1.95,7.4,11.367
8.642,hazard,0,0,15.535,27.304,20,35,1900,0,1.947,86.779,6.062,-4.244,0,7.4,1,0.95,0.051,0,0,0,15.535,1.95,7.4,11.345
8.65,hazard,0,0,15.819,27.321,20,35,1900,0,1.953,86.75,6.062,-4.244,0,7.4,1,0.961,0.06,0,0,0,15.819,1.95,7.4,11.323
8.658,hazard,0,0,16.102,27.338,20,35,1900,0,1.946,86.568,6.062,-4.244,0,7.4,1,0.933,0.076,0,0,0,16.102,1.95,7.4,11.301
8.667,hazard,0,0,16.385,27.356,20,35,1900,0,1.953,86.749,6.062,-4.244,0,7.4,1,0.959,0.078,0,0,0,16.385,1.95,7.4,11.278
8.675,hazard,0,0,16.669,27.373,20,35,1900,0,1.947,86.831,6.062,-4.244,0,7.4,1,0.939,0.079,0,0,0,16.669,1.95,7.4,11.256
8.683,hazard,0,0,16.952,27.39,20,35,1900,0,1.948,86.652,6.062,-4.244,0,7.4,1,0.961,0.066,0,0,0,16.952,1.95,7.4,11.233
8.692,hazard,0,0,17.235,27.407,20,35,1900,0,1.951,86.551,6.062,-4.244,0,7.4,1,0.964,0.077,0,0,0,17.235,1.95,7.4,11.211
8.7,hazard,0,0,17.519,27.424,20,35,1900,0,1.951,86.621,6.062,-4.244,0,7.4,1,0.969,0.051,0,0,0,17.519,1.95,7.4,11.188
8.708,hazard,0,0,17.802,27.441,20,35,1900,0,1.948,86.782,6.062,-4.244,0,7.4,1,0.954,0.055,0,0,0,17.802,1.95,7.4,11.165
8.717,hazard,0,0,18.085,27.458,20,35,1900,0,1.946,86.814,6.062,-4.244,0,7.4,1,0.961,0.072,0,0,0,18.085,1.95,7.4,11.142
8.725,hazard,0,0,18.369,27.476,20,35,1900,0,1.947,86.642,6.062,-4.244,0,7.4,1,0.954,0.062,0,0,0,18.369,1.95,7.4,11.119
8.733,hazard,0,0,18.652,27.493,20,35,1900,0,1.947,86.842,6.062,-4.244,0,7.4,1,0.95,0.071,0,0,0,18.652,1.95,7.4,11.096
8.742,hazard,0,0,18.935,27.51,20,35,1900,0,1.946,86.736,6.062,-4.244,0,7.4,1,0.957,0.059,0,0,0,18.935,1.95,7.4,11.073
8.75,hazard,0,0,19.219,27.527,20,35,1900,0,1.949,86.724,6.062,-4.244,0,7.4,1,0.951,0.072,0,0,0,19.219,1.95,7.4,11.05
8.758,hazard,0,0,19.502,27.545,20,35,1900,0,1.951,86.566,6.062,-4.244,0,7.4,1,0.944,0.061,0,0,0,19.502,1.95,7.4,11.027
8.767,hazard,0,0,19.785,27.562,20,35,1900,0,1.952,86.576,6.062,-4.244,0,7.4,1,0.937,0.056,0,0,0,19.785,1.95,7.4,11.004
8.775,hazard,0,0,20.069,27.579,20,35,1900,0,1.946,86.764,6.062,-4.244,0,7.4,1,0.961,0.053,0,0,0,20.069,1.95,7.4,10.98
8.783,hazard,0,0,20.352,27.597,20,35,1900,0,1.951,86.733,6.062,-4.244,0,7.4,1,0.945,0.058,0,0,0,20.352,1.95,7.4,10.957
8.792,hazard,0,0,20.635,27.614,20,35,1900,0,1.95,86.682,6.062,-4.244,0,7.4,1,0.934,0.069,0,0,0,20.635,1.95,7.4,10.933
8.8,hazard,0,0,20.919,27.631,20,35,1900,0,1.952,86.701,6.062,-4.244,0,7.4,1,0.935,0.067,0,0,0,20.919,1.95,7.4,10.91
8.808,hazard,0,0,21.202,27.649,20,35,1900,0,1.951,86.782,6.062,-4.244,0,7.4,1,0.931,0.064,0,0,0,21.202,1.95,7.4,10.886
8.817,hazard,0,0,21.485,27.666,20,35,1900,0,1.951,86.793,6.062,-4.244,0,7.4,1,0.958,0.067,0,0,0,21.485,1.95,7.4,10.862
8.825,hazard,0,0,21.769,27.684,20,35,1900,0,1.953,86.837,6.062,-4.244,0,7.4,1,0.941,0.075,0,0,0,21.769,1.95,7.4,10.838
8.833,hazard,0,0,22.052,27.701,20,35,1900,0,1.948,86.849,6.062,-4.244,0,7.4,1,0.96,0.073,0,0,0,22.052,1.95,7.4,10.814
8.842,hazard,0,0,22.335,27.718,20,35,1900,0,1.949,86.758,6.062,-4.244,0,7.4,1,0.936,0.06,0,0,0,22.335,1.95,7.4,10.79
8.85,hazard,0,0,22.619,27.736,20,35,1900,0,1.952,86.715,6.062,-4.244,0,7.4,1,0.958,0.079,0,0,0,22.619,1.95,7.4,10.766
8.858,hazard,0,0,22.902,27.753,20,35,1900,0,1.949,86.801,6.062,-4.244,0,7.4,1,0.937,0.065,0,0,0,22.902,1.95,7.4,10.742
8.867,hazard,0,0,23.185,27.771,20,35,1900,0,1.951,86.582,6.062,-4.244,0,7.4,1,0.941,0.071,0,0,0,23.185,1.95,7.4,10.718
8.875,hazard,0,0,23.469,27.788,20,35,1900,0,1.948,86.827,6.062,-4.244,0,7.4,1,0.93,0.07,0,0,0,23.469,1.95,7.4,10.694
8.883,hazard,0,0,23.752,27.806,20,35,1900,0,1.948,86.742,6.062,-4.244,0,7.4,1,0.94,0.063,0,0,0,23.752,1.95,7.4,10.669
8.892,hazard,0,0,24.035,27.823,20,35,1900,0,1.946,86.617,6.062,-4.244,0,7.4,1,0.932,0.079,0,0,0,24.035,1.95,7.4,10.645
8.9,hazard,0,0,24.319,27.841,20,35,1900,0,1.953,86.813,6.062,-4.244,0,7.4,1,0.936,0.054,0,0,0,24.319,1.95,7.4,10.621
8.908,hazard,0,0,24.602,27.858,20,35,1900,0,1.949,86.797,6.062,-4.244,0,7.4,1,0.932,0.054,0,0,0,24.602,1.95,7.4,10.596
8.917,hazard,0,0,24.885,27.875,20,35,1900,0,1.95,86.696,6.062,-4.244,0,7.4,1,0.935,0.068,0,0,0,24.885,1.95,7.4,10.571
8.925,hazard,0,0,25.169,27.893,20,35,1900,0,1.946,86.566,6.062,-4.244,0,7.4,1,0.936,0.077,0,0,0,25.169,1.95,7.4,10.547
8.933,hazard,0,0,25.452,27.91,20,35,1900,0,1.949,86.687,6.062,-4.244,0,7.4,1,0.968,0.059,0,0,0,25.452,1.95,7.4,10.522
8.942,hazard,0,0,25.735,27.928,20,35,1900,0,1.948,86.744,6.062,-4.244,0,7.4,1,0.952,0.058,0,0,0,25.735,1.95,7.4,10.497
8.95,hazard,0,0,26.019,27.945,20,35,1900,0,1.952,86.666,6.062,-4.244,0,7.4,1,0.962,0.059,0,0,0,26.019,1.95,7.4,10.472
8.958,hazard,0,0,26.302,27.963,20,35,1900,0,1.95,86.663,6.062,-4.244,0,7.4,1,0.954,0.078,0,0,0,26.302,1.95,7.4,10.447
8.967,hazard,0,0,26.585,27.98,20,35,1900,0,1.949,86.749,6.062,-4.244,0,7.4,1,0.931,0.078,0,0,0,26.585,1.95,7.4,10.422
8.975,hazard,0,0,26.869,27.998,20,35,1900,0,1.948,86.685,6.062,-4.244,0,7.4,1,0.947,0.054,0,0,0,26.869,1.95,7.4,10.397
8.983,hazard,0,0,27.152,28.015,20,35,1900,0,1.948,86.726,6.062,-4.244,0,7.4,1,0.949,0.075,0,0,0,27.152,1.95,7.4,10.372
8.992,hazard,0,0,27.435,28.033,20,35,1900,0,1.953,86.786,6.062,-4.244,0,7.4,1,0.952,0.067,0,0,0,27.435,1.95,7.4,10.346
9,hazard,0,0,27.719,28.05,20,35,1900,0,1.952,86.739,6.062,-4.244,0,7.4,1,0.961,0.073,0,0,0,27.719,1.95,7.4,10.321
9.008,hazard,0,0,28.002,28.068,20,35,1900,0,1.952,86.756,6.062,-4.244,0,7.4,1,0.951,0.055,0,0,0,28.002,1.95,7.4,10.296
9.017,hazard,0,0,28.285,28.085,20,35,1900,0,1.95,86.823,6.062,-4.244,0,7.4,1,0.963,0.056,0,0,0,28.285,1.95,7.4,10.27
9.025,hazard,0,0,28.569,28.103,20,35,1900,0,1.954,86.797,6.062,-4.244,0,7.4,1,0.962,0.051,0,0,0,28.569,1.95,7.4,10.244
9.033,hazard,0,0,28.852,28.12,20,35,1900,0,1.947,86.735,6.062,-4.244,0,7.4,1,0.943,0.057,0,0,0,28.852,1.95,7.4,10.219
9.042,hazard,0,0,29.135,28.138,20,35,1900,0,1.948,86.624,6.062,-4.244,0,7.4,1,0.962,0.076,0,0,0,29.135,1.95,7.4,10.193
9.05,hazard,0,0,29.419,28.155,20,35,1900,0,1.947,86.607,6.062,-4.244,0,7.4,1,0.955,0.074,0,0,0,29.419,1.95,7.4,10.167
9.058,hazard,0,0,29.702,28.173,20,35,1900,0,1.947,86.665,6.062,-4.244,0,7.4,1,0.951,0.059,0,0,0,29.702,1.95,7.4,10.141
9.067,hazard,0,0,29.985,28.19,20,35,1900,0,1.954,86.842,6.062,-4.244,0,7.4,1,0.952,0.071,0,0,0,29.985,1.95,7.4,10.116
9.075,hazard,0,0,30.269,28.208,20,35,1900,0,1.948,86.594,6.062,-4.244,0,7.4,1,0.955,0.074,0,0,0,30.269,1.95,7.4,10.09
9.083,hazard,0,0,30.552,28.225,20,35,1900,0,1.954,86.732,6.062,-4.244,0,7.4,1,0.937,0.057,0,0,0,30.552,1.95,7.4,10.063
9.092,hazard,0,0,30.835,28.243,20,35,1900,0,1.947,86.838,6.062,-4.244,0,7.4,1,0.943,0.054,0,0,0,30.835,1.95,7.4,10.037
9.1,hazard,0,0,31.119,28.26,20,35,1900,0,1.947,86.823,6.062,-4.244,0,7.4,1,0.969,0.057,0,0,0,31.119,1.95,7.4,10.011
9.108,hazard,0,0,31.402,28.278,20,35,1900,0,1.948,86.639,6.062,-4.244,0,7.4,1,0.942,0.071,0,0,0,31.402,1.95,7.4,9.985
9.117,hazard,0,0,31.685,28.295,20,35,1900,0,1.952,86.755,6.062,-4.244,0,7.4,1,0.95,0.077,0,0,0,31.685,1.95,7.4,9.959
9.125,hazard,0,0,31.969,28.312,20,35,1900,0,1.951,86.82,6.062,-4.244,0,7.4,1,0.958,0.076,0,0,0,31.969,1.95,7.4,9.932
9.133,hazard,0,0,32.252,28.33,20,35,1900,0,1.953,86.696,6.062,-4.244,0,7.4,1,0.965,0.062,0,0,0,32.252,1.95,7.4,9.906
9.142,hazard,0,0,32.535,28.347,20,35,1900,0,1.95,86.628,6.062,-4.244,0,7.4,1,0.959,0.069,0,0,0,32.535,1.95,7.4,9.879
9.15,hazard,0,0,32.819,28.365,20,35,1900,0,1.952,86.836,6.062,-4.244,0,7.4,1,0.953,0.075,0,0,0,32.819,1.95,7.4,9.853
9.158,hazard,0,0,33.102,28.382,20,35,1900,0,1.946,86.59,6.062,-4.244,0,7.4,1,0.934,0.067,0,0,0,33.102,1.95,7.4,9.826
9.167,hazard,0,0,33.385,28.399,20,35,1900,0,1.953,86.857,6.062,-4.244,0,7.4,1,0.966,0.063,0,0,0,33.385,1.95,7.4,9.799
9.175,hazard,0,0,33.669,28.417,20,35,1900,0,1.953,86.81,6.062,-4.244,0,7.4,1,0.96,0.053,0,0,0,33.669,1.95,7.4,9.772
9.183,hazard,0,0,33.952,28.434,20,35,1900,0,1.948,86.731,6.062,-4.244,0,7.4,1,0.964,0.072,0,0,0,33.952,1.95,7.4,9.745
9.192,hazard,0,0,34.235,28.451,20,35,1900,0,1.952,86.771,6.062,-4.244,0,7.4,1,0.951,0.067,0,0,0,34.235,1.95,7.4,9.718
9.2,hazard,0,0,34.519,28.469,20,35,1900,0,1.947,86.796,6.062,-4.244,0,7.4,1,0.938,0.064,0,0,0,34.519,1.95,7.4,9.691
9.208,intervention,0,0,34.787,28.486,20,35,1900,0,1.948,86.857,6.062,-4.244,0,7.4,1,0.959,0.08,0,1,0,34.802,1.95,7.4,9.664
9.217,intervention,0,0,35.04,28.503,20,35,1900,0,1.947,86.748,6.062,-4.244,0,7.4,1,0.947,0.068,0,1,0,35.085,1.95,7.4,9.637
9.225,intervention,0,0,35.277,28.52,20,35,1900,0,1.947,86.641,6.062,-4.244,0,7.4,1,0.941,0.06,0,1,0,35.369,1.95,7.4,9.61
9.233,intervention,0,0,35.499,28.538,20,35,1900,0,1.954,86.676,6.062,-4.244,0,7.4,1,0.967,0.071,0,1,0,35.652,1.95,7.4,9.583
9.242,intervention,0,0,35.706,28.555,20,35,1900,0,1.951,86.792,6.062,-4.244,0,7.4,1,0.94,0.051,0,1,0,35.935,1.95,7.4,9.555
9.25,intervention,0,0,35.898,28.572,20,35,1900,0,1.955,86.597,6.062,-4.244,0,7.4,1,0.93,0.078,0,1,0,36.219,1.95,7.4,9.528
9.258,intervention,0,0,36.074,28.589,20,35,1900,0,1.947,86.688,6.062,-4.244,0,7.4,1,0.958,0.068,0,1,0,36.502,1.95,7.4,9.5
9.267,intervention,0,0,36.235,28.606,20,35,1900,0,1.947,86.741,6.062,-4.244,0,7.4,1,0.949,0.054,0,1,0,36.785,1.95,7.4,9.473
9.275,intervention,0,0,36.381,28.623,20,35,1900,0,1.948,86.775,6.062,-4.244,0,7.4,1,0.965,0.067,0,1,0,37.069,1.95,7.4,9.445
9.283,intervention,0,0,36.512,28.64,20,35,1900,0,1.954,86.617,6.062,-4.244,0,7.4,1,0.952,0.055,0,1,0,37.352,1.95,7.4,9.418
9.292,intervention,0,0,36.627,28.658,20,35,1900,0,1.953,86.766,6.062,-4.244,0,7.4,1,0.966,0.073,0,1,0,37.635,1.95,7.4,9.39
9.3,intervention,0,0,36.727,28.675,20,35,1900,0,1.953,86.779,6.062,-4.244,0,7.4,1,0.947,0.069,0,1,0,37.919,1.95,7.4,9.362
9.308,intervention,0,0,36.812,28.692,20,35,1900,0,1.953,86.607,6.062,-4.244,0,7.4,1,0.963,0.06,0,1,0,38.202,1.95,7.4,9.334
9.317,intervention,0,0,36.881,28.709,20,35,1900,0,1.954,86.685,6.062,-4.244,0,7.4,1,0.942,0.059,0,1,0,38.485,1.95,7.4,9.306
9.325,intervention,0,0,36.935,28.726,20,35,1900,0,1.955,86.745,6.062,-4.244,0,7.4,1,0.934,0.065,0,1,0,38.769,1.95,7.4,9.278
9.333,intervention,0,0,36.974,28.743,20,35,1900,0,1.948,86.845,6.062,-4.244,0,7.4,1,0.95,0.055,0,1,0,39.052,1.95,7.4,9.25
9.342,intervention,0,0,36.998,28.76,20,35,1900,0,1.946,86.859,6.062,-4.244,0,7.4,1,0.944,0.08,0,1,0,39.335,1.95,7.4,9.222
9.35,intervention,0,0,37.006,28.777,20,35,1900,0,1.952,86.672,6.062,-4.244,0,7.4,1,0.93,0.064,0,1,0,39.619,1.95,7.4,9.194
9.358,intervention,0,0,37.006,28.793,20,35,1900,0,1.953,86.824,6.062,-4.244,0,7.4,1,0.943,0.061,0,1,0,39.902,1.95,7.4,9.165
9.367,intervention,0,0,37.006,28.81,20,35,1900,0,1.948,86.623,6.062,-4.244,0,7.4,1,0.951,0.064,0,1,0,40.185,1.95,7.4,9.137
9.375,intervention,0,0,37.006,28.827,20,35,1900,0,1.953,86.833,6.062,-4.244,0,7.4,1,0.943,0.06,0,1,0,40.469,1.95,7.4,9.109
9.383,intervention,0,0,37.006,28.844,20,35,1900,0,1.95,86.87,6.062,-4.244,0,7.4,1,0.951,0.076,0,1,0,40.752,1.95,7.4,9.08
9.392,intervention,0,0,37.006,28.861,20,35,1900,0,1.951,86.758,6.062,-4.244,0,7.4,1,0.958,0.068,0,1,0,41.035,1.95,7.4,9.052
9.4,intervention,0,0,37.006,28.877,20,35,1900,0,1.955,86.689,6.062,-4.244,0,7.4,1,0.936,0.072,0,1,0,41.319,1.95,7.4,9.023
9.408,intervention,0,0,37.006,28.894,20,35,1900,0,1.955,86.85,6.062,-4.244,0,7.4,1,0.936,0.077,0,1,0,41.602,1.95,7.4,8.995
9.417,intervention,0,0,37.006,28.911,20,35,1900,0,1.953,86.851,6.062,-4.244,0,7.4,1,0.956,0.076,0,1,0,41.885,1.95,7.4,8.966
9.425,intervention,0,0,37.006,28.927,20,35,1900,0,1.95,86.783,6.062,-4.244,0,7.4,1,0.946,0.071,0,1,0,42.169,1.95,7.4,8.937
9.433,intervention,0,0,37.006,28.944,20,35,1900,0,1.948,86.804,6.062,-4.244,0,7.4,1,0.956,0.063,0,1,0,42.452,1.95,7.4,8.908
9.442,intervention,0,0,37.006,28.961,20,35,1900,0,1.951,86.65,6.062,-4.244,0,7.4,1,0.935,0.054,0,1,0,42.735,1.95,7.4,8.879
9.45,intervention,0,0,37.006,28.977,20,35,1900,0,1.949,86.664,6.062,-4.244,0,7.4,1,0.935,0.08,0,1,0,43.019,1.95,7.4,8.85
9.458,intervention,0,0,37.006,28.994,20,35,1900,0,1.946,86.795,6.062,-4.244,0,7.4,1,0.951,0.074,0,1,0,43.302,1.95,7.4,8.821
9.467,intervention,0,0,37.006,29.01,20,35,1900,0,1.953,86.768,6.062,-4.244,0,7.4,1,0.966,0.062,0,1,0,43.585,1.95,7.4,8.792
9.475,intervention,0,0,37.006,29.027,20,35,1900,0,1.952,86.762,6.062,-4.244,0,7.4,1,0.97,0.052,0,1,0,43.869,1.95,7.4,8.763
9.483,intervention,0,0,37.006,29.043,20,35,1900,0,1.945,86.885,6.062,-4.244,0,7.4,1,0.96,0.065,0,1,0,44.152,1.95,7.4,8.734
9.492,intervention,0,0,37.006,29.06,20,35,1900,0,1.953,86.648,6.062,-4.244,0,7.4,1,0.959,0.058,0,1,0,44.435,1.95,7.4,8.705
9.5,intervention,0,0,37.006,29.076,20,35,1900,0,1.954,86.858,6.062,-4.244,0,7.4,1,0.964,0.061,0,1,0,44.719,1.95,7.4,8.675
9.508,intervention,0,0,37.006,29.092,20,35,1900,0,1.946,86.803,6.062,-4.244,0,7.4,1,0.935,0.071,0,1,0,45.002,1.95,7.4,8.646
9.517,intervention,0,0,37.006,29.109,20,35,1900,0,1.948,86.677,6.062,-4.244,0,7.4,1,0.954,0.056,0,1,0,45.285,1.95,7.4,8.617
9.525,intervention,0,0,37.006,29.125,20,35,1900,0,1.949,86.663,6.062,-4.244,0,7.4,1,0.937,0.054,0,1,0,45.569,1.95,7.4,8.587
9.533,intervention,0,0,37.006,29.141,20,35,1900,0,1.952,86.819,6.062,-4.244,0,7.4,1,0.961,0.065,0,1,0,45.852,1.95,7.4,8.557
9.542,intervention,0,0,37.006,29.157,20,35,1900,0,1.948,86.646,6.062,-4.244,0,7.4,1,0.942,0.079,0,1,0,46.135,1.95,7.4,8.528
9.55,intervention,0,0,37.006,29.173,20,35,1900,0,1.954,86.87,6.062,-4.244,0,7.4,1,0.95,0.057,0,1,0,46.419,1.95,7.4,8.498
9.558,intervention,0,0,37.006,29.189,20,35,1900,0,1.949,86.855,6.062,-4.244,0,7.4,1,0.943,0.05,0,1,0,46.702,1.95,7.4,8.468
9.567,intervention,0,0,37.006,29.205,20,35,1900,0,1.951,86.864,6.062,-4.244,0,7.4,1,0.968,0.071,0,1,0,46.985,1.95,7.4,8.439
9.575,intervention,0,0,37.006,29.221,20,35,1900,0,1.946,86.783,6.062,-4.244,0,7.4,1,0.938,0.071,0,1,0,47.269,1.95,7.4,8.409
9.583,intervention,0,0,37.006,29.237,20,35,1900,0,1.947,86.839,6.062,-4.244,0,7.4,1,0.948,0.064,0,1,0,47.552,1.95,7.4,8.379
9.592,intervention,0,0,37.006,29.253,20,35,1900,0,1.95,86.842,6.062,-4.244,0,7.4,1,0.937,0.053,0,1,0,47.835,1.95,7.4,8.349
9.6,intervention,0,0,37.006,29.269,20,35,1900,0,1.951,86.639,6.062,-4.244,0,7.4,1,0.969,0.069,0,1,0,48.119,1.95,7.4,8.319
9.608,intervention,0,0,37.006,29.285,20,35,1900,0,1.946,86.753,6.062,-4.244,0,7.4,1,0.944,0.051,0,1,0,48.402,1.95,7.4,8.289
9.617,intervention,0,0,37.006,29.301,20,35,1900,0,1.949,86.885,6.062,-4.244,0,7.4,1,0.941,0.071,0,1,0,48.685,1.95,7.4,8.259
9.625,intervention,0,0,37.006,29.317,20,35,1900,0,1.954,86.838,6.062,-4.244,0,7.4,1,0.943,0.058,0,1,0,48.969,1.95,7.4,8.228
9.633,intervention,0,0,37.006,29.332,20,35,1900,0,1.947,86.724,6.062,-4.244,0,7.4,1,0.935,0.057,0,1,0,49.252,1.95,7.4,8.198
9.642,intervention,0,0,37.006,29.348,20,35,1900,0,1.949,86.851,6.062,-4.244,0,7.4,1,0.959,0.059,0,1,0,49.535,1.95,7.4,8.168
9.65,intervention,0,0,37.006,29.364,20,35,1900,0,1.95,86.756,6.062,-4.244,0,7.4,1,0.936,0.077,0,1,0,49.819,1.95,7.4,8.137
9.658,intervention,0,0,37.006,29.379,20,35,1900,0,1.945,86.829,6.062,-4.244,0,7.4,1,0.953,0.074,0,1,0,50.102,1.95,7.4,8.107
9.667,intervention,0,0,37.006,29.395,20,35,1900,0,1.953,86.743,6.062,-4.244,0,7.4,1,0.962,0.07,0,1,0,50.385,1.95,7.4,8.076
9.675,intervention,0,0,37.006,29.41,20,35,1900,0,1.947,86.882,6.062,-4.244,0,7.4,1,0.947,0.079,0,1,0,50.669,1.95,7.4,8.046
9.683,intervention,0,0,37.006,29.425,20,35,1900,0,1.951,86.698,6.062,-4.244,0,7.4,1,0.961,0.052,0,1,0,50.952,1.95,7.4,8.015
9.692,intervention,0,0,37.006,29.441,20,35,1900,0,1.948,86.886,6.062,-4.244,0,7.4,1,0.936,0.069,0,1,0,51.235,1.95,7.4,7.985
9.7,intervention,0,0,37.006,29.456,20,35,1900,0,1.954,86.785,6.062,-4.244,0,7.4,1,0.931,0.057,0,1,0,51.519,1.95,7.4,7.954
9.708,intervention,0,0,37.006,29.471,20,35,1900,0,1.948,86.881,6.062,-4.244,0,7.4,1,0.94,0.052,0,1,0,51.802,1.95,7.4,7.923
9.717,intervention,0,0,37.006,29.487,20,35,1900,0,1.947,86.903,6.062,-4.244,0,7.4,1,0.944,0.053,0,1,0,52.085,1.95,7.4,7.892
9.725,intervention,0,0,37.006,29.502,20,35,1900,0,1.947,86.905,6.062,-4.244,0,7.4,1,0.95,0.065,0,1,0,52.369,1.95,7.4,7.861
9.733,intervention,0,0,37.006,29.517,20,35,1900,0,1.954,86.704,6.062,-4.244,0,7.4,1,0.959,0.074,0,1,0,52.652,1.95,7.4,7.83
9.742,intervention,0,0,37.006,29.532,20,35,1900,0,1.948,86.841,6.062,-4.244,0,7.4,1,0.94,0.064,0,1,0,52.935,1.95,7.4,7.799
9.75,intervention,0,0,37.006,29.547,20,35,1900,0,1.949,86.835,6.062,-4.244,0,7.4,1,0.948,0.074,0,1,0,53.219,1.95,7.4,7.768
9.758,intervention,0,0,37.006,29.562,20,35,1900,0,1.95,86.839,6.062,-4.244,0,7.4,1,0.964,0.052,0,1,0,53.502,1.95,7.4,7.737
9.767,intervention,0,0,37.006,29.577,20,35,1900,0,1.952,86.823,6.062,-4.244,0,7.4,1,0.958,0.054,0,1,0,53.785,1.95,7.4,7.706
9.775,intervention,0,0,37.006,29.592,20,35,1900,0,1.948,86.682,6.062,-4.244,0,7.4,1,0.938,0.075,0,1,0,54.069,1.95,7.4,7.675
9.783,intervention,0,0,37.006,29.607,20,35,1900,0,1.946,86.663,6.062,-4.244,0,7.4,1,0.965,0.057,0,1,0,54.352,1.95,7.4,7.643
9.792,intervention,0,0,37.006,29.621,20,35,1900,0,1.948,86.728,6.062,-4.244,0,7.4,1,0.967,0.058,0,1,0,54.635,1.95,7.4,7.612
9.8,intervention,0,0,37.006,29.636,20,35,1900,0,1.947,86.847,6.062,-4.244,0,7.4,1,0.955,0.051,0,1,0,54.919,1.95,7.4,7.581
9.808,intervention,0,0,37.006,29.651,20,35,1900,0,1.947,86.75,6.062,-4.244,0,7.4,1,0.945,0.073,0,1,0,55.202,1.95,7.4,7.549
9.817,intervention,0,0,37.006,29.665,20,35,1900,0,1.951,86.672,6.062,-4.244,0,7.4,1,0.956,0.071,0,1,0,55.485,1.95,7.4,7.518
9.825,intervention,0,0,37.006,29.68,20,35,1900,0,1.948,86.717,6.062,-4.244,0,7.4,1,0.934,0.056,0,1,0,55.769,1.95,7.4,7.486
9.833,intervention,0,0,37.006,29.694,20,35,1900,0,1.952,86.874,6.062,-4.244,0,7.4,1,0.945,0.074,0,1,0,56.052,1.95,7.4,7.455
9.842,intervention,0,0,37.006,29.709,20,35,1900,0,1.946,86.716,6.062,-4.244,0,7.4,1,0.936,0.063,0,1,0,56.335,1.95,7.4,7.423
9.85,intervention,0,0,37.006,29.723,20,35,1900,0,1.953,86.639,6.062,-4.244,0,7.4,1,0.937,0.069,0,1,0,56.619,1.95,7.4,7.391
9.858,intervention,0,0,37.006,29.737,20,35,1900,0,1.947,86.808,6.062,-4.244,0,7.4,1,0.967,0.054,0,1,0,56.902,1.95,7.4,7.36
9.867,intervention,0,0,37.006,29.752,20,35,1900,0,1.946,86.73,6.062,-4.244,0,7.4,1,0.968,0.054,0,1,0,57.185,1.95,7.4,7.328
9.875,intervention,0,0,37.006,29.766,20,35,1900,0,1.954,86.766,6.062,-4.244,0,7.4,1,0.964,0.069,0,1,0,57.469,1.95,7.4,7.296
9.883,intervention,0,0,37.006,29.78,20,35,1900,0,1.949,86.808,6.062,-4.244,0,7.4,1,0.933,0.066,0,1,0,57.752,1.95,7.4,7.264
9.892,intervention,0,0,37.006,29.794,20,35,1900,0,1.952,86.699,6.062,-4.244,0,7.4,1,0.937,0.069,0,1,0,58.035,1.95,7.4,7.232
9.9,intervention,0,0,37.006,29.808,20,35,1900,0,1.948,86.792,6.062,-4.244,0,7.4,1,0.944,0.056,0,1,0,58.319,1.95,7.4,7.2
9.908,intervention,0,0,37.006,29.822,20,35,1900,0,1.953,86.731,6.062,-4.244,0,7.4,1,0.964,0.058,0,1,0,58.602,1.95,7.4,7.168
9.917,intervention,0,0,37.006,29.836,20,35,1900,0,1.95,86.736,6.062,-4.244,0,7.4,1,0.938,0.064,0,1,0,58.885,1.95,7.4,7.136
9.925,intervention,0,0,37.006,29.85,20,35,1900,0,1.953,86.938,6.062,-4.244,0,7.4,1,0.962,0.055,0,1,0,59.169,1.95,7.4,7.104
9.933,intervention,0,0,37.006,29.863,20,35,1900,0,1.946,86.751,6.062,-4.244,0,7.4,1,0.939,0.067,0,1,0,59.452,1.95,7.4,7.071
9.942,intervention,0,0,37.006,29.877,20,35,1900,0,1.95,86.918,6.062,-4.244,0,7.4,1,0.96,0.059,0,1,0,59.735,1.95,7.4,7.039
9.95,intervention,0,0,37.006,29.891,20,35,1900,0,1.945,86.888,6.062,-4.244,0,7.4,1,0.938,0.057,0,1,0,60.019,1.95,7.4,7.007
9.958,intervention,0,0,37.006,29.904,20,35,1900,0,1.953,86.804,6.062,-4.244,0,7.4,1,0.934,0.071,0,1,0,60.302,1.95,7.4,6.974
9.967,intervention,0,0,37.006,29.918,20,35,1900,0,1.955,86.918,6.062,-4.244,0,7.4,1,0.954,0.068,0,1,0,60.585,1.95,7.4,6.942
9.975,intervention,0,0,37.006,29.931,20,35,1900,0,1.953,86.886,6.062,-4.244,0,7.4,1,0.944,0.065,0,1,0,60.869,1.95,7.4,6.91
9.983,intervention,0,0,37.006,29.944,20,35,1900,0,1.955,86.668,6.062,-4.244,0,7.4,1,0.961,0.057,0,1,0,61.152,1.95,7.4,6.877
9.992,intervention,0,0,37.006,29.958,20,35,1900,0,1.951,86.835,6.062,-4.244,0,7.4,1,0.936,0.072,0,1,0,61.435,1.95,7.4,6.845
10,intervention,0,0,37.006,29.971,20,35,1900,0,1.947,86.85,6.062,-4.244,0,7.4,1,0.957,0.062,0,1,0,61.719,1.95,7.4,6.812
10.008,intervention,0,0,37.006,29.984,20,35,1900,0,1.949,86.882,6.062,-4.244,0,7.4,1,0.948,0.074,0,1,0,62.002,1.95,7.4,6.779
10.017,intervention,0,0,37.006,29.997,20,35,1900,0,1.953,86.893,6.062,-4.244,0,7.4,1,0.966,0.061,0,1,0,62.285,1.95,7.4,6.747
10.025,intervention,0,0,37.006,30.01,20,35,1900,0,1.95,86.66,6.062,-4.244,0,7.4,1,0.943,0.053,0,1,0,62.569,1.95,7.4,6.714
10.033,intervention,0,0,37.006,30.023,20,35,1900,0,1.948,86.687,6.062,-4.244,0,7.4,1,0.966,0.058,0,1,0,62.852,1.95,7.4,6.681
10.042,intervention,0,0,37.006,30.036,20,35,1900,0,1.95,86.705,6.062,-4.244,0,7.4,1,0.937,0.075,0,1,0,63.135,1.95,7.4,6.648
10.05,intervention,0,0,37.006,30.049,20,35,1900,0,1.95,86.954,6.062,-4.244,0,7.4,1,0.941,0.077,0,1,0,63.419,1.95,7.4,6.615
10.058,intervention,0,0,37.006,30.062,20,35,1900,0,1.951,86.776,6.062,-4.244,0,7.4,1,0.943,0.073,0,1,0,63.702,1.95,7.4,6.582
10.067,intervention,0,0,37.006,30.074,20,35,1900,0,1.951,86.86,6.062,-4.244,0,7.4,1,0.946,0.076,0,1,0,63.985,1.95,7.4,6.549
10.075,intervention,0,0,37.006,30.087,20,35,1900,0,1.95,86.72,6.062,-4.244,0,7.4,1,0.953,0.052,0,1,0,64.269,1.95,7.4,6.516
10.083,intervention,0,0,37.006,30.099,20,35,1900,0,1.947,86.739,6.062,-4.244,0,7.4,1,0.937,0.058,0,1,0,64.552,1.95,7.4,6.483
10.092,intervention,0,0,37.006,30.112,20,35,1900,0,1.948,86.888,6.062,-4.244,0,7.4,1,0.963,0.075,0,1,0,64.835,1.95,7.4,6.45
10.1,intervention,0,0,37.006,30.124,20,35,1900,0,1.952,86.799,6.062,-4.244,0,7.4,1,0.954,0.052,0,1,0,65.119,1.95,7.4,6.417
10.108,intervention,0,0,37.006,30.137,20,35,1900,0,1.946,86.688,6.062,-4.244,0,7.4,1,0.963,0.052,0,1,0,65.402,1.95,7.4,6.384
10.117,intervention,0,0,37.006,30.149,20,35,1900,0,1.952,86.892,6.062,-4.244,0,7.4,1,0.959,0.076,0,1,0,65.685,1.95,7.4,6.35
10.125,intervention,0,0,37.006,30.161,20,35,1900,0,1.946,86.751,6.062,-4.244,0,7.4,1,0.932,0.069,0,1,0,65.969,1.95,7.4,6.317
10.133,intervention,0,0,37.006,30.173,20,35,1900,0,1.946,86.675,6.062,-4.244,0,7.4,1,0.958,0.06,0,1,0,66.252,1.95,7.4,6.284
10.142,intervention,0,0,37.006,30.185,20,35,1900,0,1.946,86.735,6.062,-4.244,0,7.4,1,0.933,0.071,0,1,0,66.535,1.95,7.4,6.25
10.15,intervention,0,0,37.006,30.197,20,35,1900,0,1.946,86.907,6.062,-4.244,0,7.4,1,0.949,0.066,0,1,0,66.819,1.95,7.4,6.217
10.158,intervention,0,0,37.006,30.209,20,35,1900,0,1.946,86.847,6.062,-4.244,0,7.4,1,0.951,0.078,0,1,0,67.102,1.95,7.4,6.183
10.167,intervention,0,0,37.006,30.221,20,35,1900,0,1.952,86.927,6.062,-4.244,0,7.4,1,0.94,0.075,0,1,0,67.385,1.95,7.4,6.15
10.175,intervention,0,0,37.006,30.233,20,35,1900,0,1.95,86.835,6.062,-4.244,0,7.4,1,0.969,0.075,0,1,0,67.669,1.95,7.4,6.116
10.183,intervention,0,0,37.006,30.244,20,35,1900,0,1.945,86.949,6.062,-4.244,0,7.4,1,0.938,0.078,0,1,0,67.952,1.95,7.4,6.082
10.192,intervention,0,0,37.006,30.256,20,35,1900,0,1.947,86.897,6.062,-4.244,0,7.4,1,0.939,0.077,0,1,0,68.235,1.95,7.4,6.049
10.2,intervention,0,0,37.006,30.267,20,35,1900,0,1.955,86.842,6.062,-4.244,0,7.4,1,0.938,0.061,0,1,0,68.519,1.95,7.4,6.015
10.208,intervention,0,0,37.006,30.279,20,35,1900,0,1.955,86.884,6.062,-4.244,0,7.4,1,0.939,0.074,0,1,0,68.802,1.95,7.4,5.981
10.217,intervention,0,0,37.006,30.29,20,35,1900,0,1.951,86.844,6.062,-4.244,0,7.4,1,0.949,0.056,0,1,0,69.085,1.95,7.4,5.948
10.225,intervention,0,0,37.006,30.301,20,35,1900,0,1.947,86.71,6.062,-4.244,0,7.4,1,0.935,0.075,0,1,0,69.369,1.95,7.4,5.914
10.233,intervention,0,0,37.006,30.312,20,35,1900,0,1.95,86.69,6.062,-4.244,0,7.4,1,0.958,0.056,0,1,0,69.652,1.95,7.4,5.88
10.242,intervention,0,0,37.006,30.324,20,35,1900,0,1.949,86.949,6.062,-4.244,0,7.4,1,0.959,0.072,0,1,0,69.935,1.95,7.4,5.846
10.25,intervention,0,0,37.006,30.335,20,35,1900,0,1.952,86.83,6.062,-4.244,0,7.4,1,0.961,0.051,0,1,0,70.219,1.95,7.4,5.812
10.258,intervention,0,0,37.006,30.346,20,35,1900,0,1.948,86.912,6.062,-4.244,0,7.4,1,0.966,0.074,0,1,0,70.502,1.95,7.4,5.778
10.267,intervention,0,0,37.006,30.356,20,35,1900,0,1.95,86.843,6.062,-4.244,0,7.4,1,0.968,0.057,0,1,0,70.785,1.95,7.4,5.744
10.275,intervention,0,0,37.006,30.367,20,35,1900,0,1.948,86.889,6.062,-4.244,0,7.4,1,0.964,0.071,0,1,0,71.069,1.95,7.4,5.71
10.283,intervention,0,0,37.006,30.378,20,35,1900,0,1.95,86.828,6.062,-4.244,0,7.4,1,0.933,0.074,0,1,0,71.352,1.95,7.4,5.676
10.292,intervention,0,0,37.006,30.389,20,35,1900,0,1.948,86.84,6.062,-4.244,0,7.4,1,0.969,0.073,0,1,0,71.635,1.95,7.4,5.641
10.3,intervention,0,0,37.006,30.399,20,35,1900,0,1.955,86.776,6.062,-4.244,0,7.4,1,0.956,0.063,0,1,0,71.919,1.95,7.4,5.607
10.308,intervention,0,0,37.006,30.41,20,35,1900,0,1.951,86.949,6.062,-4.244,0,7.4,1,0.933,0.056,0,1,0,72.202,1.95,7.4,5.573
10.317,intervention,0,0,37.006,30.42,20,35,1900,0,1.954,86.77,6.062,-4.244,0,7.4,1,0.943,0.076,0,1,0,72.485,1.95,7.4,5.539
10.325,intervention,0,0,37.006,30.43,20,35,1900,0,1.95,86.832,6.062,-4.244,0,7.4,1,0.964,0.068,0,1,0,72.769,1.95,7.4,5.504
10.333,intervention,0,0,37.006,30.441,20,35,1900,0,1.951,86.682,6.062,-4.244,0,7.4,1,0.931,0.064,0,1,0,73.052,1.95,7.4,5.47
10.342,intervention,0,0,37.006,30.451,20,35,1900,0,1.949,86.92,6.062,-4.244,0,7.4,1,0.96,0.08,0,1,0,73.335,1.95,7.4,5.436
10.35,intervention,0,0,37.006,30.461,20,35,1900,0,1.95,86.841,6.062,-4.244,0,7.4,1,0.968,0.052,0,1,0,73.619,1.95,7.4,5.401
10.358,intervention,0,0,37.006,30.471,20,35,1900,0,1.948,86.919,6.062,-4.244,0,7.4,1,0.931,0.06,0,1,0,73.902,1.95,7.4,5.367
10.367,intervention,0,0,37.006,30.481,20,35,1900,0,1.947,86.952,6.062,-4.244,0,7.4,1,0.94,0.065,0,1,0,74.185,1.95,7.4,5.332
10.375,intervention,0,0,37.006,30.49,20,35,1900,0,1.949,86.942,6.062,-4.244,0,7.4,1,0.943,0.066,0,1,0,74.469,1.95,7.4,5.298
10.383,intervention,0,0,37.006,30.5,20,35,1900,0,1.95,86.809,6.062,-4.244,0,7.4,1,0.935,0.058,0,1,0,74.752,1.95,7.4,5.263
10.392,intervention,0,0,37.006,30.51,20,35,1900,0,1.955,86.73,6.062,-4.244,0,7.4,1,0.958,0.069,0,1,0,75.035,1.95,7.4,5.228
10.4,intervention,0,0,37.006,30.519,20,35,1900,0,1.949,86.884,6.062,-4.244,0,7.4,1,0.962,0.075,0,1,0,75.319,1.95,7.4,5.194
10.408,intervention,0,0,37.006,30.529,20,35,1900,0,1.952,86.917,6.062,-4.244,0,7.4,1,0.938,0.077,0,1,0,75.602,1.95,7.4,5.159
10.417,intervention,0,0,37.006,30.538,20,35,1900,0,1.948,86.905,6.062,-4.244,0,7.4,1,0.931,0.077,0,1,0,75.885,1.95,7.4,5.124
10.425,intervention,0,0,37.006,30.547,20,35,1900,0,1.952,86.885,6.062,-4.244,0,7.4,1,0.967,0.052,0,1,0,76.169,1.95,7.4,5.089
10.433,intervention,0,0,37.006,30.557,20,35,1900,0,1.955,86.932,6.062,-4.244,0,7.4,1,0.953,0.065,0,1,0,76.452,1.95,7.4,5.054
10.442,intervention,0,0,37.006,30.566,20,35,1900,0,1.951,86.731,6.062,-4.244,0,7.4,1,0.938,0.075,0,1,0,76.735,1.95,7.4,5.02
10.45,intervention,0,0,37.006,30.575,20,35,1900,0,1.946,86.949,6.062,-4.244,0,7.4,1,0.946,0.056,0,1,0,77.019,1.95,7.4,4.985
10.458,intervention,0,0,37.006,30.584,20,35,1900,0,1.948,86.786,6.062,-4.244,0,7.4,1,0.954,0.066,0,1,0,77.302,1.95,7.4,4.95
10.467,intervention,0,0,37.006,30.592,20,35,1900,0,1.953,86.733,6.062,-4.244,0,7.4,1,0.934,0.08,0,1,0,77.585,1.95,7.4,4.915
10.475,intervention,0,0,37.006,30.601,20,35,1900,0,1.953,86.802,6.062,-4.244,0,7.4,1,0.943,0.069,0,1,0,77.869,1.95,7.4,4.88
10.483,intervention,0,0,37.006,30.61,20,35,1900,0,1.955,86.985,6.062,-4.244,0,7.4,1,0.942,0.052,0,1,0,78.152,1.95,7.4,4.845
10.492,intervention,0,0,37.006,30.619,20,35,1900,0,1.947,86.836,6.062,-4.244,0,7.4,1,0.963,0.05,0,1,0,78.435,1.95,7.4,4.81
10.5,intervention,0,0,37.006,30.627,20,35,1900,0,1.947,86.924,6.062,-4.244,0,7.4,1,0.952,0.058,0,1,0,78.719,1.95,7.4,4.775
10.508,intervention,0,0,37.006,30.635,20,35,1900,0,1.951,86.77,6.062,-4.244,0,7.4,1,0.967,0.071,0,1,0,79.002,1.95,7.4,4.739
10.517,intervention,0,0,37.006,30.644,20,35,1900,0,1.952,86.773,6.062,-4.244,0,7.4,1,0.953,0.057,0,1,0,79.285,1.95,7.4,4.704
10.525,intervention,0,0,37.006,30.652,20,35,1900,0,1.953,86.906,6.062,-4.244,0,7.4,1,0.952,0.067,0,1,0,79.569,1.95,7.4,4.669
10.533,intervention,0,0,37.006,30.66,20,35,1900,0,1.95,86.861,6.062,-4.244,0,7.4,1,0.96,0.054,0,1,0,79.852,1.95,7.4,4.634
10.542,intervention,0,0,37.006,30.668,20,35,1900,0,1.947,86.78,6.062,-4.244,0,7.4,1,0.943,0.06,0,1,0,80.135,1.95,7.4,4.599
10.55,intervention,0,0,37.006,30.676,20,35,1900,0,1.948,86.986,6.062,-4.244,0,7.4,1,0.954,0.065,0,1,0,80.419,1.95,7.4,4.563
10.558,intervention,0,0,37.006,30.684,20,35,1900,0,1.948,86.763,6.062,-4.244,0,7.4,1,0.957,0.06,0,1,0,80.702,1.95,7.4,4.528
10.567,intervention,0,0,37.006,30.692,20,35,1900,0,1.953,86.904,6.062,-4.244,0,7.4,1,0.964,0.066,0,1,0,80.985,1.95,7.4,4.493
10.575,intervention,0,0,37.006,30.699,20,35,1900,0,1.955,86.914,6.062,-4.244,0,7.4,1,0.946,0.074,0,1,0,81.269,1.95,7.4,4.457
10.583,intervention,0,0,37.006,30.707,20,35,1900,0,1.945,86.947,6.062,-4.244,0,7.4,1,0.953,0.072,0,1,0,81.552,1.95,7.4,4.422
10.592,intervention,0,0,37.006,30.714,20,35,1900,0,1.946,86.843,6.062,-4.244,0,7.4,1,0.939,0.059,0,1,0,81.835,1.95,7.4,4.386
10.6,intervention,0,0,37.006,30.722,20,35,1900,0,1.946,86.948,6.062,-4.244,0,7.4,1,0.956,0.079,0,1,0,82.119,1.95,7.4,4.351
10.608,intervention,0,0,37.006,30.729,20,35,1900,0,1.948,86.914,6.062,-4.244,0,7.4,1,0.953,0.073,0,1,0,82.402,1.95,7.4,4.315
10.617,intervention,0,0,37.006,30.736,20,35,1900,0,1.951,86.729,6.062,-4.244,0,7.4,1,0.942,0.08,0,1,0,82.685,1.95,7.4,4.28
10.625,intervention,0,0,37.006,30.744,20,35,1900,0,1.954,86.884,6.062,-4.244,0,7.4,1,0.931,0.05,0,1,0,82.969,1.95,7.4,4.244
10.633,intervention,0,0,37.006,30.751,20,35,1900,0,1.953,86.763,6.062,-4.244,0,7.4,1,0.946,0.08,0,1,0,83.252,1.95,7.4,4.209
10.642,intervention,0,0,37.006,30.758,20,35,1900,0,1.948,86.777,6.062,-4.244,0,7.4,1,0.949,0.056,0,1,0,83.535,1.95,7.4,4.173
10.65,intervention,0,0,37.006,30.764,20,35,1900,0,1.946,86.744,6.062,-4.244,0,7.4,1,0.957,0.079,0,1,0,83.819,1.95,7.4,4.137
10.658,intervention,0,0,37.006,30.771,20,35,1900,0,1.953,86.755,6.062,-4.244,0,7.4,1,0.967,0.075,0,1,0,84.102,1.95,7.4,4.102
10.667,intervention,0,0,37.006,30.778,20,35,1900,0,1.948,86.887,6.062,-4.244,0,7.4,1,0.961,0.052,0,1,0,84.385,1.95,7.4,4.066
10.675,intervention,0,0,37.006,30.784,20,35,1900,0,1.951,86.825,6.062,-4.244,0,7.4,1,0.948,0.062,0,1,0,84.669,1.95,7.4,4.03
10.683,intervention,0,0,37.006,30.791,20,35,1900,0,1.945,86.83,6.062,-4.244,0,7.4,1,0.937,0.05,0,1,0,84.952,1.95,7.4,3.994
10.692,intervention,0,0,37.006,30.797,20,35,1900,0,1.948,86.818,6.062,-4.244,0,7.4,1,0.957,0.06,0,1,0,85.235,1.95,7.4,3.958
10.7,intervention,0,0,37.006,30.803,20,35,1900,0,1.946,86.871,6.062,-4.244,0,7.4,1,0.955,0.065,0,1,0,85.519,1.95,7.4,3.923
10.708,intervention,0,0,37.006,30.81,20,35,1900,0,1.951,86.935,6.062,-4.244,0,7.4,1,0.962,0.06,0,1,0,85.802,1.95,7.4,3.887
10.717,intervention,0,0,37.006,30.816,20,35,1900,0,1.95,86.711,6.062,-4.244,0,7.4,1,0.967,0.056,0,1,0,86.085,1.95,7.4,3.851
10.725,intervention,0,0,37.006,30.822,20,35,1900,0,1.954,86.733,6.062,-4.244,0,7.4,1,0.968,0.068,0,1,0,86.369,1.95,7.4,3.815
10.733,intervention,0,0,37.006,30.828,20,35,1900,0,1.953,86.734,6.062,-4.244,0,7.4,1,0.964,0.069,0,1,0,86.652,1.95,7.4,3.779
10.742,intervention,0,0,37.006,30.833,20,35,1900,0,1.954,86.789,6.062,-4.244,0,7.4,1,0.944,0.059,0,1,0,86.935,1.95,7.4,3.743
10.75,intervention,0,0,37.006,30.839,20,35,1900,0,1.953,86.76,6.062,-4.244,0,7.4,1,0.962,0.068,0,1,0,87.219,1.95,7.4,3.707
10.758,intervention,0,0,37.006,30.845,20,35,1900,0,1.947,86.923,6.062,-4.244,0,7.4,1,0.957,0.067,0,1,0,87.502,1.95,7.4,3.671
10.767,intervention,0,0,37.006,30.85,20,35,1900,0,1.945,86.789,6.062,-4.244,0,7.4,1,0.947,0.051,0,1,0,87.785,1.95,7.4,3.635
10.775,intervention,0,0,37.006,30.856,20,35,1900,0,1.953,86.804,6.062,-4.244,0,7.4,1,0.969,0.058,0,1,0,88.069,1.95,7.4,3.599
10.783,intervention,0,0,37.006,30.861,20,35,1900,0,1.955,86.992,6.062,-4.244,0,7.4,1,0.953,0.058,0,1,0,88.352,1.95,7.4,3.563
10.792,intervention,0,0,37.006,30.866,20,35,1900,0,1.95,86.937,6.062,-4.244,0,7.4,1,0.942,0.054,0,1,0,88.635,1.95,7.4,3.527
10.8,intervention,0,0,37.006,30.871,20,35,1900,0,1.954,86.724,6.062,-4.244,0,7.4,1,0.937,0.063,0,1,0,88.919,1.95,7.4,3.491
10.808,intervention,0,0,37.006,30.876,20,35,1900,0,1.947,86.843,6.062,-4.244,0,7.4,1,0.964,0.06,0,1,0,89.202,1.95,7.4,3.455
10.817,intervention,0,0,37.006,30.881,20,35,1900,0,1.946,86.802,6.062,-4.244,0,7.4,1,0.966,0.061,0,1,0,89.485,1.95,7.4,3.418
10.825,intervention,0,0,37.006,30.886,20,35,1900,0,1.95,86.745,6.062,-4.244,0,7.4,1,0.956,0.064,0,1,0,89.769,1.95,7.4,3.382
10.833,intervention,0,0,37.006,30.891,20,35,1900,0,1.947,86.791,6.062,-4.244,0,7.4,1,0.948,0.058,0,1,0,90.052,1.95,7.4,3.346
10.842,intervention,0,0,37.006,30.895,20,35,1900,0,1.95,86.749,6.062,-4.244,0,7.4,1,0.937,0.069,0,1,0,90.335,1.95,7.4,3.31
10.85,intervention,0,0,37.006,30.9,20,35,1900,0,1.948,86.863,6.062,-4.244,0,7.4,1,0.937,0.064,0,1,0,90.619,1.95,7.4,3.274
10.858,intervention,0,0,37.006,30.904,20,35,1900,0,1.951,86.771,6.062,-4.244,0,7.4,1,0.946,0.077,0,1,0,90.902,1.95,7.4,3.237
10.867,intervention,0,0,37.006,30.909,20,35,1900,0,1.954,86.973,6.062,-4.244,0,7.4,1,0.968,0.06,0,1,0,91.185,1.95,7.4,3.201
10.875,intervention,0,0,37.006,30.913,20,35,1900,0,1.947,86.924,6.062,-4.244,0,7.4,1,0.957,0.064,0,1,0,91.469,1.95,7.4,3.165
10.883,intervention,0,0,37.006,30.917,20,35,1900,0,1.949,86.979,6.062,-4.244,0,7.4,1,0.936,0.078,0,1,0,91.752,1.95,7.4,3.128
10.892,intervention,0,0,37.006,30.921,20,35,1900,0,1.949,86.768,6.062,-4.244,0,7.4,1,0.945,0.069,0,1,0,92.035,1.95,7.4,3.092
10.9,intervention,0,0,37.006,30.925,20,35,1900,0,1.954,87.001,6.062,-4.244,0,7.4,1,0.961,0.076,0,1,0,92.319,1.95,7.4,3.056
10.908,intervention,0,0,37.006,30.929,20,35,1900,0,1.954,86.976,6.062,-4.244,0,7.4,1,0.957,0.07,0,1,0,92.602,1.95,7.4,3.019
10.917,intervention,0,0,37.006,30.933,20,35,1900,0,1.946,86.83,6.062,-4.244,0,7.4,1,0.933,0.068,0,1,0,92.885,1.95,7.4,2.983
10.925,intervention,0,0,37.006,30.936,20,35,1900,0,1.949,86.864,6.062,-4.244,0,7.4,1,0.931,0.065,0,1,0,93.169,1.95,7.4,2.946
10.933,intervention,0,0,37.006,30.94,20,35,1900,0,1.945,86.902,6.062,-4.244,0,7.4,1,0.964,0.078,0,1,0,93.452,1.95,7.4,2.91
10.942,intervention,0,0,37.006,30.943,20,35,1900,0,1.953,86.926,6.062,-4.244,0,7.4,1,0.95,0.066,0,1,0,93.735,1.95,7.4,2.874
10.95,intervention,0,0,37.006,30.947,20,35,1900,0,1.951,87.017,6.062,-4.244,0,7.4,1,0.937,0.074,0,1,0,94.019,1.95,7.4,2.837
10.958,intervention,0,0,37.006,30.95,20,35,1900,0,1.953,87.001,6.062,-4.244,0,7.4,1,0.945,0.068,0,1,0,94.302,1.95,7.4,2.801
10.967,intervention,0,0,37.006,30.953,20,35,1900,0,1.949,87.02,6.062,-4.244,0,7.4,1,0.961,0.066,0,1,0,94.585,1.95,7.4,2.764
10.975,intervention,0,0,37.006,30.956,20,35,1900,0,1.949,86.758,6.062,-4.244,0,7.4,1,0.965,0.066,0,1,0,94.869,1.95,7.4,2.728
10.983,intervention,0,0,37.006,30.959,20,35,1900,0,1.946,86.841,6.062,-4.244,0,7.4,1,0.949,0.061,0,1,0,95.152,1.95,7.4,2.691
10.992,intervention,0,0,37.006,30.962,20,35,1900,0,1.95,86.886,6.062,-4.244,0,7.4,1,0.939,0.075,0,1,0,95.435,1.95,7.4,2.655
11,intervention,0,0,37.006,30.965,20,35,1900,0,1.95,87.018,6.062,-4.244,0,7.4,1,0.937,0.058,0,1,0,95.719,1.95,7.4,2.618
11.008,intervention,0,0,37.006,30.967,20,35,1900,0,1.948,86.793,6.062,-4.244,0,7.4,1,0.954,0.053,0,1,0,96.002,1.95,7.4,2.582
11.017,intervention,0,0,37.006,30.97,20,35,1900,0,1.953,86.804,6.062,-4.244,0,7.4,1,0.942,0.069,0,1,0,96.285,1.95,7.4,2.545
11.025,intervention,0,0,37.006,30.972,20,35,1900,0,1.949,87.003,6.062,-4.244,0,7.4,1,0.93,0.068,0,1,0,96.569,1.95,7.4,2.509
11.033,intervention,0,0,37.006,30.974,20,35,1900,0,1.953,86.842,6.062,-4.244,0,7.4,1,0.969,0.065,0,1,0,96.852,1.95,7.4,2.472
11.042,intervention,0,0,37.006,30.977,20,35,1900,0,1.952,86.927,6.062,-4.244,0,7.4,1,0.959,0.068,0,1,0,97.135,1.95,7.4,2.436
11.05,intervention,0,0,37.006,30.979,20,35,1900,0,1.949,86.819,6.062,-4.244,0,7.4,1,0.936,0.064,0,1,0,97.419,1.95,7.4,2.399
11.058,intervention,0,0,37.006,30.981,20,35,1900,0,1.949,86.831,6.062,-4.244,0,7.4,1,0.968,0.068,0,1,0,97.702,1.95,7.4,2.362
11.067,intervention,0,0,37.006,30.983,20,35,1900,0,1.951,86.795,6.062,-4.244,0,7.4,1,0.95,0.077,0,1,0,97.985,1.95,7.4,2.326
11.075,intervention,0,0,37.006,30.985,20,35,1900,0,1.953,87.004,6.062,-4.244,0,7.4,1,0.944,0.079,0,1,0,98.269,1.95,7.4,2.289
11.083,intervention,0,0,37.006,30.986,20,35,1900,0,1.953,86.938,6.062,-4.244,0,7.4,1,0.946,0.065,0,1,0,98.552,1.95,7.4,2.253
11.092,intervention,0,0,37.006,30.988,20,35,1900,0,1.954,86.889,6.062,-4.244,0,7.4,1,0.966,0.066,0,1,0,98.835,1.95,7.4,2.216
11.1,intervention,0,0,37.006,30.989,20,35,1900,0,1.954,86.917,6.062,-4.244,0,7.4,1,0.963,0.054,0,1,0,99.119,1.95,7.4,2.179
11.108,intervention,0,0,37.006,30.991,20,35,1900,0,1.954,86.908,6.062,-4.244,0,7.4,1,0.953,0.056,0,1,0,99.402,1.95,7.4,2.143
11.117,intervention,0,0,37.006,30.992,20,35,1900,0,1.945,87.012,6.062,-4.244,0,7.4,1,0.964,0.068,0,1,0,99.685,1.95,7.4,2.106
11.125,intervention,0,0,37.006,30.993,20,35,1900,0,1.949,86.775,6.062,-4.244,0,7.4,1,0.933,0.06,0,1,0,99.969,1.95,7.4,2.07
11.133,intervention,0,0,37.006,30.994,20,35,1900,0,1.954,86.807,6.062,-4.244,0,7.4,1,0.964,0.066,0,1,0,100.252,1.95,7.4,2.033
11.142,intervention,0,0,37.006,30.995,20,35,1900,0,1.952,86.755,6.062,-4.244,0,7.4,1,0.943,0.061,0,1,0,100.535,1.95,7.4,1.996
11.15,intervention,0,0,37.006,30.996,20,35,1900,0,1.954,86.842,6.062,-4.244,0,7.4,1,0.946,0.077,0,1,0,100.819,1.95,7.4,1.96
11.158,intervention,0,0,37.006,30.997,20,35,1900,0,1.95,86.826,6.062,-4.244,0,7.4,1,0.942,0.073,0,1,0,101.102,1.95,7.4,1.923
11.167,intervention,0,0,37.006,30.998,20,35,1900,0,1.947,86.829,6.062,-4.244,0,7.4,1,0.952,0.072,0,1,0,101.385,1.95,7.4,1.887
11.175,intervention,0,0,37.006,30.999,20,35,1900,0,1.954,86.937,6.062,-4.244,0,7.4,1,0.946,0.072,0,1,0,101.669,1.95,7.4,1.85
11.183,intervention,0,0,37.006,30.999,20,35,1900,0,1.949,86.954,6.062,-4.244,0,7.4,1,0.96,0.079,0,1,0,101.952,1.95,7.4,1.814
11.192,intervention,0,0,37.006,30.999,20,35,1900,0,1.946,86.856,6.062,-4.244,0,7.4,1,0.95,0.073,0,1,0,102.235,1.95,7.4,1.777
11.2,intervention,0,0,37.006,31,20,35,1900,0,1.954,86.986,6.062,-4.244,0,7.4,1,0.966,0.078,0,1,0,102.519,1.95,7.4,1.741
11.208,intervention,0,0,37.006,31,20,35,1900,0,1.951,87.027,6.062,-4.244,0,7.4,1,0.942,0.071,0,1,0,102.802,1.95,7.4,1.704
11.217,intervention,0,0,37.006,31,20,35,1900,0,1.954,86.772,6.062,-4.244,0,7.4,1,0.946,0.057,0,1,0,103.085,1.95,7.4,1.667
11.225,intervention,0,0,37.006,31,20,35,1900,0,1.948,86.861,6.062,-4.244,0,7.4,1,0.969,0.063,0,1,0,103.369,1.95,7.4,1.631
11.233,intervention,0,0,37.006,31,20,35,1900,0,1.949,86.931,6.062,-4.244,0,7.4,1,0.968,0.058,0,1,0,103.652,1.95,7.4,1.594
11.242,intervention,0,0,37.006,31,20,35,1900,0,1.95,87.039,6.062,-4.244,0,7.4,1,0.939,0.073,0,1,0,103.935,1.95,7.4,1.558
11.25,intervention,0,0,37.006,30.999,20,35,1900,0,1.951,86.949,6.062,-4.244,0,7.4,1,0.94,0.06,0,1,0,104.219,1.95,7.4,1.522
11.258,intervention,0,0,37.006,30.999,20,35,1900,0,1.945,86.85,6.062,-4.244,0,7.4,1,0.934,0.07,0,1,0,104.502,1.95,7.4,1.485
11.267,intervention,0,0,37.006,30.998,20,35,1900,0,1.947,86.798,6.062,-4.244,0,7.4,1,0.946,0.067,0,1,0,104.785,1.95,7.4,1.449
11.275,intervention,0,0,37.006,30.998,20,35,1900,0,1.951,86.774,6.062,-4.244,0,7.4,1,0.953,0.075,0,1,0,105.069,1.95,7.4,1.412
11.283,intervention,0,0,37.006,30.997,20,35,1900,0,1.953,86.835,6.062,-4.244,0,7.4,1,0.97,0.071,0,1,0,105.352,1.95,7.4,1.376
11.292,intervention,0,0,37.006,30.996,20,35,1900,0,1.947,86.933,6.062,-4.244,0,7.4,1,0.96,0.075,0,1,0,105.635,1.95,7.4,1.34
11.3,intervention,0,0,37.006,30.995,20,35,1900,0,1.953,86.985,6.062,-4.244,0,7.4,1,0.945,0.067,0,1,0,105.919,1.95,7.4,1.303
11.308,intervention,0,0,37.006,30.994,20,35,1900,0,1.952,86.87,6.062,-4.244,0,7.4,1,0.956,0.066,0,1,0,106.202,1.95,7.4,1.267
11.317,intervention,0,0,37.006,30.993,20,35,1900,0,1.953,86.852,6.062,-4.244,0,7.4,1,0.966,0.065,0,1,0,106.485,1.95,7.4,1.231
11.325,intervention,0,0,37.006,30.992,20,35,1900,0,1.946,86.898,6.062,-4.244,0,7.4,1,0.94,0.055,0,1,0,106.769,1.95,7.4,1.195
11.333,intervention,0,0,37.006,30.991,20,35,1900,0,1.951,86.814,6.062,-4.244,0,7.4,1,0.969,0.053,0,1,0,107.052,1.95,7.4,1.158
11.342,intervention,0,0,37.006,30.989,20,35,1900,0,1.946,86.822,6.062,-4.244,0,7.4,1,0.941,0.07,0,1,0,107.335,1.95,7.4,1.122
11.35,intervention,0,0,37.006,30.988,20,35,1900,0,1.952,86.904,6.062,-4.244,0,7.4,1,0.969,0.071,0,1,0,107.619,1.95,7.4,1.086
11.358,intervention,0,0,37.006,30.986,20,35,1900,0,1.954,86.808,6.062,-4.244,0,7.4,1,0.939,0.068,0,1,0,107.902,1.95,7.4,1.05
11.367,intervention,0,0,37.006,30.984,20,35,1900,0,1.946,86.874,6.062,-4.244,0,7.4,1,0.949,0.064,0,1,0,108.185,1.95,7.4,1.014
11.375,intervention,0,0,37.006,30.982,20,35,1900,0,1.953,86.819,6.062,-4.244,0,7.4,1,0.967,0.062,0,1,0,108.469,1.95,7.4,0.978
11.383,intervention,0,0,37.006,30.98,20,35,1900,0,1.952,86.91,6.062,-4.244,0,7.4,1,0.939,0.063,0,1,0,108.752,1.95,7.4,0.942
11.392,intervention,0,0,37.006,30.978,20,35,1900,0,1.949,86.802,6.062,-4.244,0,7.4,1,0.955,0.074,0,1,0,109.035,1.95,7.4,0.907
11.4,intervention,0,0,37.006,30.976,20,35,1900,0,1.946,86.981,6.062,-4.244,0,7.4,1,0.954,0.067,0,1,0,109.319,1.95,7.4,0.871
11.408,intervention,0,0,37.006,30.974,20,35,1900,0,1.948,86.998,6.062,-4.244,0,7.4,1,0.957,0.063,0,1,0,109.602,1.95,7.4,0.835
11.417,intervention,0,0,37.006,30.972,20,35,1900,0,1.945,86.881,6.062,-4.244,0,7.4,1,0.954,0.07,0,1,0,109.885,1.95,7.4,0.8
11.425,intervention,0,0,37.006,30.969,20,35,1900,0,1.953,86.766,6.062,-4.244,0,7.4,1,0.948,0.063,0,1,0,110.169,1.95,7.4,0.764
11.433,intervention,0,0,37.006,30.967,20,35,1900,0,1.953,86.783,6.062,-4.244,0,7.4,1,0.964,0.067,0,1,0,110.452,1.95,7.4,0.729
11.442,intervention,0,0,37.006,30.964,20,35,1900,0,1.951,86.948,6.062,-4.244,0,7.4,1,0.956,0.063,0,1,0,110.735,1.95,7.4,0.693
11.45,intervention,0,0,37.006,30.961,20,35,1900,0,1.954,86.926,6.062,-4.244,0,7.4,1,0.955,0.073,0,1,0,111.019,1.95,7.4,0.658
11.458,intervention,0,0,37.006,30.958,20,35,1900,0,1.951,86.969,6.062,-4.244,0,7.4,1,0.967,0.059,0,1,0,111.302,1.95,7.4,0.623
11.467,intervention,0,0,37.006,30.955,20,35,1900,0,1.948,86.861,6.062,-4.244,0,7.4,1,0.939,0.061,0,1,0,111.585,1.95,7.4,0.588
11.475,intervention,0,0,37.006,30.952,20,35,1900,0,1.95,86.977,6.062,-4.244,0,7.4,1,0.952,0.073,0,1,0,111.869,1.95,7.4,0.553
11.483,intervention,0,0,37.006,30.949,20,35,1900,0,1.947,86.875,6.062,-4.244,0,7.4,1,0.95,0.061,0,1,0,112.152,1.95,7.4,0.518
11.492,intervention,0,0,37.006,30.946,20,35,1900,0,1.952,86.928,6.062,-4.244,0,7.4,1,0.965,0.072,0,1,0,112.435,1.95,7.4,0.483
11.5,intervention,0,0,37.006,30.943,20,35,1900,0,1.955,87.022,6.062,-4.244,0,7.4,1,0.935,0.069,0,1,0,112.719,1.95,7.4,0.449
11.508,intervention,0,0,37.006,30.939,20,35,1900,0,1.953,86.865,6.062,-4.244,0,7.4,1,0.942,0.062,0,1,0,113.002,1.95,7.4,0.414
11.517,intervention,0,0,37.006,30.936,20,35,1900,0,1.948,86.772,6.062,-4.244,0,7.4,1,0.955,0.079,0,1,0,113.285,1.95,7.4,0.38
11.525,intervention,0,0,37.006,30.932,20,35,1900,0,1.951,86.928,6.062,-4.244,0,7.4,1,0.951,0.069,0,1,0,113.569,1.95,7.4,0.346
11.533,intervention,0,0,37.006,30.928,20,35,1900,0,1.953,86.89,6.062,-4.244,0,7.4,1,0.948,0.056,0,1,0,113.852,1.95,7.4,0.312
11.542,intervention,0,0,37.006,30.924,20,35,1900,0,1.949,86.967,6.062,-4.244,0,7.4,1,0.958,0.055,0,1,0,114.135,1.95,7.4,0.278
11.55,intervention,0,0,37.006,30.92,20,35,1900,0,1.947,86.948,6.062,-4.244,0,7.4,1,0.943,0.058,0,1,0,114.419,1.95,7.4,0.244
11.558,intervention,0,0,37.006,30.916,20,35,1900,0,1.946,86.949,6.062,-4.244,0,7.4,1,0.952,0.062,0,1,0,114.702,1.95,7.4,0.211
11.567,intervention,0,0,37.006,30.912,20,35,1900,0,1.946,87.016,6.062,-4.244,0,7.4,1,0.952,0.057,0,1,0,114.985,1.95,7.4,0.178
11.575,intervention,0,0,37.006,30.908,20,35,1900,0,1.948,86.975,6.062,-4.244,0,7.4,1,0.965,0.063,0,1,0,115.269,1.95,7.4,0.145
11.583,intervention,0,0,37.006,30.903,20,35,1900,0,1.951,86.916,6.062,-4.244,0,7.4,1,0.949,0.067,0,1,0,115.552,1.95,7.4,0.112
11.592,intervention,0,0,37.006,30.899,20,35,1900,0,1.951,86.811,6.062,-4.244,0,7.4,1,0.966,0.072,0,1,0,115.835,1.95,7.4,0.08
11.6,intervention,0,0,37.006,30.894,20,35,1900,0,1.952,86.924,6.062,-4.244,0,7.4,1,0.948,0.076,0,1,0,116.119,1.95,7.4,0.047
11.608,intervention,0,0,37.006,30.89,20,35,1900,0,1.95,86.968,6.062,-4.244,0,7.4,1,0.965,0.056,0,1,0,116.402,1.95,7.4,0.016
11.617,intervention,0,0,37.006,30.885,20,35,1900,0,1.952,86.835,6.062,-4.244,0,7.4,1,0.938,0.077,0,1,0,116.685,1.95,7.4,0
11.625,intervention,0,0,37.006,30.88,20,35,1900,0,1.954,86.844,6.062,-4.244,0,7.4,1,0.969,0.055,0,1,0,116.685,1.95,7.4,0
11.633,intervention,0,0,37.006,30.875,20,35,1900,0,1.954,86.882,6.062,-4.244,0,7.4,1,0.941,0.069,0,1,0,116.685,1.95,7.4,0
11.642,intervention,0,0,37.006,30.87,20,35,1900,0,1.953,86.969,6.062,-4.244,0,7.4,1,0.966,0.072,0,1,0,116.685,1.95,7.4,0
11.65,intervention,0,0,37.006,30.865,20,35,1900,0,1.952,86.925,6.062,-4.244,0,7.4,1,0.957,0.066,0,1,0,116.685,1.95,7.4,0
11.658,intervention,0,0,37.006,30.86,20,35,1900,0,1.948,86.853,6.062,-4.244,0,7.4,1,0.957,0.064,0,1,0,116.685,1.95,7.4,0
11.667,intervention,0,0,37.006,30.855,20,35,1900,0,1.955,87.02,6.062,-4.244,0,7.4,1,0.937,0.077,0,1,0,116.685,1.95,7.4,0
11.675,intervention,0,0,37.006,30.849,20,35,1900,0,1.952,86.815,6.062,-4.244,0,7.4,1,0.96,0.054,0,1,0,116.685,1.95,7.4,0
11.683,intervention,0,0,37.006,30.844,20,35,1900,0,1.952,86.991,6.062,-4.244,0,7.4,1,0.939,0.055,0,1,0,116.685,1.95,7.4,0
11.692,intervention,0,0,37.006,30.838,20,35,1900,0,1.951,86.811,6.062,-4.244,0,7.4,1,0.938,0.07,0,1,0,116.685,1.95,7.4,0
11.7,intervention,0,0,37.006,30.832,20,35,1900,0,1.954,86.909,6.062,-4.244,0,7.4,1,0.952,0.069,0,1,0,116.685,1.95,7.4,0
11.708,intervention,0,0,37.006,30.826,20,35,1900,0,1.949,86.959,6.062,-4.244,0,7.4,1,0.933,0.072,0,1,0,116.685,1.95,7.4,0
11.717,intervention,0,0,37.006,30.82,20,35,1900,0,1.953,87.007,6.062,-4.244,0,7.4,1,0.963,0.072,0,1,0,116.685,1.95,7.4,0
11.725,intervention,0,0,37.006,30.814,20,35,1900,0,1.946,86.9,6.062,-4.244,0,7.4,1,0.949,0.058,0,1,0,116.685,1.95,7.4,0
11.733,intervention,0,0,37.006,30.808,20,35,1900,0,1.949,86.94,6.062,-4.244,0,7.4,1,0.969,0.064,0,1,0,116.685,1.95,7.4,0
11.742,intervention,0,0,37.006,30.802,20,35,1900,0,1.953,87.084,6.062,-4.244,0,7.4,1,0.948,0.079,0,1,0,116.685,1.95,7.4,0
11.75,intervention,0,0,37.006,30.796,20,35,1900,0,1.948,87.062,6.062,-4.244,0,7.4,1,0.942,0.063,0,1,0,116.685,1.95,7.4,0
11.758,intervention,0,0,37.006,30.789,20,35,1900,0,1.947,86.956,6.062,-4.244,0,7.4,1,0.936,0.052,0,1,0,116.685,1.95,7.4,0
11.767,intervention,0,0,37.006,30.783,20,35,1900,0,1.948,86.92,6.062,-4.244,0,7.4,1,0.934,0.067,0,1,0,116.685,1.95,7.4,0
11.775,intervention,0,0,37.006,30.776,20,35,1900,0,1.947,87.042,6.062,-4.244,0,7.4,1,0.954,0.078,0,1,0,116.685,1.95,7.4,0
11.783,intervention,0,0,37.006,30.77,20,35,1900,0,1.95,86.927,6.062,-4.244,0,7.4,1,0.949,0.064,0,1,0,116.685,1.95,7.4,0
11.792,intervention,0,0,37.006,30.763,20,35,1900,0,1.949,86.941,6.062,-4.244,0,7.4,1,0.934,0.075,0,1,0,116.685,1.95,7.4,0
11.8,intervention,0,0,37.006,30.756,20,35,1900,0,1.952,86.83,6.062,-4.244,0,7.4,1,0.936,0.07,0,1,0,116.685,1.95,7.4,0
11.808,intervention,0,0,37.006,30.749,20,35,1900,0,1.954,86.827,6.062,-4.244,0,7.4,1,0.965,0.053,0,1,0,116.685,1.95,7.4,0
11.817,intervention,0,0,37.006,30.742,20,35,1900,0,1.952,86.871,6.062,-4.244,0,7.4,1,0.931,0.077,0,1,0,116.685,1.95,7.4,0
11.825,intervention,0,0,37.006,30.735,20,35,1900,0,1.947,87.07,6.062,-4.244,0,7.4,1,0.966,0.065,0,1,0,116.685,1.95,7.4,0
11.833,intervention,0,0,37.006,30.728,20,35,1900,0,1.945,86.904,6.062,-4.244,0,7.4,1,0.951,0.066,0,1,0,116.685,1.95,7.4,0
11.842,intervention,0,0,37.006,30.72,20,35,1900,0,1.948,86.815,6.062,-4.244,0,7.4,1,0.942,0.058,0,1,0,116.685,1.95,7.4,0
11.85,intervention,0,0,37.006,30.713,20,35,1900,0,1.952,86.851,6.062,-4.244,0,7.4,1,0.934,0.077,0,1,0,116.685,1.95,7.4,0
11.858,intervention,0,0,37.006,30.705,20,35,1900,0,1.951,87.008,6.062,-4.244,0,7.4,1,0.932,0.075,0,1,0,116.685,1.95,7.4,0
11.867,intervention,0,0,37.006,30.698,20,35,1900,0,1.946,87.078,6.062,-4.244,0,7.4,1,0.932,0.074,0,1,0,116.685,1.95,7.4,0
11.875,intervention,0,0,37.006,30.69,20,35,1900,0,1.952,86.852,6.062,-4.244,0,7.4,1,0.933,0.075,0,1,0,116.685,1.95,7.4,0
11.883,intervention,0,0,37.006,30.682,20,35,1900,0,1.946,86.965,6.062,-4.244,0,7.4,1,0.936,0.063,0,1,0,116.685,1.95,7.4,0
11.892,intervention,0,0,37.006,30.674,20,35,1900,0,1.946,86.815,6.062,-4.244,0,7.4,1,0.96,0.074,0,1,0,116.685,1.95,7.4,0
11.9,intervention,0,0,37.006,30.666,20,35,1900,0,1.952,86.861,6.062,-4.244,0,7.4,1,0.957,0.054,0,1,0,116.685,1.95,7.4,0
11.908,intervention,0,0,37.006,30.658,20,35,1900,0,1.954,87.007,6.062,-4.244,0,7.4,1,0.931,0.077,0,1,0,116.685,1.95,7.4,0
11.917,intervention,0,0,37.006,30.65,20,35,1900,0,1.951,86.919,6.062,-4.244,0,7.4,1,0.96,0.069,0,1,0,116.685,1.95,7.4,0
11.925,intervention,0,0,37.006,30.642,20,35,1900,0,1.952,86.935,6.062,-4.244,0,7.4,1,0.967,0.064,0,1,0,116.685,1.95,7.4,0
11.933,intervention,0,0,37.006,30.634,20,35,1900,0,1.951,86.97,6.062,-4.244,0,7.4,1,0.932,0.076,0,1,0,116.685,1.95,7.4,0
11.942,intervention,0,0,37.006,30.625,20,35,1900,0,1.946,87.057,6.062,-4.244,0,7.4,1,0.938,0.069,0,1,0,116.685,1.95,7.4,0
11.95,intervention,0,0,37.006,30.617,20,35,1900,0,1.946,87.02,6.062,-4.244,0,7.4,1,0.935,0.062,0,1,0,116.685,1.95,7.4,0
11.958,intervention,0,0,37.006,30.608,20,35,1900,0,1.95,86.891,6.062,-4.244,0,7.4,1,0.958,0.066,0,1,0,116.685,1.95,7.4,0
11.967,intervention,0,0,37.006,30.599,20,35,1900,0,1.949,86.952,6.062,-4.244,0,7.4,1,0.939,0.078,0,1,0,116.685,1.95,7.4,0
11.975,intervention,0,0,37.006,30.591,20,35,1900,0,1.95,87.014,6.062,-4.244,0,7.4,1,0.937,0.057,0,1,0,116.685,1.95,7.4,0
11.983,intervention,0,0,37.006,30.582,20,35,1900,0,1.946,86.977,6.062,-4.244,0,7.4,1,0.943,0.077,0,1,0,116.685,1.95,7.4,0
11.992,intervention,0,0,37.006,30.573,20,35,1900,0,1.95,87.095,6.062,-4.244,0,7.4,1,0.969,0.061,0,1,0,116.685,1.95,7.4,0
12,intervention,0,0,37.006,30.564,20,35,1900,0,1.945,86.956,6.062,-4.244,0,7.4,1,0.955,0.075,0,1,0,116.685,1.95,7.4,0
12.008,intervention,0,0,37.006,30.555,20,35,1900,0,1.949,86.998,6.062,-4.244,0,7.4,1,0.933,0.078,0,1,0,116.685,1.95,7.4,0
12.017,intervention,0,0,37.006,30.545,20,35,1900,0,1.947,87.024,6.062,-4.244,0,7.4,1,0.96,0.058,0,1,0,116.685,1.95,7.4,0
12.025,intervention,0,0,37.006,30.536,20,35,1900,0,1.946,86.971,6.062,-4.244,0,7.4,1,0.967,0.056,0,1,0,116.685,1.95,7.4,0
12.033,intervention,0,0,37.006,30.527,20,35,1900,0,1.947,86.888,6.062,-4.244,0,7.4,1,0.95,0.078,0,1,0,116.685,1.95,7.4,0
12.042,intervention,0,0,37.006,30.517,20,35,1900,0,1.954,86.939,6.062,-4.244,0,7.4,1,0.957,0.061,0,1,0,116.685,1.95,7.4,0
12.05,intervention,0,0,37.006,30.508,20,35,1900,0,1.948,86.872,6.062,-4.244,0,7.4,1,0.966,0.07,0,1,0,116.685,1.95,7.4,0
12.058,intervention,0,0,37.006,30.498,20,35,1900,0,1.952,87.106,6.062,-4.244,0,7.4,1,0.954,0.055,0,1,0,116.685,1.95,7.4,0
12.067,intervention,0,0,37.006,30.488,20,35,1900,0,1.945,87.079,6.062,-4.244,0,7.4,1,0.964,0.052,0,1,0,116.685,1.95,7.4,0
12.075,intervention,0,0,37.006,30.479,20,35,1900,0,1.951,87.115,6.062,-4.244,0,7.4,1,0.965,0.054,0,1,0,116.685,1.95,7.4,0
12.083,intervention,0,0,37.006,30.469,20,35,1900,0,1.954,86.967,6.062,-4.244,0,7.4,1,0.964,0.061,0,1,0,116.685,1.95,7.4,0
12.092,intervention,0,0,37.006,30.459,20,35,1900,0,1.947,87.1,6.062,-4.244,0,7.4,1,0.942,0.054,0,1,0,116.685,1.95,7.4,0
12.1,intervention,0,0,37.006,30.449,20,35,1900,0,1.952,87.082,6.062,-4.244,0,7.4,1,0.938,0.067,0,1,0,116.685,1.95,7.4,0
12.108,intervention,0,0,37.006,30.438,20,35,1900,0,1.951,86.828,6.062,-4.244,0,7.4,1,0.969,0.063,0,1,0,116.685,1.95,7.4,0
12.117,intervention,0,0,37.006,30.428,20,35,1900,0,1.954,86.862,6.062,-4.244,0,7.4,1,0.931,0.056,0,1,0,116.685,1.95,7.4,0
12.125,intervention,0,0,37.006,30.418,20,35,1900,0,1.948,87.104,6.062,-4.244,0,7.4,1,0.934,0.06,0,1,0,116.685,1.95,7.4,0
12.133,intervention,0,0,37.006,30.407,20,35,1900,0,1.947,86.854,6.062,-4.244,0,7.4,1,0.937,0.058,0,1,0,116.685,1.95,7.4,0
12.142,intervention,0,0,37.006,30.397,20,35,1900,0,1.947,87.023,6.062,-4.244,0,7.4,1,0.967,0.068,0,1,0,116.685,1.95,7.4,0
12.15,intervention,0,0,37.006,30.386,20,35,1900,0,1.947,87.085,6.062,-4.244,0,7.4,1,0.936,0.057,0,1,0,116.685,1.95,7.4,0
12.158,intervention,0,0,37.006,30.376,20,35,1900,0,1.95,86.914,6.062,-4.244,0,7.4,1,0.934,0.074,0,1,0,116.685,1.95,7.4,0
12.167,intervention,0,0,37.006,30.365,20,35,1900,0,1.947,86.856,6.062,-4.244,0,7.4,1,0.959,0.056,0,1,0,116.685,1.95,7.4,0
12.175,intervention,0,0,37.006,30.354,20,35,1900,0,1.949,86.991,6.062,-4.244,0,7.4,1,0.962,0.058,0,1,0,116.685,1.95,7.4,0
12.183,intervention,0,0,37.006,30.343,20,35,1900,0,1.955,86.881,6.062,-4.244,0,7.4,1,0.933,0.076,0,1,0,116.685,1.95,7.4,0
12.192,intervention,0,0,37.006,30.332,20,35,1900,0,1.949,86.963,6.062,-4.244,0,7.4,1,0.94,0.063,0,1,0,116.685,1.95,7.4,0
12.2,intervention,0,0,37.006,30.321,20,35,1900,0,1.947,87.065,6.062,-4.244,0,7.4,1,0.937,0.053,0,1,0,116.685,1.95,7.4,0
12.208,intervention,0,0,37.006,30.31,20,35,1900,0,1.953,86.968,6.062,-4.244,0,7.4,1,0.963,0.063,0,1,0,116.685,1.95,7.4,0
12.217,intervention,0,0,37.006,30.299,20,35,1900,0,1.954,86.958,6.062,-4.244,0,7.4,1,0.967,0.076,0,1,0,116.685,1.95,7.4,0
12.225,intervention,0,0,37.006,30.288,20,35,1900,0,1.952,87.05,6.062,-4.244,0,7.4,1,0.969,0.06,0,1,0,116.685,1.95,7.4,0
12.233,intervention,0,0,37.006,30.276,20,35,1900,0,1.949,86.899,6.062,-4.244,0,7.4,1,0.961,0.071,0,1,0,116.685,1.95,7.4,0
12.242,intervention,0,0,37.006,30.265,20,35,1900,0,1.949,87.003,6.062,-4.244,0,7.4,1,0.938,0.074,0,1,0,116.685,1.95,7.4,0
12.25,intervention,0,0,37.006,30.253,20,35,1900,0,1.955,87.075,6.062,-4.244,0,7.4,1,0.957,0.076,0,1,0,116.685,1.95,7.4,0
12.258,intervention,0,0,37.006,30.242,20,35,1900,0,1.95,87.13,6.062,-4.244,0,7.4,1,0.962,0.062,0,1,0,116.685,1.95,7.4,0
12.267,intervention,0,0,37.006,30.23,20,35,1900,0,1.952,86.98,6.062,-4.244,0,7.4,1,0.97,0.07,0,1,0,116.685,1.95,7.4,0
12.275,intervention,0,0,37.006,30.218,20,35,1900,0,1.953,86.847,6.062,-4.244,0,7.4,1,0.941,0.059,0,1,0,116.685,1.95,7.4,0
12.283,intervention,0,0,37.006,30.207,20,35,1900,0,1.953,87.04,6.062,-4.244,0,7.4,1,0.963,0.065,0,1,0,116.685,1.95,7.4,0
12.292,intervention,0,0,37.006,30.195,20,35,1900,0,1.951,86.874,6.062,-4.244,0,7.4,1,0.935,0.051,0,1,0,116.685,1.95,7.4,0
12.3,intervention,0,0,37.006,30.183,20,35,1900,0,1.946,87.131,6.062,-4.244,0,7.4,1,0.969,0.058,0,1,0,116.685,1.95,7.4,0
12.308,intervention,0,0,37.006,30.171,20,35,1900,0,1.949,87.089,6.062,-4.244,0,7.4,1,0.934,0.064,0,1,0,116.685,1.95,7.4,0
12.317,intervention,0,0,37.006,30.159,20,35,1900,0,1.951,86.922,6.062,-4.244,0,7.4,1,0.954,0.054,0,1,0,116.685,1.95,7.4,0
12.325,intervention,0,0,37.006,30.146,20,35,1900,0,1.953,87.045,6.062,-4.244,0,7.4,1,0.952,0.075,0,1,0,116.685,1.95,7.4,0
12.333,intervention,0,0,37.006,30.134,20,35,1900,0,1.949,87.073,6.062,-4.244,0,7.4,1,0.949,0.08,0,1,0,116.685,1.95,7.4,0
12.342,intervention,0,0,37.006,30.122,20,35,1900,0,1.949,87.117,6.062,-4.244,0,7.4,1,0.964,0.071,0,1,0,116.685,1.95,7.4,0
12.35,intervention,0,0,37.006,30.109,20,35,1900,0,1.952,86.848,6.062,-4.244,0,7.4,1,0.943,0.053,0,1,0,116.685,1.95,7.4,0
12.358,intervention,0,0,37.006,30.097,20,35,1900,0,1.948,86.907,6.062,-4.244,0,7.4,1,0.948,0.056,0,1,0,116.685,1.95,7.4,0
12.367,intervention,0,0,37.006,30.084,20,35,1900,0,1.949,87.063,6.062,-4.244,0,7.4,1,0.941,0.053,0,1,0,116.685,1.95,7.4,0
12.375,intervention,0,0,37.006,30.072,20,35,1900,0,1.953,86.948,6.062,-4.244,0,7.4,1,0.946,0.064,0,1,0,116.685,1.95,7.4,0
12.383,intervention,0,0,37.006,30.059,20,35,1900,0,1.947,87.073,6.062,-4.244,0,7.4,1,0.945,0.061,0,1,0,116.685,1.95,7.4,0
12.392,intervention,0,0,37.006,30.046,20,35,1900,0,1.946,86.941,6.062,-4.244,0,7.4,1,0.944,0.071,0,1,0,116.685,1.95,7.4,0
12.4,intervention,0,0,37.006,30.033,20,35,1900,0,1.945,87.048,6.062,-4.244,0,7.4,1,0.937,0.052,0,1,0,116.685,1.95,7.4,0
12.408,intervention,0,0,37.006,30.021,20,35,1900,0,1.946,86.874,6.062,-4.244,0,7.4,1,0.937,0.062,0,1,0,116.685,1.95,7.4,0
12.417,intervention,0,0,37.006,30.008,20,35,1900,0,1.953,87.051,6.062,-4.244,0,7.4,1,0.961,0.068,0,1,0,116.685,1.95,7.4,0
12.425,intervention,0,0,37.006,29.995,20,35,1900,0,1.947,87.1,6.062,-4.244,0,7.4,1,0.97,0.054,0,1,0,116.685,1.95,7.4,0
12.433,intervention,0,0,37.006,29.981,20,35,1900,0,1.953,86.936,6.062,-4.244,0,7.4,1,0.937,0.07,0,1,0,116.685,1.95,7.4,0
12.442,intervention,0,0,37.006,29.968,20,35,1900,0,1.953,87.07,6.062,-4.244,0,7.4,1,0.935,0.08,0,1,0,116.685,1.95,7.4,0
12.45,intervention,0,0,37.006,29.955,20,35,1900,0,1.945,86.954,6.062,-4.244,0,7.4,1,0.949,0.068,0,1,0,116.685,1.95,7.4,0
12.458,intervention,0,0,37.006,29.942,20,35,1900,0,1.952,86.996,6.062,-4.244,0,7.4,1,0.951,0.065,0,1,0,116.685,1.95,7.4,0
12.467,intervention,0,0,37.006,29.928,20,35,1900,0,1.953,87.078,6.062,-4.244,0,7.4,1,0.953,0.066,0,1,0,116.685,1.95,7.4,0
12.475,intervention,0,0,37.006,29.915,20,35,1900,0,1.953,87.111,6.062,-4.244,0,7.4,1,0.964,0.053,0,1,0,116.685,1.95,7.4,0
12.483,intervention,0,0,37.006,29.901,20,35,1900,0,1.948,86.869,6.062,-4.244,0,7.4,1,0.969,0.051,0,1,0,116.685,1.95,7.4,0
12.492,intervention,0,0,37.006,29.888,20,35,1900,0,1.946,86.986,6.062,-4.244,0,7.4,1,0.939,0.067,0,1,0,116.685,1.95,7.4,0
12.5,intervention,0,0,37.006,29.874,20,35,1900,0,1.947,86.91,6.062,-4.244,0,7.4,1,0.968,0.054,0,1,0,116.685,1.95,7.4,0
12.508,intervention,0,0,37.006,29.86,20,35,1900,0,1.953,87.095,6.062,-4.244,0,7.4,1,0.934,0.056,0,1,0,116.685,1.95,7.4,0
12.517,intervention,0,0,37.006,29.847,20,35,1900,0,1.952,87.026,6.062,-4.244,0,7.4,1,0.944,0.073,0,1,0,116.685,1.95,7.4,0
12.525,intervention,0,0,37.006,29.833,20,35,1900,0,1.947,87.114,6.062,-4.244,0,7.4,1,0.936,0.066,0,1,0,116.685,1.95,7.4,0
12.533,intervention,0,0,37.006,29.819,20,35,1900,0,1.953,87.016,6.062,-4.244,0,7.4,1,0.945,0.068,0,1,0,116.685,1.95,7.4,0
12.542,intervention,0,0,37.006,29.805,20,35,1900,0,1.945,86.879,6.062,-4.244,0,7.4,1,0.948,0.053,0,1,0,116.685,1.95,7.4,0
12.55,intervention,0,0,37.006,29.791,20,35,1900,0,1.95,87.064,6.062,-4.244,0,7.4,1,0.937,0.055,0,1,0,116.685,1.95,7.4,0
12.558,intervention,0,0,37.006,29.777,20,35,1900,0,1.946,86.937,6.062,-4.244,0,7.4,1,0.963,0.068,0,1,0,116.685,1.95,7.4,0
12.567,intervention,0,0,37.006,29.763,20,35,1900,0,1.949,87.141,6.062,-4.244,0,7.4,1,0.961,0.079,0,1,0,116.685,1.95,7.4,0
12.575,intervention,0,0,37.006,29.749,20,35,1900,0,1.948,87.105,6.062,-4.244,0,7.4,1,0.966,0.069,0,1,0,116.685,1.95,7.4,0
12.583,intervention,0,0,37.006,29.734,20,35,1900,0,1.946,86.984,6.062,-4.244,0,7.4,1,0.943,0.054,0,1,0,116.685,1.95,7.4,0
12.592,intervention,0,0,37.006,29.72,20,35,1900,0,1.946,87.114,6.062,-4.244,0,7.4,1,0.961,0.065,0,1,0,116.685,1.95,7.4,0
12.6,intervention,0,0,37.006,29.706,20,35,1900,0,1.95,86.88,6.062,-4.244,0,7.4,1,0.117,0.066,0,0,0,116.685,1.95,7.4,0
12.608,intervention,0,0,37.006,29.691,20,35,1900,0,1.952,87.007,6.062,-4.244,0,7.4,1,0.088,0.064,0,0,0,116.685,1.95,7.4,0
12.617,intervention,0,0,37.006,29.677,20,35,1900,0,1.945,86.884,6.062,-4.244,0,7.4,1,0.097,0.055,0,0,0,116.685,1.95,7.4,0
12.625,intervention,0,0,37.006,29.662,20,35,1900,0,1.949,87.012,6.062,-4.244,0,7.4,1,0.098,0.058,0,0,0,116.685,1.95,7.4,0
12.633,intervention,0,0,37.006,29.648,20,35,1900,0,1.947,86.939,6.062,-4.244,0,7.4,1,0.119,0.074,0,0,0,116.685,1.95,7.4,0
12.642,intervention,0,0,37.006,29.633,20,35,1900,0,1.955,87.161,6.062,-4.244,0,7.4,1,0.932,0.08,0,0,0,116.685,1.95,7.4,0
12.65,intervention,0,0,37.006,29.618,20,35,1900,0,1.952,87.059,6.062,-4.244,0,7.4,1,0.938,0.056,0,0,0,116.685,1.95,7.4,0
12.658,intervention,0,0,37.006,29.604,20,35,1900,0,1.952,86.985,6.062,-4.244,0,7.4,1,0.933,0.057,0,0,0,116.685,1.95,7.4,0
12.667,intervention,0,0,37.006,29.589,20,35,1900,0,1.949,86.999,6.062,-4.244,0,7.4,1,0.923,0.053,0,0,0,116.685,1.95,7.4,0
12.675,intervention,0,0,37.006,29.574,20,35,1900,0,1.952,87.148,6.062,-4.244,0,7.4,1,0.924,0.054,0,0,0,116.685,1.95,7.4,0
12.683,intervention,0,0,37.006,29.559,20,35,1900,0,1.954,87.088,6.062,-4.244,0,7.4,1,0.932,0.05,0,0,0,116.685,1.95,7.4,0
12.692,intervention,0,0,37.006,29.544,20,35,1900,0,1.948,86.912,6.062,-4.244,0,7.4,1,0.907,0.052,0,0,0,116.685,1.95,7.4,0
12.7,intervention,0,0,37.006,29.529,20,35,1900,0,1.947,86.966,6.062,-4.244,0,7.4,1,0.939,0.051,0,0,0,116.685,1.95,7.4,0
12.708,intervention,0,0,37.006,29.514,20,35,1900,0,1.95,86.943,6.062,-4.244,0,7.4,1,0.929,0.079,0,0,0,116.685,1.95,7.4,0
12.717,intervention,0,0,37.006,29.499,20,35,1900,0,1.95,86.927,6.062,-4.244,0,7.4,1,0.934,0.076,0,0,0,116.685,1.95,7.4,0
12.725,intervention,0,0,37.006,29.484,20,35,1900,0,1.95,87.071,6.062,-4.244,0,7.4,1,0.913,0.062,0,0,0,116.685,1.95,7.4,0
12.733,intervention,0,0,37.006,29.468,20,35,1900,0,1.951,86.869,6.062,-4.244,0,7.4,1,0.923,0.074,0,0,0,116.685,1.95,7.4,0
12.742,intervention,0,0,37.006,29.453,20,35,1900,0,1.946,87.133,6.062,-4.244,0,7.4,1,0.929,0.054,0,0,0,116.685,1.95,7.4,0
12.75,intervention,0,0,37.006,29.438,20,35,1900,0,1.95,87.156,6.062,-4.244,0,7.4,1,0.939,0.07,0,0,0,116.685,1.95,7.4,0
12.758,intervention,0,0,37.006,29.422,20,35,1900,0,1.95,87.053,6.062,-4.244,0,7.4,1,0.93,0.072,0,0,0,116.685,1.95,7.4,0
12.767,intervention,0,0,37.006,29.407,20,35,1900,0,1.953,87.151,6.062,-4.244,0,7.4,1,0.926,0.056,0,0,0,116.685,1.95,7.4,0
12.775,intervention,0,0,37.006,29.391,20,35,1900,0,1.954,87.123,6.062,-4.244,0,7.4,1,0.916,0.06,0,0,0,116.685,1.95,7.4,0
12.783,intervention,0,0,37.006,29.376,20,35,1900,0,1.952,86.901,6.062,-4.244,0,7.4,1,0.937,0.062,0,0,0,116.685,1.95,7.4,0
12.792,intervention,0,0,37.006,29.36,20,35,1900,0,1.953,86.991,6.062,-4.244,0,7.4,1,0.918,0.073,0,0,0,116.685,1.95,7.4,0
12.8,intervention,0,0,37.006,29.345,20,35,1900,0,1.945,86.924,6.062,-4.244,0,7.4,1,0.083,0.062,0,0,0,116.685,1.95,7.4,0
12.808,intervention,0,0,37.006,29.329,20,35,1900,0,1.949,87.003,6.062,-4.244,0,7.4,1,0.083,0.055,0,0,0,116.685,1.95,7.4,0
12.817,intervention,0,0,37.006,29.313,20,35,1900,0,1.95,87.007,6.062,-4.244,0,7.4,1,0.095,0.074,0,0,0,116.685,1.95,7.4,0
12.825,intervention,0,0,37.006,29.298,20,35,1900,0,1.949,87.011,6.062,-4.244,0,7.4,1,0.085,0.053,0,0,0,116.685,1.95,7.4,0
12.833,intervention,0,0,37.006,29.282,20,35,1900,0,1.951,86.912,6.062,-4.244,0,7.4,1,0.115,0.07,0,0,0,116.685,1.95,7.4,0
12.842,intervention,0,0,37.006,29.266,20,35,1900,0,1.953,86.986,6.062,-4.244,0,7.4,1,0.114,0.069,0,0,0,116.685,1.95,7.4,0
12.85,intervention,0,0,37.006,29.25,20,35,1900,0,1.948,87.095,6.062,-4.244,0,7.4,1,0.114,0.057,0,0,0,116.685,1.95,7.4,0
12.858,intervention,0,0,37.006,29.234,20,35,1900,0,1.954,87.119,6.062,-4.244,0,7.4,1,0.084,0.073,0,0,0,116.685,1.95,7.4,0
12.867,intervention,0,0,37.006,29.218,20,35,1900,0,1.953,86.955,6.062,-4.244,0,7.4,1,0.093,0.063,0,0,0,116.685,1.95,7.4,0
12.875,intervention,0,0,37.006,29.202,20,35,1900,0,1.948,87.04,6.062,-4.244,0,7.4,1,0.104,0.057,0,0,0,116.685,1.95,7.4,0
12.883,intervention,0,0,37.006,29.186,20,35,1900,0,1.953,86.944,6.062,-4.244,0,7.4,1,0.109,0.076,0,0,0,116.685,1.95,7.4,0
12.892,intervention,0,0,37.006,29.17,20,35,1900,0,1.946,87.141,6.062,-4.244,0,7.4,1,0.085,0.051,0,0,0,116.685,1.95,7.4,0
12.9,intervention,0,0,37.006,29.154,20,35,1900,0,1.951,86.945,6.062,-4.244,0,7.4,1,0.096,0.052,0,0,0,116.685,1.95,7.4,0
12.908,intervention,0,0,37.006,29.138,20,35,1900,0,1.947,86.944,6.062,-4.244,0,7.4,1,0.1,0.06,0,0,0,116.685,1.95,7.4,0
12.917,intervention,0,0,37.006,29.121,20,35,1900,0,1.955,87.163,6.062,-4.244,0,7.4,1,0.11,0.056,0,0,0,116.685,1.95,7.4,0
12.925,intervention,0,0,37.006,29.105,20,35,1900,0,1.947,87.15,6.062,-4.244,0,7.4,1,0.097,0.065,0,0,0,116.685,1.95,7.4,0
12.933,intervention,0,0,37.006,29.089,20,35,1900,0,1.948,87.125,6.062,-4.244,0,7.4,1,0.119,0.077,0,0,0,116.685,1.95,7.4,0
12.942,intervention,0,0,37.006,29.073,20,35,1900,0,1.955,86.939,6.062,-4.244,0,7.4,1,0.112,0.069,0,0,0,116.685,1.95,7.4,0
12.95,intervention,0,0,37.006,29.056,20,35,1900,0,1.949,86.973,6.062,-4.244,0,7.4,1,0.099,0.061,0,0,0,116.685,1.95,7.4,0
12.958,intervention,0,0,37.006,29.04,20,35,1900,0,1.95,87.127,6.062,-4.244,0,7.4,1,0.087,0.063,0,0,0,116.685,1.95,7.4,0
12.967,intervention,0,0,37.006,29.023,20,35,1900,0,1.95,86.975,6.062,-4.244,0,7.4,1,0.119,0.071,0,0,0,116.685,1.95,7.4,0
12.975,intervention,0,0,37.006,29.007,20,35,1900,0,1.946,87.001,6.062,-4.244,0,7.4,1,0.085,0.068,0,0,0,116.685,1.95,7.4,0
12.983,intervention,0,0,37.006,28.99,20,35,1900,0,1.948,86.974,6.062,-4.244,0,7.4,1,0.115,0.063,0,0,0,116.685,1.95,7.4,0
12.992,intervention,0,0,37.006,28.974,20,35,1900,0,1.954,87.111,6.062,-4.244,0,7.4,1,0.093,0.066,0,0,0,116.685,1.95,7.4,0
13,intervention,0,0,37.006,28.957,20,35,1900,0,1.954,87.064,6.062,-4.244,0,7.4,1,0.085,0.078,0,0,0,116.685,1.95,7.4,0
13.008,intervention,0,0,37.006,28.941,20,35,1900,0,1.951,87.188,6.062,-4.244,0,7.4,1,0.119,0.077,0,0,0,116.685,1.95,7.4,0
13.017,intervention,0,0,37.006,28.924,20,35,1900,0,1.949,87.035,6.062,-4.244,0,7.4,1,0.089,0.061,0,0,0,116.685,1.95,7.4,0
13.025,intervention,0,0,37.006,28.907,20,35,1900,0,1.955,87.074,6.062,-4.244,0,7.4,1,0.09,0.077,0,0,0,116.685,1.95,7.4,0
13.033,intervention,0,0,37.006,28.891,20,35,1900,0,1.954,87.004,6.062,-4.244,0,7.4,1,0.092,0.079,0,0,0,116.685,1.95,7.4,0
13.042,intervention,0,0,37.006,28.874,20,35,1900,0,1.955,86.969,6.062,-4.244,0,7.4,1,0.086,0.056,0,0,0,116.685,1.95,7.4,0
13.05,intervention,0,0,37.006,28.857,20,35,1900,0,1.946,87.046,6.062,-4.244,0,7.4,1,0.112,0.07,0,0,0,116.685,1.95,7.4,0
13.058,intervention,0,0,37.006,28.84,20,35,1900,0,1.954,87.105,6.062,-4.244,0,7.4,1,0.082,0.066,0,0,0,116.685,1.95,7.4,0
13.067,intervention,0,0,37.006,28.824,20,35,1900,0,1.953,87.08,6.062,-4.244,0,7.4,1,0.094,0.065,0,0,0,116.685,1.95,7.4,0
13.075,intervention,0,0,37.006,28.807,20,35,1900,0,1.948,86.9,6.062,-4.244,0,7.4,1,0.08,0.064,0,0,0,116.685,1.95,7.4,0
13.083,intervention,0,0,37.006,28.79,20,35,1900,0,1.953,86.95,6.062,-4.244,0,7.4,1,0.112,0.079,0,0,0,116.685,1.95,7.4,0
13.092,intervention,0,0,37.006,28.773,20,35,1900,0,1.948,87.121,6.062,-4.244,0,7.4,1,0.101,0.055,0,0,0,116.685,1.95,7.4,0
13.1,intervention,0,0,37.006,28.756,20,35,1900,0,1.946,86.929,6.062,-4.244,0,7.4,1,0.11,0.069,0,0,0,116.685,1.95,7.4,0
13.108,intervention,0,0,37.006,28.739,20,35,1900,0,1.952,87.085,6.062,-4.244,0,7.4,1,0.112,0.062,0,0,0,116.685,1.95,7.4,0
13.117,intervention,0,0,37.006,28.722,20,35,1900,0,1.951,87.084,6.062,-4.244,0,7.4,1,0.102,0.06,0,0,0,116.685,1.95,7.4,0
13.125,intervention,0,0,37.006,28.705,20,35,1900,0,1.948,87.179,6.062,-4.244,0,7.4,1,0.084,0.065,0,0,0,116.685,1.95,7.4,0
13.133,intervention,0,0,37.006,28.688,20,35,1900,0,1.954,87.177,6.062,-4.244,0,7.4,1,0.108,0.056,0,0,0,116.685,1.95,7.4,0
13.142,intervention,0,0,37.006,28.671,20,35,1900,0,1.954,87.083,6.062,-4.244,0,7.4,1,0.111,0.063,0,0,0,116.685,1.95,7.4,0
13.15,intervention,0,0,37.006,28.654,20,35,1900,0,1.947,86.999,6.062,-4.244,0,7.4,1,0.082,0.058,0,0,0,116.685,1.95,7.4,0
13.158,intervention,0,0,37.006,28.637,20,35,1900,0,1.947,87.135,6.062,-4.244,0,7.4,1,0.107,0.068,0,0,0,116.685,1.95,7.4,0
13.167,intervention,0,0,37.006,28.62,20,35,1900,0,1.954,87.161,6.062,-4.244,0,7.4,1,0.094,0.061,0,0,0,116.685,1.95,7.4,0
13.175,intervention,0,0,37.006,28.603,20,35,1900,0,1.952,87.197,6.062,-4.244,0,7.4,1,0.099,0.063,0,0,0,116.685,1.95,7.4,0
13.183,intervention,0,0,37.006,28.586,20,35,1900,0,1.954,87.077,6.062,-4.244,0,7.4,1,0.097,0.053,0,0,0,116.685,1.95,7.4,0
13.192,intervention,0,0,37.006,28.568,20,35,1900,0,1.949,87.138,6.062,-4.244,0,7.4,1,0.117,0.07,0,0,0,116.685,1.95,7.4,0
13.2,intervention,0,0,37.006,28.551,20,35,1900,0,1.946,87.039,6.062,-4.244,0,7.4,1,0.099,0.07,0,0,0,116.685,1.95,7.4,0
13.208,intervention,0,0,37.006,28.534,20,35,1900,0,1.947,87.137,6.062,-4.244,0,7.4,1,0.086,0.058,0,0,0,116.685,1.95,7.4,0
13.217,intervention,0,0,37.006,28.517,20,35,1900,0,1.954,87.045,6.062,-4.244,0,7.4,1,0.119,0.067,0,0,0,116.685,1.95,7.4,0
13.225,intervention,0,0,37.006,28.499,20,35,1900,0,1.95,86.927,6.062,-4.244,0,7.4,1,0.082,0.072,0,0,0,116.685,1.95,7.4,0
13.233,intervention,0,0,37.006,28.482,20,35,1900,0,1.952,87.048,6.062,-4.244,0,7.4,1,0.085,0.058,0,0,0,116.685,1.95,7.4,0
13.242,intervention,0,0,37.006,28.465,20,35,1900,0,1.95,87.146,6.062,-4.244,0,7.4,1,0.107,0.054,0,0,0,116.685,1.95,7.4,0
13.25,intervention,0,0,37.006,28.448,20,35,1900,0,1.949,87.041,6.062,-4.244,0,7.4,1,0.099,0.058,0,0,0,116.685,1.95,7.4,0
13.258,intervention,0,0,37.006,28.43,20,35,1900,0,1.948,87.066,6.062,-4.244,0,7.4,1,0.084,0.068,0,0,0,116.685,1.95,7.4,0
13.267,intervention,0,0,37.006,28.413,20,35,1900,0,1.953,87.18,6.062,-4.244,0,7.4,1,0.092,0.054,0,0,0,116.685,1.95,7.4,0
13.275,intervention,0,0,37.006,28.396,20,35,1900,0,1.954,87.211,6.062,-4.244,0,7.4,1,0.102,0.06,0,0,0,116.685,1.95,7.4,0
13.283,intervention,0,0,37.006,28.378,20,35,1900,0,1.955,87.052,6.062,-4.244,0,7.4,1,0.115,0.053,0,0,0,116.685,1.95,7.4,0
13.292,intervention,0,0,37.006,28.361,20,35,1900,0,1.952,87.074,6.062,-4.244,0,7.4,1,0.088,0.051,0,0,0,116.685,1.95,7.4,0
13.3,intervention,0,0,37.006,28.344,20,35,1900,0,1.952,86.965,6.062,-4.244,0,7.4,1,0.112,0.065,0,0,0,116.685,1.95,7.4,0
13.308,intervention,0,0,37.006,28.326,20,35,1900,0,1.946,87.094,6.062,-4.244,0,7.4,1,0.105,0.054,0,0,0,116.685,1.95,7.4,0
13.317,intervention,0,0,37.006,28.309,20,35,1900,0,1.949,86.988,6.062,-4.244,0,7.4,1,0.093,0.054,0,0,0,116.685,1.95,7.4,0
13.325,intervention,0,0,37.006,28.291,20,35,1900,0,1.95,86.927,6.062,-4.244,0,7.4,1,0.092,0.059,0,0,0,116.685,1.95,7.4,0
13.333,intervention,0,0,37.006,28.274,20,35,1900,0,1.954,86.973,6.062,-4.244,0,7.4,1,0.116,0.073,0,0,0,116.685,1.95,7.4,0
13.342,intervention,0,0,37.006,28.257,20,35,1900,0,1.954,87.145,6.062,-4.244,0,7.4,1,0.118,0.064,0,0,0,116.685,1.95,7.4,0
13.35,intervention,0,0,37.006,28.239,20,35,1900,0,1.946,87.17,6.062,-4.244,0,7.4,1,0.11,0.073,0,0,0,116.685,1.95,7.4,0
13.358,intervention,0,0,37.006,28.222,20,35,1900,0,1.945,87.202,6.062,-4.244,0,7.4,1,0.094,0.065,0,0,0,116.685,1.95,7.4,0
13.367,intervention,0,0,37.006,28.204,20,35,1900,0,1.955,87.003,6.062,-4.244,0,7.4,1,0.109,0.063,0,0,0,116.685,1.95,7.4,0
13.375,intervention,0,0,37.006,28.187,20,35,1900,0,1.95,87.166,6.062,-4.244,0,7.4,1,0.099,0.052,0,0,0,116.685,1.95,7.4,0
13.383,intervention,0,0,37.006,28.169,20,35,1900,0,1.951,86.959,6.062,-4.244,0,7.4,1,0.111,0.078,0,0,0,116.685,1.95,7.4,0
13.392,intervention,0,0,37.006,28.152,20,35,1900,0,1.95,87.062,6.062,-4.244,0,7.4,1,0.101,0.064,0,0,0,116.685,1.95,7.4,0
13.4,intervention,0,0,37.006,28.134,20,35,1900,0,1.948,86.939,6.062,-4.244,0,7.4,1,0.091,0.054,0,0,0,116.685,1.95,7.4,0
13.408,recovered,0,0,37.006,28.117,20,35,1900,0,1.947,87.207,6.062,-4.244,0,7.4,1,0.105,0.078,0,0,0,116.685,1.95,7.4,0
13.417,recovered,0,0,37.006,28.099,20,35,1900,0,1.955,86.986,6.062,-4.244,0,7.4,1,0.118,0.068,0,0,0,116.685,1.95,7.4,0
13.425,recovered,0,0,37.006,28.082,20,35,1900,0,1.947,86.979,6.062,-4.244,0,7.4,1,0.118,0.058,0,0,0,116.685,1.95,7.4,0
13.433,recovered,0,0,37.006,28.064,20,35,1900,0,1.954,87.039,6.062,-4.244,0,7.4,1,0.096,0.08,0,0,0,116.685,1.95,7.4,0
13.442,recovered,0,0,37.006,28.047,20,35,1900,0,1.95,87.148,6.062,-4.244,0,7.4,1,0.084,0.068,0,0,0,116.685,1.95,7.4,0
13.45,recovered,0,0,37.006,28.029,20,35,1900,0,1.948,87.175,6.062,-4.244,0,7.4,1,0.115,0.054,0,0,0,116.685,1.95,7.4,0
13.458,recovered,0,0,37.006,28.012,20,35,1900,0,1.95,87.216,6.062,-4.244,0,7.4,1,0.113,0.072,0,0,0,116.685,1.95,7.4,0
13.467,recovered,0,0,37.006,27.994,20,35,1900,0,1.946,87.052,6.062,-4.244,0,7.4,1,0.109,0.072,0,0,0,116.685,1.95,7.4,0
13.475,recovered,0,0,37.006,27.977,20,35,1900,0,1.946,87.136,6.062,-4.244,0,7.4,1,0.115,0.057,0,0,0,116.685,1.95,7.4,0
13.483,recovered,0,0,37.006,27.959,20,35,1900,0,1.946,87.03,6.062,-4.244,0,7.4,1,0.099,0.059,0,0,0,116.685,1.95,7.4,0
13.492,recovered,0,0,37.006,27.942,20,35,1900,0,1.954,87.221,6.062,-4.244,0,7.4,1,0.086,0.072,0,0,0,116.685,1.95,7.4,0
13.5,recovered,0,0,37.006,27.924,20,35,1900,0,1.948,87.046,6.062,-4.244,0,7.4,1,0.099,0.055,0,0,0,116.685,1.95,7.4,0
13.508,recovered,0,0,37.006,27.907,20,35,1900,0,1.95,87.22,6.062,-4.244,0,7.4,1,0.081,0.062,0,0,0,116.685,1.95,7.4,0
13.517,recovered,0,0,37.006,27.889,20,35,1900,0,1.951,87.164,6.062,-4.244,0,7.4,1,0.118,0.054,0,0,0,116.685,1.95,7.4,0
13.525,recovered,0,0,37.006,27.872,20,35,1900,0,1.951,86.967,6.062,-4.244,0,7.4,1,0.113,0.061,0,0,0,116.685,1.95,7.4,0
13.533,recovered,0,0,37.006,27.854,20,35,1900,0,1.945,87.172,6.062,-4.244,0,7.4,1,0.091,0.051,0,0,0,116.685,1.95,7.4,0
13.542,recovered,0,0,37.006,27.837,20,35,1900,0,1.947,87.025,6.062,-4.244,0,7.4,1,0.118,0.079,0,0,0,116.685,1.95,7.4,0
13.55,recovered,0,0,37.006,27.819,20,35,1900,0,1.951,87.007,6.062,-4.244,0,7.4,1,0.09,0.075,0,0,0,116.685,1.95,7.4,0
13.558,recovered,0,0,37.006,27.802,20,35,1900,0,1.949,87.123,6.062,-4.244,0,7.4,1,0.082,0.065,0,0,0,116.685,1.95,7.4,0
13.567,recovered,0,0,37.006,27.785,20,35,1900,0,1.947,87.089,6.062,-4.244,0,7.4,1,0.088,0.076,0,0,0,116.685,1.95,7.4,0
13.575,recovered,0,0,37.006,27.767,20,35,1900,0,1.951,87.094,6.062,-4.244,0,7.4,1,0.115,0.073,0,0,0,116.685,1.95,7.4,0
13.583,recovered,0,0,37.006,27.75,20,35,1900,0,1.948,87.201,6.062,-4.244,0,7.4,1,0.104,0.067,0,0,0,116.685,1.95,7.4,0
13.592,recovered,0,0,37.006,27.732,20,35,1900,0,1.95,87.13,6.062,-4.244,0,7.4,1,0.103,0.064,0,0,0,116.685,1.95,7.4,0
13.6,recovered,0,0,37.006,27.715,20,35,1900,0,1.952,87.188,6.062,-4.244,0,7.4,1,0.109,0.065,0,0,0,116.685,1.95,7.4,0
13.608,recovered,0,0,37.006,27.697,20,35,1900,0,1.955,87.031,6.062,-4.244,0,7.4,1,0.09,0.075,0,0,0,116.685,1.95,7.4,0
13.617,recovered,0,0,37.006,27.68,20,35,1900,0,1.946,87.035,6.062,-4.244,0,7.4,1,0.082,0.068,0,0,0,116.685,1.95,7.4,0
13.625,recovered,0,0,37.006,27.663,20,35,1900,0,1.946,87.219,6.062,-4.244,0,7.4,1,0.117,0.08,0,0,0,116.685,1.95,7.4,0
13.633,recovered,0,0,37.006,27.645,20,35,1900,0,1.947,87.222,6.062,-4.244,0,7.4,1,0.116,0.055,0,0,0,116.685,1.95,7.4,0
13.642,recovered,0,0,37.006,27.628,20,35,1900,0,1.951,87.035,6.062,-4.244,0,7.4,1,0.094,0.073,0,0,0,116.685,1.95,7.4,0
13.65,recovered,0,0,37.006,27.61,20,35,1900,0,1.953,87.102,6.062,-4.244,0,7.4,1,0.081,0.06,0,0,0,116.685,1.95,7.4,0
13.658,recovered,0,0,37.006,27.593,20,35,1900,0,1.951,87.187,6.062,-4.244,0,7.4,1,0.102,0.069,0,0,0,116.685,1.95,7.4,0
13.667,recovered,0,0,37.006,27.576,20,35,1900,0,1.946,87.084,6.062,-4.244,0,7.4,1,0.119,0.076,0,0,0,116.685,1.95,7.4,0
13.675,recovered,0,0,37.006,27.558,20,35,1900,0,1.949,87.042,6.062,-4.244,0,7.4,1,0.109,0.059,0,0,0,116.685,1.95,7.4,0
13.683,recovered,0,0,37.006,27.541,20,35,1900,0,1.951,86.979,6.062,-4.244,0,7.4,1,0.082,0.069,0,0,0,116.685,1.95,7.4,0
13.692,recovered,0,0,37.006,27.524,20,35,1900,0,1.945,86.98,6.062,-4.244,0,7.4,1,0.108,0.053,0,0,0,116.685,1.95,7.4,0
13.7,recovered,0,0,37.006,27.507,20,35,1900,0,1.951,87.239,6.062,-4.244,0,7.4,1,0.094,0.066,0,0,0,116.685,1.95,7.4,0
13.708,recovered,0,0,37.006,27.489,20,35,1900,0,1.951,87.19,6.062,-4.244,0,7.4,1,0.086,0.054,0,0,0,116.685,1.95,7.4,0
13.717,recovered,0,0,37.006,27.472,20,35,1900,0,1.954,87.026,6.062,-4.244,0,7.4,1,0.11,0.079,0,0,0,116.685,1.95,7.4,0
13.725,recovered,0,0,37.006,27.455,20,35,1900,0,1.953,87.023,6.062,-4.244,0,7.4,1,0.097,0.079,0,0,0,116.685,1.95,7.4,0
13.733,recovered,0,0,37.006,27.438,20,35,1900,0,1.948,86.984,6.062,-4.244,0,7.4,1,0.106,0.072,0,0,0,116.685,1.95,7.4,0
13.742,recovered,0,0,37.006,27.42,20,35,1900,0,1.952,87.229,6.062,-4.244,0,7.4,1,0.087,0.079,0,0,0,116.685,1.95,7.4,0
13.75,recovered,0,0,37.006,27.403,20,35,1900,0,1.948,87.24,6.062,-4.244,0,7.4,1,0.112,0.068,0,0,0,116.685,1.95,7.4,0
13.758,recovered,0,0,37.006,27.386,20,35,1900,0,1.955,87.131,6.062,-4.244,0,7.4,1,0.115,0.073,0,0,0,116.685,1.95,7.4,0
13.767,recovered,0,0,37.006,27.369,20,35,1900,0,1.947,87.101,6.062,-4.244,0,7.4,1,0.091,0.06,0,0,0,116.685,1.95,7.4,0
13.775,recovered,0,0,37.006,27.352,20,35,1900,0,1.946,87.048,6.062,-4.244,0,7.4,1,0.088,0.075,0,0,0,116.685,1.95,7.4,0
13.783,recovered,0,0,37.006,27.335,20,35,1900,0,1.953,87.218,6.062,-4.244,0,7.4,1,0.099,0.053,0,0,0,116.685,1.95,7.4,0
13.792,recovered,0,0,37.006,27.318,20,35,1900,0,1.952,87.086,6.062,-4.244,0,7.4,1,0.091,0.06,0,0,0,116.685,1.95,7.4,0
13.8,recovered,0,0,37.006,27.301,20,35,1900,0,1.946,87.138,6.062,-4.244,0,7.4,1,0.107,0.052,0,0,0,116.685,1.95,7.4,0
13.808,recovered,0,0,37.006,27.284,20,35,1900,0,1.953,87.072,6.062,-4.244,0,7.4,1,0.104,0.057,0,0,0,116.685,1.95,7.4,0
13.817,recovered,0,0,37.006,27.267,20,35,1900,0,1.953,87.25,6.062,-4.244,0,7.4,1,0.081,0.061,0,0,0,116.685,1.95,7.4,0
13.825,recovered,0,0,37.006,27.25,20,35,1900,0,1.947,87.063,6.062,-4.244,0,7.4,1,0.103,0.054,0,0,0,116.685,1.95,7.4,0
13.833,recovered,0,0,37.006,27.233,20,35,1900,0,1.953,87.18,6.062,-4.244,0,7.4,1,0.109,0.07,0,0,0,116.685,1.95,7.4,0
13.842,recovered,0,0,37.006,27.216,20,35,1900,0,1.947,86.979,6.062,-4.244,0,7.4,1,0.101,0.065,0,0,0,116.685,1.95,7.4,0
13.85,recovered,0,0,37.006,27.199,20,35,1900,0,1.953,87.098,6.062,-4.244,0,7.4,1,0.082,0.061,0,0,0,116.685,1.95,7.4,0
13.858,recovered,0,0,37.006,27.182,20,35,1900,0,1.95,87.16,6.062,-4.244,0,7.4,1,0.105,0.061,0,0,0,116.685,1.95,7.4,0
13.867,recovered,0,0,37.006,27.165,20,35,1900,0,1.95,87.142,6.062,-4.244,0,7.4,1,0.082,0.053,0,0,0,116.685,1.95,7.4,0
13.875,recovered,0,0,37.006,27.149,20,35,1900,0,1.947,87.15,6.062,-4.244,0,7.4,1,0.103,0.067,0,0,0,116.685,1.95,7.4,0
13.883,recovered,0,0,37.006,27.132,20,35,1900,0,1.95,87.249,6.062,-4.244,0,7.4,1,0.115,0.078,0,0,0,116.685,1.95,7.4,0
13.892,recovered,0,0,37.006,27.115,20,35,1900,0,1.952,87.261,6.062,-4.244,0,7.4,1,0.082,0.056,0,0,0,116.685,1.95,7.4,0
13.9,recovered,0,0,37.006,27.098,20,35,1900,0,1.946,87.149,6.062,-4.244,0,7.4,1,0.091,0.073,0,0,0,116.685,1.95,7.4,0
13.908,recovered,0,0,37.006,27.082,20,35,1900,0,1.946,87.151,6.062,-4.244,0,7.4,1,0.081,0.073,0,0,0,116.685,1.95,7.4,0
13.917,recovered,0,0,37.006,27.065,20,35,1900,0,1.953,87.023,6.062,-4.244,0,7.4,1,0.12,0.066,0,0,0,116.685,1.95,7.4,0
13.925,recovered,0,0,37.006,27.049,20,35,1900,0,1.953,87.023,6.062,-4.244,0,7.4,1,0.107,0.054,0,0,0,116.685,1.95,7.4,0
13.933,recovered,0,0,37.006,27.032,20,35,1900,0,1.95,87.106,6.062,-4.244,0,7.4,1,0.085,0.067,0,0,0,116.685,1.95,7.4,0
13.942,recovered,0,0,37.006,27.015,20,35,1900,0,1.949,87.226,6.062,-4.244,0,7.4,1,0.096,0.07,0,0,0,116.685,1.95,7.4,0
13.95,recovered,0,0,37.006,26.999,20,35,1900,0,1.949,86.967,6.062,-4.244,0,7.4,1,0.119,0.053,0,0,0,116.685,1.95,7.4,0
13.958,recovered,0,0,37.006,26.982,20,35,1900,0,1.95,86.968,6.062,-4.244,0,7.4,1,0.081,0.073,0,0,0,116.685,1.95,7.4,0
13.967,recovered,0,0,37.006,26.966,20,35,1900,0,1.951,87.044,6.062,-4.244,0,7.4,1,0.118,0.057,0,0,0,116.685,1.95,7.4,0
13.975,recovered,0,0,37.006,26.95,20,35,1900,0,1.947,86.992,6.062,-4.244,0,7.4,1,0.096,0.063,0,0,0,116.685,1.95,7.4,0
13.983,recovered,0,0,37.006,26.933,20,35,1900,0,1.949,87.011,6.062,-4.244,0,7.4,1,0.101,0.056,0,0,0,116.685,1.95,7.4,0
13.992,recovered,0,0,37.006,26.917,20,35,1900,0,1.954,87.163,6.062,-4.244,0,7.4,1,0.117,0.059,0,0,0,116.685,1.95,7.4,0
14,recovered,0,0,37.006,26.901,20,35,1900,0,1.946,87.194,6.062,-4.244,0,7.4,1,0.09,0.053,0,0,0,116.685,1.95,7.4,0
14.008,recovered,0,0,37.006,26.884,20,35,1900,0,1.946,87.072,6.062,-4.244,0,7.4,1,0.109,0.051,0,0,0,116.685,1.95,7.4,0
14.017,recovered,0,0,37.006,26.868,20,35,1900,0,1.951,87.24,6.062,-4.244,0,7.4,1,0.099,0.052,0,0,0,116.685,1.95,7.4,0
14.025,recovered,0,0,37.006,26.852,20,35,1900,0,1.945,87.219,6.062,-4.244,0,7.4,1,0.109,0.054,0,0,0,116.685,1.95,7.4,0
14.033,recovered,0,0,37.006,26.836,20,35,1900,0,1.953,87.098,6.062,-4.244,0,7.4,1,0.116,0.067,0,0,0,116.685,1.95,7.4,0
14.042,recovered,0,0,37.006,26.82,20,35,1900,0,1.952,87.112,6.062,-4.244,0,7.4,1,0.108,0.052,0,0,0,116.685,1.95,7.4,0
14.05,recovered,0,0,37.006,26.804,20,35,1900,0,1.954,87.21,6.062,-4.244,0,7.4,1,0.081,0.056,0,0,0,116.685,1.95,7.4,0
14.058,recovered,0,0,37.006,26.788,20,35,1900,0,1.953,87.088,6.062,-4.244,0,7.4,1,0.089,0.053,0,0,0,116.685,1.95,7.4,0
14.067,recovered,0,0,37.006,26.772,20,35,1900,0,1.954,87.228,6.062,-4.244,0,7.4,1,0.1,0.064,0,0,0,116.685,1.95,7.4,0
14.075,recovered,0,0,37.006,26.756,20,35,1900,0,1.951,86.988,6.062,-4.244,0,7.4,1,0.099,0.057,0,0,0,116.685,1.95,7.4,0
14.083,recovered,0,0,37.006,26.74,20,35,1900,0,1.947,87.184,6.062,-4.244,0,7.4,1,0.087,0.061,0,0,0,116.685,1.95,7.4,0
14.092,recovered,0,0,37.006,26.724,20,35,1900,0,1.951,87.087,6.062,-4.244,0,7.4,1,0.091,0.058,0,0,0,116.685,1.95,7.4,0
14.1,recovered,0,0,37.006,26.708,20,35,1900,0,1.954,87.019,6.062,-4.244,0,7.4,1,0.094,0.068,0,0,0,116.685,1.95,7.4,0
14.108,recovered,0,0,37.006,26.692,20,35,1900,0,1.949,87.048,6.062,-4.244,0,7.4,1,0.118,0.055,0,0,0,116.685,1.95,7.4,0
14.117,recovered,0,0,37.006,26.677,20,35,1900,0,1.946,87.248,6.062,-4.244,0,7.4,1,0.117,0.076,0,0,0,116.685,1.95,7.4,0
14.125,recovered,0,0,37.006,26.661,20,35,1900,0,1.948,87.253,6.062,-4.244,0,7.4,1,0.091,0.061,0,0,0,116.685,1.95,7.4,0
14.133,recovered,0,0,37.006,26.645,20,35,1900,0,1.952,87.002,6.062,-4.244,0,7.4,1,0.096,0.071,0,0,0,116.685,1.95,7.4,0
14.142,recovered,0,0,37.006,26.63,20,35,1900,0,1.947,87.026,6.062,-4.244,0,7.4,1,0.119,0.071,0,0,0,116.685,1.95,7.4,0
14.15,recovered,0,0,37.006,26.614,20,35,1900,0,1.95,87.215,6.062,-4.244,0,7.4,1,0.092,0.079,0,0,0,116.685,1.95,7.4,0
14.158,recovered,0,0,37.006,26.599,20,35,1900,0,1.951,87.096,6.062,-4.244,0,7.4,1,0.089,0.054,0,0,0,116.685,1.95,7.4,0
14.167,recovered,0,0,37.006,26.583,20,35,1900,0,1.946,87.176,6.062,-4.244,0,7.4,1,0.091,0.061,0,0,0,116.685,1.95,7.4,0
14.175,recovered,0,0,37.006,26.568,20,35,1900,0,1.951,87.015,6.062,-4.244,0,7.4,1,0.112,0.054,0,0,0,116.685,1.95,7.4,0
14.183,recovered,0,0,37.006,26.552,20,35,1900,0,1.951,87.202,6.062,-4.244,0,7.4,1,0.087,0.057,0,0,0,116.685,1.95,7.4,0
14.192,recovered,0,0,37.006,26.537,20,35,1900,0,1.949,87.142,6.062,-4.244,0,7.4,1,0.097,0.053,0,0,0,116.685,1.95,7.4,0
14.2,recovered,0,0,37.006,26.522,20,35,1900,0,1.952,87.121,6.062,-4.244,0,7.4,1,0.113,0.074,0,0,0,116.685,1.95,7.4,0
14.208,recovered,0,0,37.006,26.507,20,35,1900,0,1.948,87.15,6.062,-4.244,0,7.4,1,0.09,0.077,0,0,0,116.685,1.95,7.4,0
14.217,recovered,0,0,37.006,26.491,20,35,1900,0,1.947,87.187,6.062,-4.244,0,7.4,1,0.11,0.077,0,0,0,116.685,1.95,7.4,0
14.225,recovered,0,0,37.006,26.476,20,35,1900,0,1.949,87.171,6.062,-4.244,0,7.4,1,0.115,0.058,0,0,0,116.685,1.95,7.4,0
14.233,recovered,0,0,37.006,26.461,20,35,1900,0,1.949,87.15,6.062,-4.244,0,7.4,1,0.09,0.071,0,0,0,116.685,1.95,7.4,0
14.242,recovered,0,0,37.006,26.446,20,35,1900,0,1.953,87.174,6.062,-4.244,0,7.4,1,0.099,0.068,0,0,0,116.685,1.95,7.4,0
14.25,recovered,0,0,37.006,26.431,20,35,1900,0,1.951,87.236,6.062,-4.244,0,7.4,1,0.092,0.054,0,0,0,116.685,1.95,7.4,0
14.258,recovered,0,0,37.006,26.416,20,35,1900,0,1.947,87.111,6.062,-4.244,0,7.4,1,0.102,0.059,0,0,0,116.685,1.95,7.4,0
14.267,recovered,0,0,37.006,26.402,20,35,1900,0,1.946,87.277,6.062,-4.244,0,7.4,1,0.104,0.053,0,0,0,116.685,1.95,7.4,0
14.275,recovered,0,0,37.006,26.387,20,35,1900,0,1.951,87.204,6.062,-4.244,0,7.4,1,0.103,0.071,0,0,0,116.685,1.95,7.4,0
14.283,recovered,0,0,37.006,26.372,20,35,1900,0,1.946,87.028,6.062,-4.244,0,7.4,1,0.111,0.077,0,0,0,116.685,1.95,7.4,0
14.292,recovered,0,0,37.006,26.357,20,35,1900,0,1.951,87.228,6.062,-4.244,0,7.4,1,0.106,0.059,0,0,0,116.685,1.95,7.4,0
14.3,recovered,0,0,37.006,26.343,20,35,1900,0,1.95,87.187,6.062,-4.244,0,7.4,1,0.111,0.066,0,0,0,116.685,1.95,7.4,0
14.308,recovered,0,0,37.006,26.328,20,35,1900,0,1.954,87.252,6.062,-4.244,0,7.4,1,0.103,0.078,0,0,0,116.685,1.95,7.4,0
14.317,recovered,0,0,37.006,26.314,20,35,1900,0,1.952,87.247,6.062,-4.244,0,7.4,1,0.086,0.077,0,0,0,116.685,1.95,7.4,0
14.325,recovered,0,0,37.006,26.299,20,35,1900,0,1.953,87.253,6.062,-4.244,0,7.4,1,0.116,0.065,0,0,0,116.685,1.95,7.4,0
14.333,recovered,0,0,37.006,26.285,20,35,1900,0,1.95,87.252,6.062,-4.244,0,7.4,1,0.084,0.058,0,0,0,116.685,1.95,7.4,0
14.342,recovered,0,0,37.006,26.271,20,35,1900,0,1.952,87.077,6.062,-4.244,0,7.4,1,0.108,0.072,0,0,0,116.685,1.95,7.4,0
14.35,recovered,0,0,37.006,26.256,20,35,1900,0,1.951,87.241,6.062,-4.244,0,7.4,1,0.105,0.055,0,0,0,116.685,1.95,7.4,0
14.358,recovered,0,0,37.006,26.242,20,35,1900,0,1.948,87.044,6.062,-4.244,0,7.4,1,0.115,0.057,0,0,0,116.685,1.95,7.4,0
14.367,recovered,0,0,37.006,26.228,20,35,1900,0,1.946,87.024,6.062,-4.244,0,7.4,1,0.088,0.077,0,0,0,116.685,1.95,7.4,0
14.375,recovered,0,0,37.006,26.214,20,35,1900,0,1.955,87.141,6.062,-4.244,0,7.4,1,0.112,0.077,0,0,0,116.685,1.95,7.4,0
14.383,recovered,0,0,37.006,26.2,20,35,1900,0,1.946,87.254,6.062,-4.244,0,7.4,1,0.107,0.077,0,0,0,116.685,1.95,7.4,0
14.392,recovered,0,0,37.006,26.186,20,35,1900,0,1.95,87.237,6.062,-4.244,0,7.4,1,0.101,0.062,0,0,0,116.685,1.95,7.4,0
14.4,recovered,0,0,37.006,26.172,20,35,1900,0,1.953,87.153,6.062,-4.244,0,7.4,1,0.1,0.055,0,0,0,116.685,1.95,7.4,0
14.408,recovered,0,0,37.006,26.158,20,35,1900,0,1.952,87.111,6.062,-4.244,0,7.4,1,0.114,0.069,0,0,0,116.685,1.95,7.4,0
14.417,recovered,0,0,37.006,26.144,20,35,1900,0,1.946,87.119,6.062,-4.244,0,7.4,1,0.096,0.056,0,0,0,116.685,1.95,7.4,0
14.425,recovered,0,0,37.006,26.131,20,35,1900,0,1.946,87.236,6.062,-4.244,0,7.4,1,0.092,0.069,0,0,0,116.685,1.95,7.4,0
14.433,recovered,0,0,37.006,26.117,20,35,1900,0,1.952,87.303,6.062,-4.244,0,7.4,1,0.104,0.072,0,0,0,116.685,1.95,7.4,0
14.442,recovered,0,0,37.006,26.103,20,35,1900,0,1.946,87.11,6.062,-4.244,0,7.4,1,0.101,0.07,0,0,0,116.685,1.95,7.4,0
14.45,recovered,0,0,37.006,26.09,20,35,1900,0,1.948,87.296,6.062,-4.244,0,7.4,1,0.092,0.079,0,0,0,116.685,1.95,7.4,0
14.458,recovered,0,0,37.006,26.076,20,35,1900,0,1.951,87.223,6.062,-4.244,0,7.4,1,0.115,0.052,0,0,0,116.685,1.95,7.4,0
14.467,recovered,0,0,37.006,26.063,20,35,1900,0,1.947,87.205,6.062,-4.244,0,7.4,1,0.114,0.061,0,0,0,116.685,1.95,7.4,0
14.475,recovered,0,0,37.006,26.05,20,35,1900,0,1.95,87.089,6.062,-4.244,0,7.4,1,0.092,0.051,0,0,0,116.685,1.95,7.4,0
14.483,recovered,0,0,37.006,26.036,20,35,1900,0,1.95,87.041,6.062,-4.244,0,7.4,1,0.082,0.066,0,0,0,116.685,1.95,7.4,0
14.492,recovered,0,0,37.006,26.023,20,35,1900,0,1.954,87.271,6.062,-4.244,0,7.4,1,0.09,0.065,0,0,0,116.685,1.95,7.4,0
14.5,recovered,0,0,37.006,26.01,20,35,1900,0,1.95,87.135,6.062,-4.244,0,7.4,1,0.116,0.08,0,0,0,116.685,1.95,7.4,0
14.508,recovered,0,0,37.006,25.997,20,35,1900,0,1.947,87.07,6.062,-4.244,0,7.4,1,0.104,0.056,0,0,0,116.685,1.95,7.4,0
14.517,recovered,0,0,37.006,25.984,20,35,1900,0,1.945,87.045,6.062,-4.244,0,7.4,1,0.099,0.062,0,0,0,116.685,1.95,7.4,0
14.525,recovered,0,0,37.006,25.971,20,35,1900,0,1.947,87.238,6.062,-4.244,0,7.4,1,0.114,0.054,0,0,0,116.685,1.95,7.4,0
14.533,recovered,0,0,37.006,25.958,20,35,1900,0,1.951,87.147,6.062,-4.244,0,7.4,1,0.117,0.079,0,0,0,116.685,1.95,7.4,0
14.542,recovered,0,0,37.006,25.945,20,35,1900,0,1.945,87.154,6.062,-4.244,0,7.4,1,0.116,0.05,0,0,0,116.685,1.95,7.4,0
14.55,recovered,0,0,37.006,25.933,20,35,1900,0,1.949,87.169,6.062,-4.244,0,7.4,1,0.092,0.076,0,0,0,116.685,1.95,7.4,0
14.558,recovered,0,0,37.006,25.92,20,35,1900,0,1.946,87.291,6.062,-4.244,0,7.4,1,0.1,0.077,0,0,0,116.685,1.95,7.4,0
14.567,recovered,0,0,37.006,25.908,20,35,1900,0,1.952,87.203,6.062,-4.244,0,7.4,1,0.104,0.072,0,0,0,116.685,1.95,7.4,0
14.575,recovered,0,0,37.006,25.895,20,35,1900,0,1.948,87.141,6.062,-4.244,0,7.4,1,0.093,0.051,0,0,0,116.685,1.95,7.4,0
14.583,recovered,0,0,37.006,25.883,20,35,1900,0,1.955,87.216,6.062,-4.244,0,7.4,1,0.099,0.051,0,0,0,116.685,1.95,7.4,0
14.592,recovered,0,0,37.006,25.87,20,35,1900,0,1.954,87.166,6.062,-4.244,0,7.4,1,0.084,0.055,0,0,0,116.685,1.95,7.4,0
14.6,recovered,0,0,37.006,25.858,20,35,1900,0,1.953,87.102,6.062,-4.244,0,7.4,1,0.101,0.073,0,0,0,116.685,1.95,7.4,0
14.608,recovered,0,0,37.006,25.846,20,35,1900,0,1.947,87.26,6.062,-4.244,0,7.4,1,0.107,0.075,0,0,0,116.685,1.95,7.4,0
14.617,recovered,0,0,37.006,25.834,20,35,1900,0,1.95,87.242,6.062,-4.244,0,7.4,1,0.103,0.053,0,0,0,116.685,1.95,7.4,0
14.625,recovered,0,0,37.006,25.822,20,35,1900,0,1.951,87.166,6.062,-4.244,0,7.4,1,0.106,0.076,0,0,0,116.685,1.95,7.4,0
14.633,recovered,0,0,37.006,25.81,20,35,1900,0,1.945,87.185,6.062,-4.244,0,7.4,1,0.088,0.061,0,0,0,116.685,1.95,7.4,0
14.642,recovered,0,0,37.006,25.798,20,35,1900,0,1.949,87.237,6.062,-4.244,0,7.4,1,0.086,0.08,0,0,0,116.685,1.95,7.4,0
14.65,recovered,0,0,37.006,25.786,20,35,1900,0,1.949,87.269,6.062,-4.244,0,7.4,1,0.118,0.074,0,0,0,116.685,1.95,7.4,0
14.658,recovered,0,0,37.006,25.774,20,35,1900,0,1.955,87.027,6.062,-4.244,0,7.4,1,0.109,0.069,0,0,0,116.685,1.95,7.4,0
14.667,recovered,0,0,37.006,25.762,20,35,1900,0,1.951,87.157,6.062,-4.244,0,7.4,1,0.109,0.058,0,0,0,116.685,1.95,7.4,0
14.675,recovered,0,0,37.006,25.751,20,35,1900,0,1.947,87.225,6.062,-4.244,0,7.4,1,0.116,0.073,0,0,0,116.685,1.95,7.4,0
14.683,recovered,0,0,37.006,25.739,20,35,1900,0,1.946,87.2,6.062,-4.244,0,7.4,1,0.109,0.072,0,0,0,116.685,1.95,7.4,0
14.692,recovered,0,0,37.006,25.728,20,35,1900,0,1.952,87.179,6.062,-4.244,0,7.4,1,0.1,0.05,0,0,0,116.685,1.95,7.4,0
14.7,recovered,0,0,37.006,25.716,20,35,1900,0,1.95,87.108,6.062,-4.244,0,7.4,1,0.112,0.054,0,0,0,116.685,1.95,7.4,0
14.708,recovered,0,0,37.006,25.705,20,35,1900,0,1.951,87.098,6.062,-4.244,0,7.4,1,0.118,0.063,0,0,0,116.685,1.95,7.4,0
14.717,recovered,0,0,37.006,25.694,20,35,1900,0,1.946,87.146,6.062,-4.244,0,7.4,1,0.091,0.066,0,0,0,116.685,1.95,7.4,0
14.725,recovered,0,0,37.006,25.683,20,35,1900,0,1.947,87.184,6.062,-4.244,0,7.4,1,0.096,0.052,0,0,0,116.685,1.95,7.4,0
14.733,recovered,0,0,37.006,25.672,20,35,1900,0,1.95,87.187,6.062,-4.244,0,7.4,1,0.084,0.067,0,0,0,116.685,1.95,7.4,0
14.742,recovered,0,0,37.006,25.661,20,35,1900,0,1.949,87.057,6.062,-4.244,0,7.4,1,0.098,0.078,0,0,0,116.685,1.95,7.4,0
14.75,recovered,0,0,37.006,25.65,20,35,1900,0,1.948,87.267,6.062,-4.244,0,7.4,1,0.117,0.065,0,0,0,116.685,1.95,7.4,0
14.758,recovered,0,0,37.006,25.639,20,35,1900,0,1.952,87.181,6.062,-4.244,0,7.4,1,0.119,0.073,0,0,0,116.685,1.95,7.4,0
14.767,recovered,0,0,37.006,25.628,20,35,1900,0,1.951,87.214,6.062,-4.244,0,7.4,1,0.095,0.059,0,0,0,116.685,1.95,7.4,0
14.775,recovered,0,0,37.006,25.617,20,35,1900,0,1.945,87.131,6.062,-4.244,0,7.4,1,0.087,0.06,0,0,0,116.685,1.95,7.4,0
14.783,recovered,0,0,37.006,25.607,20,35,1900,0,1.951,87.193,6.062,-4.244,0,7.4,1,0.118,0.078,0,0,0,116.685,1.95,7.4,0
14.792,recovered,0,0,37.006,25.596,20,35,1900,0,1.948,87.314,6.062,-4.244,0,7.4,1,0.117,0.069,0,0,0,116.685,1.95,7.4,0
14.8,recovered,0,0,37.006,25.586,20,35,1900,0,1.946,87.048,6.062,-4.244,0,7.4,1,0.105,0.08,0,0,0,116.685,1.95,7.4,0
14.808,recovered,0,0,37.006,25.575,20,35,1900,0,1.948,87.134,6.062,-4.244,0,7.4,1,0.09,0.059,0,0,0,116.685,1.95,7.4,0
14.817,recovered,0,0,37.006,25.565,20,35,1900,0,1.954,87.289,6.062,-4.244,0,7.4,1,0.092,0.077,0,0,0,116.685,1.95,7.4,0
14.825,recovered,0,0,37.006,25.555,20,35,1900,0,1.948,87.246,6.062,-4.244,0,7.4,1,0.09,0.062,0,0,0,116.685,1.95,7.4,0
14.833,recovered,0,0,37.006,25.545,20,35,1900,0,1.951,87.269,6.062,-4.244,0,7.4,1,0.098,0.069,0,0,0,116.685,1.95,7.4,0
14.842,recovered,0,0,37.006,25.535,20,35,1900,0,1.95,87.271,6.062,-4.244,0,7.4,1,0.09,0.058,0,0,0,116.685,1.95,7.4,0
14.85,recovered,0,0,37.006,25.525,20,35,1900,0,1.951,87.053,6.062,-4.244,0,7.4,1,0.092,0.054,0,0,0,116.685,1.95,7.4,0
14.858,recovered,0,0,37.006,25.515,20,35,1900,0,1.949,87.065,6.062,-4.244,0,7.4,1,0.084,0.056,0,0,0,116.685,1.95,7.4,0
14.867,recovered,0,0,37.006,25.505,20,35,1900,0,1.955,87.109,6.062,-4.244,0,7.4,1,0.082,0.076,0,0,0,116.685,1.95,7.4,0
14.875,recovered,0,0,37.006,25.496,20,35,1900,0,1.949,87.16,6.062,-4.244,0,7.4,1,0.115,0.07,0,0,0,116.685,1.95,7.4,0
14.883,recovered,0,0,37.006,25.486,20,35,1900,0,1.954,87.272,6.062,-4.244,0,7.4,1,0.099,0.063,0,0,0,116.685,1.95,7.4,0
14.892,recovered,0,0,37.006,25.477,20,35,1900,0,1.953,87.245,6.062,-4.244,0,7.4,1,0.088,0.061,0,0,0,116.685,1.95,7.4,0
14.9,recovered,0,0,37.006,25.467,20,35,1900,0,1.947,87.145,6.062,-4.244,0,7.4,1,0.113,0.066,0,0,0,116.685,1.95,7.4,0
14.908,recovered,0,0,37.006,25.458,20,35,1900,0,1.952,87.172,6.062,-4.244,0,7.4,1,0.1,0.062,0,0,0,116.685,1.95,7.4,0
14.917,recovered,0,0,37.006,25.449,20,35,1900,0,1.947,87.277,6.062,-4.244,0,7.4,1,0.093,0.064,0,0,0,116.685,1.95,7.4,0
14.925,recovered,0,0,37.006,25.439,20,35,1900,0,1.949,87.118,6.062,-4.244,0,7.4,1,0.11,0.059,0,0,0,116.685,1.95,7.4,0
14.933,recovered,0,0,37.006,25.43,20,35,1900,0,1.949,87.078,6.062,-4.244,0,7.4,1,0.101,0.061,0,0,0,116.685,1.95,7.4,0
14.942,recovered,0,0,37.006,25.421,20,35,1900,0,1.95,87.067,6.062,-4.244,0,7.4,1,0.085,0.074,0,0,0,116.685,1.95,7.4,0
14.95,recovered,0,0,37.006,25.412,20,35,1900,0,1.947,87.14,6.062,-4.244,0,7.4,1,0.086,0.055,0,0,0,116.685,1.95,7.4,0
14.958,recovered,0,0,37.006,25.404,20,35,1900,0,1.954,87.238,6.062,-4.244,0,7.4,1,0.114,0.078,0,0,0,116.685,1.95,7.4,0
14.967,recovered,0,0,37.006,25.395,20,35,1900,0,1.951,87.128,6.062,-4.244,0,7.4,1,0.095,0.053,0,0,0,116.685,1.95,7.4,0
14.975,recovered,0,0,37.006,25.386,20,35,1900,0,1.947,87.262,6.062,-4.244,0,7.4,1,0.112,0.071,0,0,0,116.685,1.95,7.4,0
14.983,recovered,0,0,37.006,25.378,20,35,1900,0,1.95,87.249,6.062,-4.244,0,7.4,1,0.111,0.074,0,0,0,116.685,1.95,7.4,0
14.992,recovered,0,0,37.006,25.369,20,35,1900,0,1.951,87.058,6.062,-4.244,0,7.4,1,0.088,0.066,0,0,0,116.685,1.95,7.4,0
15,recovered,0,0,37.006,25.361,20,35,1900,0,1.948,87.164,6.062,-4.244,0,7.4,1,0.096,0.06,0,0,0,116.685,1.95,7.4,0
15.008,recovered,0,0,37.006,25.353,20,35,1900,0,1.952,87.115,6.062,-4.244,0,7.4,1,0.099,0.07,0,0,0,116.685,1.95,7.4,0
15.017,recovered,0,0,37.006,25.344,20,35,1900,0,1.952,87.229,6.062,-4.244,0,7.4,1,0.104,0.06,0,0,0,116.685,1.95,7.4,0
15.025,recovered,0,0,37.006,25.336,20,35,1900,0,1.947,87.31,6.062,-4.244,0,7.4,1,0.096,0.061,0,0,0,116.685,1.95,7.4,0
15.033,recovered,0,0,37.006,25.328,20,35,1900,0,1.946,87.073,6.062,-4.244,0,7.4,1,0.1,0.077,0,0,0,116.685,1.95,7.4,0
15.042,recovered,0,0,37.006,25.32,20,35,1900,0,1.949,87.249,6.062,-4.244,0,7.4,1,0.113,0.052,0,0,0,116.685,1.95,7.4,0
15.05,recovered,0,0,37.006,25.313,20,35,1900,0,1.951,87.321,6.062,-4.244,0,7.4,1,0.084,0.061,0,0,0,116.685,1.95,7.4,0
15.058,recovered,0,0,37.006,25.305,20,35,1900,0,1.948,87.103,6.062,-4.244,0,7.4,1,0.089,0.06,0,0,0,116.685,1.95,7.4,0
15.067,recovered,0,0,37.006,25.297,20,35,1900,0,1.952,87.229,6.062,-4.244,0,7.4,1,0.114,0.06,0,0,0,116.685,1.95,7.4,0
15.075,recovered,0,0,37.006,25.29,20,35,1900,0,1.955,87.351,6.062,-4.244,0,7.4,1,0.116,0.075,0,0,0,116.685,1.95,7.4,0
15.083,recovered,0,0,37.006,25.282,20,35,1900,0,1.949,87.172,6.062,-4.244,0,7.4,1,0.112,0.063,0,0,0,116.685,1.95,7.4,0
15.092,recovered,0,0,37.006,25.275,20,35,1900,0,1.945,87.349,6.062,-4.244,0,7.4,1,0.088,0.066,0,0,0,116.685,1.95,7.4,0
15.1,recovered,0,0,37.006,25.268,20,35,1900,0,1.948,87.339,6.062,-4.244,0,7.4,1,0.102,0.064,0,0,0,116.685,1.95,7.4,0
15.108,recovered,0,0,37.006,25.26,20,35,1900,0,1.953,87.169,6.062,-4.244,0,7.4,1,0.115,0.06,0,0,0,116.685,1.95,7.4,0
15.117,recovered,0,0,37.006,25.253,20,35,1900,0,1.955,87.284,6.062,-4.244,0,7.4,1,0.117,0.067,0,0,0,116.685,1.95,7.4,0
15.125,recovered,0,0,37.006,25.246,20,35,1900,0,1.954,87.352,6.062,-4.244,0,7.4,1,0.09,0.064,0,0,0,116.685,1.95,7.4,0
15.133,recovered,0,0,37.006,25.239,20,35,1900,0,1.953,87.12,6.062,-4.244,0,7.4,1,0.108,0.071,0,0,0,116.685,1.95,7.4,0
15.142,recovered,0,0,37.006,25.233,20,35,1900,0,1.955,87.305,6.062,-4.244,0,7.4,1,0.082,0.052,0,0,0,116.685,1.95,7.4,0
15.15,recovered,0,0,37.006,25.226,20,35,1900,0,1.95,87.143,6.062,-4.244,0,7.4,1,0.102,0.051,0,0,0,116.685,1.95,7.4,0
15.158,recovered,0,0,37.006,25.219,20,35,1900,0,1.947,87.264,6.062,-4.244,0,7.4,1,0.084,0.058,0,0,0,116.685,1.95,7.4,0
15.167,recovered,0,0,37.006,25.213,20,35,1900,0,1.947,87.252,6.062,-4.244,0,7.4,1,0.089,0.055,0,0,0,116.685,1.95,7.4,0
15.175,recovered,0,0,37.006,25.206,20,35,1900,0,1.949,87.065,6.062,-4.244,0,7.4,1,0.086,0.07,0,0,0,116.685,1.95,7.4,0
15.183,recovered,0,0,37.006,25.2,20,35,1900,0,1.946,87.253,6.062,-4.244,0,7.4,1,0.114,0.061,0,0,0,116.685,1.95,7.4,0
15.192,recovered,0,0,37.006,25.194,20,35,1900,0,1.951,87.202,6.062,-4.244,0,7.4,1,0.099,0.071,0,0,0,116.685,1.95,7.4,0
15.2,recovered,0,0,37.006,25.188,20,35,1900,0,1.951,87.097,6.062,-4.244,0,7.4,1,0.116,0.067,0,0,0,116.685,1.95,7.4,0
15.208,recovered,0,0,37.006,25.182,20,35,1900,0,1.951,87.075,6.062,-4.244,0,7.4,1,0.093,0.061,0,0,0,116.685,1.95,7.4,0
15.217,recovered,0,0,37.006,25.176,20,35,1900,0,1.946,87.124,6.062,-4.244,0,7.4,1,0.082,0.074,0,0,0,116.685,1.95,7.4,0
15.225,recovered,0,0,37.006,25.17,20,35,1900,0,1.947,87.345,6.062,-4.244,0,7.4,1,0.088,0.055,0,0,0,116.685,1.95,7.4,0
15.233,recovered,0,0,37.006,25.164,20,35,1900,0,1.952,87.237,6.062,-4.244,0,7.4,1,0.103,0.051,0,0,0,116.685,1.95,7.4,0
15.242,recovered,0,0,37.006,25.158,20,35,1900,0,1.953,87.353,6.062,-4.244,0,7.4,1,0.097,0.07,0,0,0,116.685,1.95,7.4,0
15.25,recovered,0,0,37.006,25.153,20,35,1900,0,1.948,87.137,6.062,-4.244,0,7.4,1,0.099,0.076,0,0,0,116.685,1.95,7.4,0
15.258,recovered,0,0,37.006,25.147,20,35,1900,0,1.95,87.347,6.062,-4.244,0,7.4,1,0.089,0.075,0,0,0,116.685,1.95,7.4,0
15.267,recovered,0,0,37.006,25.142,20,35,1900,0,1.954,87.369,6.062,-4.244,0,7.4,1,0.114,0.073,0,0,0,116.685,1.95,7.4,0
15.275,recovered,0,0,37.006,25.137,20,35,1900,0,1.949,87.277,6.062,-4.244,0,7.4,1,0.103,0.077,0,0,0,116.685,1.95,7.4,0
15.283,recovered,0,0,37.006,25.132,20,35,1900,0,1.953,87.176,6.062,-4.244,0,7.4,1,0.107,0.057,0,0,0,116.685,1.95,7.4,0
15.292,recovered,0,0,37.006,25.126,20,35,1900,0,1.946,87.097,6.062,-4.244,0,7.4,1,0.099,0.055,0,0,0,116.685,1.95,7.4,0
15.3,recovered,0,0,37.006,25.121,20,35,1900,0,1.948,87.296,6.062,-4.244,0,7.4,1,0.109,0.065,0,0,0,116.685,1.95,7.4,0
15.308,recovered,0,0,37.006,25.117,20,35,1900,0,1.951,87.362,6.062,-4.244,0,7.4,1,0.119,0.059,0,0,0,116.685,1.95,7.4,0
15.317,recovered,0,0,37.006,25.112,20,35,1900,0,1.953,87.193,6.062,-4.244,0,7.4,1,0.105,0.066,0,0,0,116.685,1.95,7.4,0
15.325,recovered,0,0,37.006,25.107,20,35,1900,0,1.953,87.202,6.062,-4.244,0,7.4,1,0.09,0.068,0,0,0,116.685,1.95,7.4,0
15.333,recovered,0,0,37.006,25.103,20,35,1900,0,1.952,87.359,6.062,-4.244,0,7.4,1,0.099,0.053,0,0,0,116.685,1.95,7.4,0
15.342,recovered,0,0,37.006,25.098,20,35,1900,0,1.95,87.337,6.062,-4.244,0,7.4,1,0.099,0.065,0,0,0,116.685,1.95,7.4,0
15.35,recovered,0,0,37.006,25.094,20,35,1900,0,1.951,87.224,6.062,-4.244,0,7.4,1,0.099,0.072,0,0,0,116.685,1.95,7.4,0
15.358,recovered,0,0,37.006,25.089,20,35,1900,0,1.951,87.183,6.062,-4.244,0,7.4,1,0.103,0.07,0,0,0,116.685,1.95,7.4,0
15.367,recovered,0,0,37.006,25.085,20,35,1900,0,1.953,87.271,6.062,-4.244,0,7.4,1,0.116,0.07,0,0,0,116.685,1.95,7.4,0
15.375,recovered,0,0,37.006,25.081,20,35,1900,0,1.954,87.093,6.062,-4.244,0,7.4,1,0.112,0.058,0,0,0,116.685,1.95,7.4,0
15.383,recovered,0,0,37.006,25.077,20,35,1900,0,1.949,87.201,6.062,-4.244,0,7.4,1,0.086,0.055,0,0,0,116.685,1.95,7.4,0
15.392,recovered,0,0,37.006,25.073,20,35,1900,0,1.953,87.104,6.062,-4.244,0,7.4,1,0.111,0.067,0,0,0,116.685,1.95,7.4,0
15.4,recovered,0,0,37.006,25.069,20,35,1900,0,1.949,87.114,6.062,-4.244,0,7.4,1,0.111,0.077,0,0,0,116.685,1.95,7.4,0
15.408,recovered,0,0,37.006,25.066,20,35,1900,0,1.949,87.133,6.062,-4.244,0,7.4,1,0.118,0.076,0,0,0,116.685,1.95,7.4,0
15.417,recovered,0,0,37.006,25.062,20,35,1900,0,1.954,87.102,6.062,-4.244,0,7.4,1,0.086,0.066,0,0,0,116.685,1.95,7.4,0
15.425,recovered,0,0,37.006,25.059,20,35,1900,0,1.951,87.263,6.062,-4.244,0,7.4,1,0.104,0.079,0,0,0,116.685,1.95,7.4,0
15.433,recovered,0,0,37.006,25.055,20,35,1900,0,1.955,87.312,6.062,-4.244,0,7.4,1,0.097,0.078,0,0,0,116.685,1.95,7.4,0
15.442,recovered,0,0,37.006,25.052,20,35,1900,0,1.954,87.227,6.062,-4.244,0,7.4,1,0.107,0.052,0,0,0,116.685,1.95,7.4,0
15.45,recovered,0,0,37.006,25.049,20,35,1900,0,1.946,87.307,6.062,-4.244,0,7.4,1,0.105,0.064,0,0,0,116.685,1.95,7.4,0
15.458,recovered,0,0,37.006,25.046,20,35,1900,0,1.947,87.165,6.062,-4.244,0,7.4,1,0.089,0.077,0,0,0,116.685,1.95,7.4,0
15.467,recovered,0,0,37.006,25.043,20,35,1900,0,1.95,87.386,6.062,-4.244,0,7.4,1,0.091,0.078,0,0,0,116.685,1.95,7.4,0
15.475,recovered,0,0,37.006,25.04,20,35,1900,0,1.947,87.173,6.062,-4.244,0,7.4,1,0.102,0.057,0,0,0,116.685,1.95,7.4,0
15.483,recovered,0,0,37.006,25.037,20,35,1900,0,1.953,87.258,6.062,-4.244,0,7.4,1,0.112,0.054,0,0,0,116.685,1.95,7.4,0
15.492,recovered,0,0,37.006,25.034,20,35,1900,0,1.948,87.188,6.062,-4.244,0,7.4,1,0.11,0.073,0,0,0,116.685,1.95,7.4,0
15.5,recovered,0,0,37.006,25.032,20,35,1900,0,1.949,87.266,6.062,-4.244,0,7.4,1,0.087,0.074,0,0,0,116.685,1.95,7.4,0
15.508,recovered,0,0,37.006,25.029,20,35,1900,0,1.95,87.38,6.062,-4.244,0,7.4,1,0.095,0.056,0,0,0,116.685,1.95,7.4,0
15.517,recovered,0,0,37.006,25.027,20,35,1900,0,1.949,87.339,6.062,-4.244,0,7.4,1,0.116,0.067,0,0,0,116.685,1.95,7.4,0
15.525,recovered,0,0,37.006,25.025,20,35,1900,0,1.95,87.376,6.062,-4.244,0,7.4,1,0.108,0.051,0,0,0,116.685,1.95,7.4,0
15.533,recovered,0,0,37.006,25.022,20,35,1900,0,1.954,87.152,6.062,-4.244,0,7.4,1,0.12,0.051,0,0,0,116.685,1.95,7.4,0
15.542,recovered,0,0,37.006,25.02,20,35,1900,0,1.954,87.122,6.062,-4.244,0,7.4,1,0.111,0.056,0,0,0,116.685,1.95,7.4,0
15.55,recovered,0,0,37.006,25.018,20,35,1900,0,1.951,87.114,6.062,-4.244,0,7.4,1,0.095,0.078,0,0,0,116.685,1.95,7.4,0
15.558,recovered,0,0,37.006,25.016,20,35,1900,0,1.946,87.194,6.062,-4.244,0,7.4,1,0.105,0.067,0,0,0,116.685,1.95,7.4,0
15.567,recovered,0,0,37.006,25.015,20,35,1900,0,1.953,87.272,6.062,-4.244,0,7.4,1,0.09,0.077,0,0,0,116.685,1.95,7.4,0
15.575,recovered,0,0,37.006,25.013,20,35,1900,0,1.95,87.16,6.062,-4.244,0,7.4,1,0.117,0.073,0,0,0,116.685,1.95,7.4,0
15.583,recovered,0,0,37.006,25.011,20,35,1900,0,1.953,87.385,6.062,-4.244,0,7.4,1,0.09,0.051,0,0,0,116.685,1.95,7.4,0
15.592,recovered,0,0,37.006,25.01,20,35,1900,0,1.947,87.298,6.062,-4.244,0,7.4,1,0.109,0.061,0,0,0,116.685,1.95,7.4,0
15.6,recovered,0,0,37.006,25.009,20,35,1900,0,1.946,87.168,6.062,-4.244,0,7.4,1,0.089,0.076,0,0,0,116.685,1.95,7.4,0
15.608,recovered,0,0,37.006,25.007,20,35,1900,0,1.948,87.226,6.062,-4.244,0,7.4,1,0.101,0.075,0,0,0,116.685,1.95,7.4,0
15.617,recovered,0,0,37.006,25.006,20,35,1900,0,1.946,87.282,6.062,-4.244,0,7.4,1,0.094,0.055,0,0,0,116.685,1.95,7.4,0
15.625,recovered,0,0,37.006,25.005,20,35,1900,0,1.953,87.347,6.062,-4.244,0,7.4,1,0.11,0.056,0,0,0,116.685,1.95,7.4,0
15.633,recovered,0,0,37.006,25.004,20,35,1900,0,1.947,87.143,6.062,-4.244,0,7.4,1,0.934,0.058,0,0,0,116.685,1.95,7.4,0
15.642,recovered,0,0,37.006,25.003,20,35,1900,0,1.952,87.359,6.062,-4.244,0,7.4,1,0.924,0.06,0,0,0,116.685,1.95,7.4,0
15.65,recovered,0,0,37.006,25.002,20,35,1900,0,1.954,87.323,6.062,-4.244,0,7.4,1,0.9,0.06,0,0,0,116.685,1.95,7.4,0
15.658,recovered,0,0,37.006,25.002,20,35,1900,0,1.95,87.291,6.062,-4.244,0,7.4,1,0.933,0.063,0,0,0,116.685,1.95,7.4,0
15.667,recovered,0,0,37.006,25.001,20,35,1900,0,1.954,87.151,6.062,-4.244,0,7.4,1,0.934,0.052,0,0,0,116.685,1.95,7.4,0
15.675,recovered,0,0,37.006,25.001,20,35,1900,0,1.951,87.219,6.062,-4.244,0,7.4,1,0.909,0.062,0,0,0,116.685,1.95,7.4,0
15.683,recovered,0,0,37.006,25,20,35,1900,0,1.946,87.115,6.062,-4.244,0,7.4,1,0.915,0.069,0,0,0,116.685,1.95,7.4,0
15.692,recovered,0,0,37.006,25,20,35,1900,0,1.952,87.278,6.062,-4.244,0,7.4,1,0.901,0.065,0,0,0,116.685,1.95,7.4,0
15.7,recovered,0,0,37.006,25,20,35,1900,0,1.953,87.324,6.062,-4.244,0,7.4,1,0.934,0.061,0,0,0,116.685,1.95,7.4,0
15.708,recovered,0,0,37.006,25,20,35,1900,0,1.949,87.38,6.062,-4.244,0,7.4,1,0.909,0.053,0,0,0,116.685,1.95,7.4,0
15.717,recovered,0,0,37.006,25,20,35,1900,0,1.949,87.261,6.062,-4.244,0,7.4,1,0.91,0.075,0,0,0,116.685,1.95,7.4,0
15.725,recovered,0,0,37.006,25,20,35,1900,0,1.947,87.207,6.062,-4.244,0,7.4,1,0.928,0.059,0,0,0,116.685,1.95,7.4,0
15.733,recovered,0,0,37.006,25,20,35,1900,0,1.955,87.305,6.062,-4.244,0,7.4,1,0.928,0.07,0,0,0,116.685,1.95,7.4,0
15.742,recovered,0,0,37.006,25.001,20,35,1900,0,1.952,87.407,6.062,-4.244,0,7.4,1,0.923,0.059,0,0,0,116.685,1.95,7.4,0
15.75,recovered,0,0,37.006,25.001,20,35,1900,0,1.954,87.202,6.062,-4.244,0,7.4,1,0.923,0.061,0,0,0,116.685,1.95,7.4,0
15.758,recovered,0,0,37.006,25.002,20,35,1900,0,1.95,87.131,6.062,-4.244,0,7.4,1,0.904,0.052,0,0,0,116.685,1.95,7.4,0
15.767,recovered,0,0,37.006,25.003,20,35,1900,0,1.953,87.336,6.062,-4.244,0,7.4,1,0.921,0.075,0,0,0,116.685,1.95,7.4,0
15.775,recovered,0,0,37.006,25.003,20,35,1900,0,1.946,87.223,6.062,-4.244,0,7.4,1,0.911,0.072,0,0,0,116.685,1.95,7.4,0
15.783,recovered,0,0,37.006,25.004,20,35,1900,0,1.951,87.163,6.062,-4.244,0,7.4,1,0.903,0.054,0,0,0,116.685,1.95,7.4,0
15.792,recovered,0,0,37.006,25.005,20,35,1900,0,1.953,87.373,6.062,-4.244,0,7.4,1,0.113,0.073,0,0,0,116.685,1.95,7.4,0
15.8,recovered,0,0,37.006,25.006,20,35,1900,0,1.946,87.302,6.062,-4.244,0,7.4,1,0.101,0.066,0,0,0,116.685,1.95,7.4,0
15.808,recovered,0,0,37.006,25.007,20,35,1900,0,1.949,87.397,6.062,-4.244,0,7.4,1,0.115,0.067,0,0,0,116.685,1.95,7.4,0
15.817,recovered,0,0,37.006,25.009,20,35,1900,0,1.95,87.352,6.062,-4.244,0,7.4,1,0.092,0.071,0,0,0,116.685,1.95,7.4,0
15.825,recovered,0,0,37.006,25.01,20,35,1900,0,1.955,87.261,6.062,-4.244,0,7.4,1,0.092,0.066,0,0,0,116.685,1.95,7.4,0
15.833,recovered,0,0,37.006,25.012,20,35,1900,0,1.952,87.283,6.062,-4.244,0,7.4,1,0.107,0.052,0,0,0,116.685,1.95,7.4,0
15.842,recovered,0,0,37.006,25.013,20,35,1900,0,1.951,87.119,6.062,-4.244,0,7.4,1,0.096,0.068,0,0,0,116.685,1.95,7.4,0
15.85,recovered,0,0,37.006,25.015,20,35,1900,0,1.954,87.18,6.062,-4.244,0,7.4,1,0.084,0.075,0,0,0,116.685,1.95,7.4,0
15.858,recovered,0,0,37.006,25.017,20,35,1900,0,1.952,87.31,6.062,-4.244,0,7.4,1,0.106,0.077,0,0,0,116.685,1.95,7.4,0
15.867,recovered,0,0,37.006,25.018,20,35,1900,0,1.951,87.338,6.062,-4.244,0,7.4,1,0.103,0.06,0,0,0,116.685,1.95,7.4,0
15.875,recovered,0,0,37.006,25.02,20,35,1900,0,1.952,87.146,6.062,-4.244,0,7.4,1,0.097,0.064,0,0,0,116.685,1.95,7.4,0
15.883,recovered,0,0,37.006,25.023,20,35,1900,0,1.953,87.367,6.062,-4.244,0,7.4,1,0.082,0.067,0,0,0,116.685,1.95,7.4,0
15.892,recovered,0,0,37.006,25.025,20,35,1900,0,1.949,87.145,6.062,-4.244,0,7.4,1,0.084,0.052,0,0,0,116.685,1.95,7.4,0
15.9,recovered,0,0,37.006,25.027,20,35,1900,0,1.947,87.396,6.062,-4.244,0,7.4,1,0.105,0.052,0,0,0,116.685,1.95,7.4,0
15.908,recovered,0,0,37.006,25.029,20,35,1900,0,1.946,87.316,6.062,-4.244,0,7.4,1,0.109,0.056,0,0,0,116.685,1.95,7.4,0
15.917,recovered,0,0,37.006,25.032,20,35,1900,0,1.951,87.208,6.062,-4.244,0,7.4,1,0.092,0.071,0,0,0,116.685,1.95,7.4,0
15.925,recovered,0,0,37.006,25.035,20,35,1900,0,1.95,87.217,6.062,-4.244,0,7.4,1,0.093,0.072,0,0,0,116.685,1.95,7.4,0
15.933,recovered,0,0,37.006,25.037,20,35,1900,0,1.952,87.337,6.062,-4.244,0,7.4,1,0.092,0.057,0,0,0,116.685,1.95,7.4,0
15.942,recovered,0,0,37.006,25.04,20,35,1900,0,1.949,87.375,6.062,-4.244,0,7.4,1,0.093,0.079,0,0,0,116.685,1.95,7.4,0
15.95,recovered,0,0,37.006,25.043,20,35,1900,0,1.946,87.39,6.062,-4.244,0,7.4,1,0.12,0.063,0,0,0,116.685,1.95,7.4,0
15.958,recovered,0,0,37.006,25.046,20,35,1900,0,1.95,87.342,6.062,-4.244,0,7.4,1,0.114,0.052,0,0,0,116.685,1.95,7.4,0
15.967,recovered,0,0,37.006,25.049,20,35,1900,0,1.954,87.345,6.062,-4.244,0,7.4,1,0.109,0.058,0,0,0,116.685,1.95,7.4,0
15.975,recovered,0,0,37.006,25.052,20,35,1900,0,1.953,87.207,6.062,-4.244,0,7.4,1,0.107,0.075,0,0,0,116.685,1.95,7.4,0
15.983,recovered,0,0,37.006,25.056,20,35,1900,0,1.954,87.137,6.062,-4.244,0,7.4,1,0.113,0.052,0,0,0,116.685,1.95,7.4,0
15.992,recovered,0,0,37.006,25.059,20,35,1900,0,1.947,87.163,6.062,-4.244,0,7.4,1,0.093,0.061,0,0,0,116.685,1.95,7.4,0
16,recovered,0,0,37.006,25.062,20,35,1900,0,1.952,87.355,6.062,-4.244,0,7.4,1,0.094,0.065,0,0,0,116.685,1.95,7.4,0
16.008,recovered,0,0,37.006,25.066,20,35,1900,0,1.946,87.192,6.062,-4.244,0,7.4,1,0.092,0.057,0,0,0,116.685,1.95,7.4,0
16.017,recovered,0,0,37.006,25.07,20,35,1900,0,1.953,87.229,6.062,-4.244,0,7.4,1,0.088,0.062,0,0,0,116.685,1.95,7.4,0
16.025,recovered,0,0,37.006,25.074,20,35,1900,0,1.953,87.329,6.062,-4.244,0,7.4,1,0.081,0.059,0,0,0,116.685,1.95,7.4,0
16.033,recovered,0,0,37.006,25.077,20,35,1900,0,1.953,87.329,6.062,-4.244,0,7.4,1,0.099,0.077,0,0,0,116.685,1.95,7.4,0
16.042,recovered,0,0,37.006,25.081,20,35,1900,0,1.948,87.348,6.062,-4.244,0,7.4,1,0.101,0.053,0,0,0,116.685,1.95,7.4,0
16.05,recovered,0,0,37.006,25.086,20,35,1900,0,1.949,87.178,6.062,-4.244,0,7.4,1,0.115,0.059,0,0,0,116.685,1.95,7.4,0
16.058,recovered,0,0,37.006,25.09,20,35,1900,0,1.954,87.411,6.062,-4.244,0,7.4,1,0.099,0.065,0,0,0,116.685,1.95,7.4,0
16.067,recovered,0,0,37.006,25.094,20,35,1900,0,1.947,87.272,6.062,-4.244,0,7.4,1,0.1,0.052,0,0,0,116.685,1.95,7.4,0
16.075,recovered,0,0,37.006,25.098,20,35,1900,0,1.951,87.258,6.062,-4.244,0,7.4,1,0.1,0.079,0,0,0,116.685,1.95,7.4,0
16.083,recovered,0,0,37.006,25.103,20,35,1900,0,1.954,87.349,6.062,-4.244,0,7.4,1,0.083,0.07,0,0,0,116.685,1.95,7.4,0
16.092,recovered,0,0,37.006,25.108,20,35,1900,0,1.95,87.319,6.062,-4.244,0,7.4,1,0.107,0.059,0,0,0,116.685,1.95,7.4,0
16.1,recovered,0,0,37.006,25.112,20,35,1900,0,1.952,87.378,6.062,-4.244,0,7.4,1,0.114,0.059,0,0,0,116.685,1.95,7.4,0
16.108,recovered,0,0,37.006,25.117,20,35,1900,0,1.954,87.193,6.062,-4.244,0,7.4,1,0.116,0.078,0,0,0,116.685,1.95,7.4,0
16.117,recovered,0,0,37.006,25.122,20,35,1900,0,1.952,87.36,6.062,-4.244,0,7.4,1,0.106,0.053,0,0,0,116.685,1.95,7.4,0
16.125,recovered,0,0,37.006,25.127,20,35,1900,0,1.95,87.383,6.062,-4.244,0,7.4,1,0.086,0.08,0,0,0,116.685,1.95,7.4,0
16.133,recovered,0,0,37.006,25.132,20,35,1900,0,1.955,87.302,6.062,-4.244,0,7.4,1,0.116,0.069,0,0,0,116.685,1.95,7.4,0
16.142,recovered,0,0,37.006,25.137,20,35,1900,0,1.952,87.241,6.062,-4.244,0,7.4,1,0.116,0.079,0,0,0,116.685,1.95,7.4,0
16.15,recovered,0,0,37.006,25.142,20,35,1900,0,1.95,87.26,6.062,-4.244,0,7.4,1,0.111,0.063,0,0,0,116.685,1.95,7.4,0
16.158,recovered,0,0,37.006,25.148,20,35,1900,0,1.946,87.335,6.062,-4.244,0,7.4,1,0.112,0.05,0,0,0,116.685,1.95,7.4,0
16.167,recovered,0,0,37.006,25.153,20,35,1900,0,1.949,87.403,6.062,-4.244,0,7.4,1,0.088,0.06,0,0,0,116.685,1.95,7.4,0
16.175,recovered,0,0,37.006,25.159,20,35,1900,0,1.952,87.28,6.062,-4.244,0,7.4,1,0.104,0.072,0,0,0,116.685,1.95,7.4,0
16.183,recovered,0,0,37.006,25.165,20,35,1900,0,1.947,87.275,6.062,-4.244,0,7.4,1,0.096,0.06,0,0,0,116.685,1.95,7.4,0
16.192,recovered,0,0,37.006,25.17,20,35,1900,0,1.946,87.41,6.062,-4.244,0,7.4,1,0.103,0.075,0,0,0,116.685,1.95,7.4,0
16.2,recovered,0,0,37.006,25.176,20,35,1900,0,1.953,87.257,6.062,-4.244,0,7.4,1,0.12,0.061,0,0,0,116.685,1.95,7.4,0
16.208,recovered,0,0,37.006,25.182,20,35,1900,0,1.953,87.181,6.062,-4.244,0,7.4,1,0.116,0.069,0,0,0,116.685,1.95,7.4,0
16.217,recovered,0,0,37.006,25.188,20,35,1900,0,1.952,87.434,6.062,-4.244,0,7.4,1,0.098,0.079,0,0,0,116.685,1.95,7.4,0
16.225,recovered,0,0,37.006,25.194,20,35,1900,0,1.95,87.399,6.062,-4.244,0,7.4,1,0.101,0.06,0,0,0,116.685,1.95,7.4,0
16.233,recovered,0,0,37.006,25.201,20,35,1900,0,1.949,87.412,6.062,-4.244,0,7.4,1,0.085,0.073,0,0,0,116.685,1.95,7.4,0
16.242,recovered,0,0,37.006,25.207,20,35,1900,0,1.954,87.337,6.062,-4.244,0,7.4,1,0.081,0.076,0,0,0,116.685,1.95,7.4,0
16.25,recovered,0,0,37.006,25.213,20,35,1900,0,1.947,87.193,6.062,-4.244,0,7.4,1,0.106,0.066,0,0,0,116.685,1.95,7.4,0
16.258,recovered,0,0,37.006,25.22,20,35,1900,0,1.951,87.256,6.062,-4.244,0,7.4,1,0.088,0.055,0,0,0,116.685,1.95,7.4,0
16.267,recovered,0,0,37.006,25.227,20,35,1900,0,1.949,87.191,6.062,-4.244,0,7.4,1,0.103,0.068,0,0,0,116.685,1.95,7.4,0
16.275,recovered,0,0,37.006,25.233,20,35,1900,0,1.953,87.16,6.062,-4.244,0,7.4,1,0.113,0.077,0,0,0,116.685,1.95,7.4,0
16.283,recovered,0,0,37.006,25.24,20,35,1900,0,1.945,87.257,6.062,-4.244,0,7.4,1,0.094,0.067,0,0,0,116.685,1.95,7.4,0
16.292,recovered,0,0,37.006,25.247,20,35,1900,0,1.95,87.386,6.062,-4.244,0,7.4,1,0.098,0.077,0,0,0,116.685,1.95,7.4,0
16.3,recovered,0,0,37.006,25.254,20,35,1900,0,1.946,87.438,6.062,-4.244,0,7.4,1,0.116,0.054,0,0,0,116.685,1.95,7.4,0
16.308,recovered,0,0,37.006,25.261,20,35,1900,0,1.946,87.349,6.062,-4.244,0,7.4,1,0.11,0.059,0,0,0,116.685,1.95,7.4,0
16.317,recovered,0,0,37.006,25.268,20,35,1900,0,1.952,87.355,6.062,-4.244,0,7.4,1,0.086,0.075,0,0,0,116.685,1.95,7.4,0
16.325,recovered,0,0,37.006,25.276,20,35,1900,0,1.954,87.176,6.062,-4.244,0,7.4,1,0.083,0.074,0,0,0,116.685,1.95,7.4,0
16.333,recovered,0,0,37.006,25.283,20,35,1900,0,1.951,87.249,6.062,-4.244,0,7.4,1,0.118,0.077,0,0,0,116.685,1.95,7.4,0
16.342,recovered,0,0,37.006,25.29,20,35,1900,0,1.954,87.346,6.062,-4.244,0,7.4,1,0.098,0.053,0,0,0,116.685,1.95,7.4,0
16.35,recovered,0,0,37.006,25.298,20,35,1900,0,1.947,87.274,6.062,-4.244,0,7.4,1,0.084,0.073,0,0,0,116.685,1.95,7.4,0
16.358,recovered,0,0,37.006,25.306,20,35,1900,0,1.948,87.246,6.062,-4.244,0,7.4,1,0.104,0.055,0,0,0,116.685,1.95,7.4,0
16.367,recovered,0,0,37.006,25.313,20,35,1900,0,1.951,87.449,6.062,-4.244,0,7.4,1,0.097,0.065,0,0,0,116.685,1.95,7.4,0
16.375,recovered,0,0,37.006,25.321,20,35,1900,0,1.949,87.344,6.062,-4.244,0,7.4,1,0.102,0.068,0,0,0,116.685,1.95,7.4,0
16.383,recovered,0,0,37.006,25.329,20,35,1900,0,1.954,87.206,6.062,-4.244,0,7.4,1,0.084,0.067,0,0,0,116.685,1.95,7.4,0
16.392,recovered,0,0,37.006,25.337,20,35,1900,0,1.945,87.298,6.062,-4.244,0,7.4,1,0.083,0.078,0,0,0,116.685,1.95,7.4,0
16.4,recovered,0,0,37.006,25.345,20,35,1900,0,1.951,87.33,6.062,-4.244,0,7.4,1,0.104,0.072,0,0,0,116.685,1.95,7.4,0
16.408,recovered,0,0,37.006,25.353,20,35,1900,0,1.947,87.34,6.062,-4.244,0,7.4,1,0.088,0.07,0,0,0,116.685,1.95,7.4,0
16.417,recovered,0,0,37.006,25.362,20,35,1900,0,1.952,87.396,6.062,-4.244,0,7.4,1,0.105,0.058,0,0,0,116.685,1.95,7.4,0
16.425,recovered,0,0,37.006,25.37,20,35,1900,0,1.951,87.168,6.062,-4.244,0,7.4,1,0.105,0.057,0,0,0,116.685,1.95,7.4,0
16.433,recovered,0,0,37.006,25.378,20,35,1900,0,1.947,87.233,6.062,-4.244,0,7.4,1,0.111,0.067,0,0,0,116.685,1.95,7.4,0
16.442,recovered,0,0,37.006,25.387,20,35,1900,0,1.955,87.208,6.062,-4.244,0,7.4,1,0.115,0.072,0,0,0,116.685,1.95,7.4,0
16.45,recovered,0,0,37.006,25.396,20,35,1900,0,1.947,87.426,6.062,-4.244,0,7.4,1,0.111,0.059,0,0,0,116.685,1.95,7.4,0
16.458,recovered,0,0,37.006,25.404,20,35,1900,0,1.948,87.279,6.062,-4.244,0,7.4,1,0.11,0.058,0,0,0,116.685,1.95,7.4,0
16.467,recovered,0,0,37.006,25.413,20,35,1900,0,1.948,87.306,6.062,-4.244,0,7.4,1,0.116,0.076,0,0,0,116.685,1.95,7.4,0
16.475,recovered,0,0,37.006,25.422,20,35,1900,0,1.954,87.308,6.062,-4.244,0,7.4,1,0.087,0.074,0,0,0,116.685,1.95,7.4,0
16.483,recovered,0,0,37.006,25.431,20,35,1900,0,1.946,87.338,6.062,-4.244,0,7.4,1,0.098,0.065,0,0,0,116.685,1.95,7.4,0
16.492,recovered,0,0,37.006,25.44,20,35,1900,0,1.955,87.394,6.062,-4.244,0,7.4,1,0.118,0.056,0,0,0,116.685,1.95,7.4,0
16.5,recovered,0,0,37.006,25.449,20,35,1900,0,1.947,87.263,6.062,-4.244,0,7.4,1,0.105,0.069,0,0,0,116.685,1.95,7.4,0
16.508,recovered,0,0,37.006,25.459,20,35,1900,0,1.951,87.395,6.062,-4.244,0,7.4,1,0.113,0.08,0,0,0,116.685,1.95,7.4,0
16.517,recovered,0,0,37.006,25.468,20,35,1900,0,1.949,87.382,6.062,-4.244,0,7.4,1,0.081,0.051,0,0,0,116.685,1.95,7.4,0
16.525,recovered,0,0,37.006,25.477,20,35,1900,0,1.951,87.382,6.062,-4.244,0,7.4,1,0.101,0.061,0,0,0,116.685,1.95,7.4,0
16.533,recovered,0,0,37.006,25.487,20,35,1900,0,1.946,87.261,6.062,-4.244,0,7.4,1,0.109,0.07,0,0,0,116.685,1.95,7.4,0
16.542,recovered,0,0,37.006,25.497,20,35,1900,0,1.947,87.202,6.062,-4.244,0,7.4,1,0.097,0.07,0,0,0,116.685,1.95,7.4,0
16.55,recovered,0,0,37.006,25.506,20,35,1900,0,1.955,87.223,6.062,-4.244,0,7.4,1,0.092,0.061,0,0,0,116.685,1.95,7.4,0
16.558,recovered,0,0,37.006,25.516,20,35,1900,0,1.948,87.437,6.062,-4.244,0,7.4,1,0.109,0.067,0,0,0,116.685,1.95,7.4,0
16.567,recovered,0,0,37.006,25.526,20,35,1900,0,1.953,87.256,6.062,-4.244,0,7.4,1,0.095,0.075,0,0,0,116.685,1.95,7.4,0
16.575,recovered,0,0,37.006,25.536,20,35,1900,0,1.951,87.395,6.062,-4.244,0,7.4,1,0.11,0.071,0,0,0,116.685,1.95,7.4,0
16.583,recovered,0,0,37.006,25.546,20,35,1900,0,1.949,87.225,6.062,-4.244,0,7.4,1,0.118,0.075,0,0,0,116.685,1.95,7.4,0
16.592,recovered,0,0,37.006,25.556,20,35,1900,0,1.949,87.336,6.062,-4.244,0,7.4,1,0.093,0.074,0,0,0,116.685,1.95,7.4,0
16.6,recovered,0,0,37.006,25.566,20,35,1900,0,1.951,87.326,6.062,-4.244,0,7.4,1,0.115,0.072,0,0,0,116.685,1.95,7.4,0
16.608,recovered,0,0,37.006,25.576,20,35,1900,0,1.95,87.452,6.062,-4.244,0,7.4,1,0.089,0.055,0,0,0,116.685,1.95,7.4,0
16.617,recovered,0,0,37.006,25.587,20,35,1900,0,1.954,87.387,6.062,-4.244,0,7.4,1,0.119,0.072,0,0,0,116.685,1.95,7.4,0
16.625,recovered,0,0,37.006,25.597,20,35,1900,0,1.95,87.392,6.062,-4.244,0,7.4,1,0.085,0.067,0,0,0,116.685,1.95,7.4,0
16.633,recovered,0,0,37.006,25.608,20,35,1900,0,1.949,87.195,6.062,-4.244,0,7.4,1,0.107,0.05,0,0,0,116.685,1.95,7.4,0
16.642,recovered,0,0,37.006,25.618,20,35,1900,0,1.945,87.297,6.062,-4.244,0,7.4,1,0.113,0.06,0,0,0,116.685,1.95,7.4,0
16.65,recovered,0,0,37.006,25.629,20,35,1900,0,1.953,87.311,6.062,-4.244,0,7.4,1,0.102,0.073,0,0,0,116.685,1.95,7.4,0
16.658,recovered,0,0,37.006,25.64,20,35,1900,0,1.949,87.288,6.062,-4.244,0,7.4,1,0.091,0.067,0,0,0,116.685,1.95,7.4,0
16.667,recovered,0,0,37.006,25.651,20,35,1900,0,1.955,87.311,6.062,-4.244,0,7.4,1,0.108,0.075,0,0,0,116.685,1.95,7.4,0
16.675,recovered,0,0,37.006,25.661,20,35,1900,0,1.946,87.363,6.062,-4.244,0,7.4,1,0.12,0.055,0,0,0,116.685,1.95,7.4,0
16.683,recovered,0,0,37.006,25.672,20,35,1900,0,1.955,87.343,6.062,-4.244,0,7.4,1,0.086,0.064,0,0,0,116.685,1.95,7.4,0
16.692,recovered,0,0,37.006,25.684,20,35,1900,0,1.951,87.346,6.062,-4.244,0,7.4,1,0.09,0.08,0,0,0,116.685,1.95,7.4,0
16.7,recovered,0,0,37.006,25.695,20,35,1900,0,1.951,87.264,6.062,-4.244,0,7.4,1,0.086,0.069,0,0,0,116.685,1.95,7.4,0
16.708,recovered,0,0,37.006,25.706,20,35,1900,0,1.946,87.375,6.062,-4.244,0,7.4,1,0.098,0.075,0,0,0,116.685,1.95,7.4,0
16.717,recovered,0,0,37.006,25.717,20,35,1900,0,1.949,87.241,6.062,-4.244,0,7.4,1,0.091,0.063,0,0,0,116.685,1.95,7.4,0
16.725,recovered,0,0,37.006,25.729,20,35,1900,0,1.953,87.459,6.062,-4.244,0,7.4,1,0.084,0.066,0,0,0,116.685,1.95,7.4,0
16.733,recovered,0,0,37.006,25.74,20,35,1900,0,1.951,87.367,6.062,-4.244,0,7.4,1,0.095,0.067,0,0,0,116.685,1.95,7.4,0
16.742,recovered,0,0,37.006,25.752,20,35,1900,0,1.953,87.365,6.062,-4.244,0,7.4,1,0.114,0.057,0,0,0,116.685,1.95,7.4,0
16.75,recovered,0,0,37.006,25.763,20,35,1900,0,1.953,87.321,6.062,-4.244,0,7.4,1,0.119,0.061,0,0,0,116.685,1.95,7.4,0
16.758,recovered,0,0,37.006,25.775,20,35,1900,0,1.949,87.364,6.062,-4.244,0,7.4,1,0.086,0.058,0,0,0,116.685,1.95,7.4,0
16.767,recovered,0,0,37.006,25.787,20,35,1900,0,1.953,87.399,6.062,-4.244,0,7.4,1,0.115,0.065,0,0,0,116.685,1.95,7.4,0
16.775,recovered,0,0,37.006,25.799,20,35,1900,0,1.951,87.49,6.062,-4.244,0,7.4,1,0.087,0.056,0,0,0,116.685,1.95,7.4,0
16.783,recovered,0,0,37.006,25.811,20,35,1900,0,1.947,87.231,6.062,-4.244,0,7.4,1,0.093,0.078,0,0,0,116.685,1.95,7.4,0
16.792,recovered,0,0,37.006,25.823,20,35,1900,0,1.949,87.293,6.062,-4.244,0,7.4,1,0.093,0.056,0,0,0,116.685,1.95,7.4,0
16.8,recovered,0,0,37.006,25.835,20,35,1900,0,1.954,87.202,6.062,-4.244,0,7.4,1,0.116,0.06,0,0,0,116.685,1.95,7.4,0
16.808,recovered,0,0,37.006,25.847,20,35,1900,0,1.953,87.415,6.062,-4.244,0,7.4,1,0.086,0.072,0,0,0,116.685,1.95,7.4,0
16.817,recovered,0,0,37.006,25.859,20,35,1900,0,1.95,87.262,6.062,-4.244,0,7.4,1,0.098,0.079,0,0,0,116.685,1.95,7.4,0
16.825,recovered,0,0,37.006,25.871,20,35,1900,0,1.949,87.253,6.062,-4.244,0,7.4,1,0.116,0.063,0,0,0,116.685,1.95,7.4,0
16.833,recovered,0,0,37.006,25.884,20,35,1900,0,1.95,87.224,6.062,-4.244,0,7.4,1,0.105,0.074,0,0,0,116.685,1.95,7.4,0
16.842,recovered,0,0,37.006,25.896,20,35,1900,0,1.949,87.361,6.062,-4.244,0,7.4,1,0.082,0.061,0,0,0,116.685,1.95,7.4,0
16.85,recovered,0,0,37.006,25.909,20,35,1900,0,1.945,87.285,6.062,-4.244,0,7.4,1,0.101,0.057,0,0,0,116.685,1.95,7.4,0
16.858,recovered,0,0,37.006,25.921,20,35,1900,0,1.954,87.44,6.062,-4.244,0,7.4,1,0.096,0.063,0,0,0,116.685,1.95,7.4,0
16.867,recovered,0,0,37.006,25.934,20,35,1900,0,1.945,87.388,6.062,-4.244,0,7.4,1,0.082,0.053,0,0,0,116.685,1.95,7.4,0
16.875,recovered,0,0,37.006,25.947,20,35,1900,0,1.954,87.29,6.062,-4.244,0,7.4,1,0.098,0.068,0,0,0,116.685,1.95,7.4,0
16.883,recovered,0,0,37.006,25.959,20,35,1900,0,1.953,87.352,6.062,-4.244,0,7.4,1,0.087,0.076,0,0,0,116.685,1.95,7.4,0
16.892,recovered,0,0,37.006,25.972,20,35,1900,0,1.949,87.316,6.062,-4.244,0,7.4,1,0.105,0.061,0,0,0,116.685,1.95,7.4,0
16.9,recovered,0,0,37.006,25.985,20,35,1900,0,1.945,87.291,6.062,-4.244,0,7.4,1,0.11,0.052,0,0,0,116.685,1.95,7.4,0
16.908,recovered,0,0,37.006,25.998,20,35,1900,0,1.946,87.481,6.062,-4.244,0,7.4,1,0.083,0.059,0,0,0,116.685,1.95,7.4,0
16.917,recovered,0,0,37.006,26.011,20,35,1900,0,1.951,87.328,6.062,-4.244,0,7.4,1,0.1,0.059,0,0,0,116.685,1.95,7.4,0
16.925,recovered,0,0,37.006,26.024,20,35,1900,0,1.954,87.418,6.062,-4.244,0,7.4,1,0.113,0.073,0,0,0,116.685,1.95,7.4,0
16.933,recovered,0,0,37.006,26.038,20,35,1900,0,1.953,87.307,6.062,-4.244,0,7.4,1,0.111,0.065,0,0,0,116.685,1.95,7.4,0
16.942,recovered,0,0,37.006,26.051,20,35,1900,0,1.947,87.333,6.062,-4.244,0,7.4,1,0.099,0.07,0,0,0,116.685,1.95,7.4,0
16.95,recovered,0,0,37.006,26.064,20,35,1900,0,1.948,87.208,6.062,-4.244,0,7.4,1,0.098,0.055,0,0,0,116.685,1.95,7.4,0
16.958,recovered,0,0,37.006,26.078,20,35,1900,0,1.954,87.307,6.062,-4.244,0,7.4,1,0.097,0.058,0,0,0,116.685,1.95,7.4,0
16.967,recovered,0,0,37.006,26.091,20,35,1900,0,1.948,87.258,6.062,-4.244,0,7.4,1,0.115,0.07,0,0,0,116.685,1.95,7.4,0
16.975,recovered,0,0,37.006,26.105,20,35,1900,0,1.95,87.407,6.062,-4.244,0,7.4,1,0.106,0.068,0,0,0,116.685,1.95,7.4,0
16.983,recovered,0,0,37.006,26.118,20,35,1900,0,1.953,87.401,6.062,-4.244,0,7.4,1,0.108,0.054,0,0,0,116.685,1.95,7.4,0
16.992,recovered,0,0,37.006,26.132,20,35,1900,0,1.947,87.454,6.062,-4.244,0,7.4,1,0.088,0.074,0,0,0,116.685,1.95,7.4,0
17,recovered,0,0,37.006,26.146,20,35,1900,0,1.946,87.472,6.062,-4.244,0,7.4,1,0.083,0.052,0,0,0,116.685,1.95,7.4,0
17.008,recovered,0,0,37.006,26.159,20,35,1900,0,1.949,87.246,6.062,-4.244,0,7.4,1,0.084,0.073,0,0,0,116.685,1.95,7.4,0
17.017,recovered,0,0,37.006,26.173,20,35,1900,0,1.951,87.319,6.062,-4.244,0,7.4,1,0.095,0.065,0,0,0,116.685,1.95,7.4,0
17.025,recovered,0,0,37.006,26.187,20,35,1900,0,1.952,87.319,6.062,-4.244,0,7.4,1,0.116,0.077,0,0,0,116.685,1.95,7.4,0
17.033,recovered,0,0,37.006,26.201,20,35,1900,0,1.946,87.268,6.062,-4.244,0,7.4,1,0.117,0.072,0,0,0,116.685,1.95,7.4,0
17.042,recovered,0,0,37.006,26.215,20,35,1900,0,1.948,87.467,6.062,-4.244,0,7.4,1,0.109,0.065,0,0,0,116.685,1.95,7.4,0
17.05,recovered,0,0,37.006,26.229,20,35,1900,0,1.945,87.256,6.062,-4.244,0,7.4,1,0.104,0.064,0,0,0,116.685,1.95,7.4,0
17.058,recovered,0,0,37.006,26.243,20,35,1900,0,1.954,87.349,6.062,-4.244,0,7.4,1,0.092,0.08,0,0,0,116.685,1.95,7.4,0
17.067,recovered,0,0,37.006,26.258,20,35,1900,0,1.954,87.219,6.062,-4.244,0,7.4,1,0.114,0.078,0,0,0,116.685,1.95,7.4,0
17.075,recovered,0,0,37.006,26.272,20,35,1900,0,1.955,87.318,6.062,-4.244,0,7.4,1,0.088,0.059,0,0,0,116.685,1.95,7.4,0
17.083,recovered,0,0,37.006,26.286,20,35,1900,0,1.955,87.251,6.062,-4.244,0,7.4,1,0.112,0.078,0,0,0,116.685,1.95,7.4,0
17.092,recovered,0,0,37.006,26.301,20,35,1900,0,1.955,87.296,6.062,-4.244,0,7.4,1,0.098,0.076,0,0,0,116.685,1.95,7.4,0
17.1,recovered,0,0,37.006,26.315,20,35,1900,0,1.951,87.267,6.062,-4.244,0,7.4,1,0.087,0.064,0,0,0,116.685,1.95,7.4,0
17.108,recovered,0,0,37.006,26.33,20,35,1900,0,1.948,87.308,6.062,-4.244,0,7.4,1,0.095,0.071,0,0,0,116.685,1.95,7.4,0
17.117,recovered,0,0,37.006,26.344,20,35,1900,0,1.955,87.442,6.062,-4.244,0,7.4,1,0.095,0.058,0,0,0,116.685,1.95,7.4,0
17.125,recovered,0,0,37.006,26.359,20,35,1900,0,1.948,87.458,6.062,-4.244,0,7.4,1,0.097,0.07,0,0,0,116.685,1.95,7.4,0
17.133,recovered,0,0,37.006,26.373,20,35,1900,0,1.945,87.48,6.062,-4.244,0,7.4,1,0.086,0.079,0,0,0,116.685,1.95,7.4,0
17.142,recovered,0,0,37.006,26.388,20,35,1900,0,1.947,87.515,6.062,-4.244,0,7.4,1,0.081,0.057,0,0,0,116.685,1.95,7.4,0
17.15,recovered,0,0,37.006,26.403,20,35,1900,0,1.947,87.296,6.062,-4.244,0,7.4,1,0.109,0.07,0,0,0,116.685,1.95,7.4,0
17.158,recovered,0,0,37.006,26.418,20,35,1900,0,1.952,87.275,6.062,-4.244,0,7.4,1,0.118,0.078,0,0,0,116.685,1.95,7.4,0
17.167,recovered,0,0,37.006,26.433,20,35,1900,0,1.952,87.484,6.062,-4.244,0,7.4,1,0.091,0.059,0,0,0,116.685,1.95,7.4,0
17.175,recovered,0,0,37.006,26.448,20,35,1900,0,1.95,87.313,6.062,-4.244,0,7.4,1,0.099,0.076,0,0,0,116.685,1.95,7.4,0
17.183,recovered,0,0,37.006,26.463,20,35,1900,0,1.949,87.384,6.062,-4.244,0,7.4,1,0.105,0.068,0,0,0,116.685,1.95,7.4,0
17.192,recovered,0,0,37.006,26.478,20,35,1900,0,1.948,87.353,6.062,-4.244,0,7.4,1,0.106,0.059,0,0,0,116.685,1.95,7.4,0
17.2,recovered,0,0,37.006,26.493,20,35,1900,0,1.953,87.485,6.062,-4.244,0,7.4,1,0.111,0.068,0,0,0,116.685,1.95,7.4,0
17.208,recovered,0,0,37.006,26.508,20,35,1900,0,1.948,87.231,6.062,-4.244,0,7.4,1,0.089,0.061,0,0,0,116.685,1.95,7.4,0
17.217,recovered,0,0,37.006,26.523,20,35,1900,0,1.953,87.468,6.062,-4.244,0,7.4,1,0.115,0.074,0,0,0,116.685,1.95,7.4,0
17.225,recovered,0,0,37.006,26.538,20,35,1900,0,1.952,87.3,6.062,-4.244,0,7.4,1,0.088,0.07,0,0,0,116.685,1.95,7.4,0
17.233,recovered,0,0,37.006,26.554,20,35,1900,0,1.95,87.305,6.062,-4.244,0,7.4,1,0.094,0.07,0,0,0,116.685,1.95,7.4,0
17.242,recovered,0,0,37.006,26.569,20,35,1900,0,1.947,87.483,6.062,-4.244,0,7.4,1,0.095,0.054,0,0,0,116.685,1.95,7.4,0
17.25,recovered,0,0,37.006,26.584,20,35,1900,0,1.95,87.503,6.062,-4.244,0,7.4,1,0.116,0.064,0,0,0,116.685,1.95,7.4,0
17.258,recovered,0,0,37.006,26.6,20,35,1900,0,1.952,87.515,6.062,-4.244,0,7.4,1,0.082,0.07,0,0,0,116.685,1.95,7.4,0
17.267,recovered,0,0,37.006,26.615,20,35,1900,0,1.953,87.371,6.062,-4.244,0,7.4,1,0.105,0.054,0,0,0,116.685,1.95,7.4,0
17.275,recovered,0,0,37.006,26.631,20,35,1900,0,1.955,87.407,6.062,-4.244,0,7.4,1,0.082,0.064,0,0,0,116.685,1.95,7.4,0
17.283,recovered,0,0,37.006,26.647,20,35,1900,0,1.953,87.246,6.062,-4.244,0,7.4,1,0.097,0.07,0,0,0,116.685,1.95,7.4,0
17.292,recovered,0,0,37.006,26.662,20,35,1900,0,1.95,87.471,6.062,-4.244,0,7.4,1,0.118,0.07,0,0,0,116.685,1.95,7.4,0
17.3,recovered,0,0,37.006,26.678,20,35,1900,0,1.949,87.522,6.062,-4.244,0,7.4,1,0.102,0.076,0,0,0,116.685,1.95,7.4,0
17.308,recovered,0,0,37.006,26.694,20,35,1900,0,1.951,87.352,6.062,-4.244,0,7.4,1,0.097,0.074,0,0,0,116.685,1.95,7.4,0
17.317,recovered,0,0,37.006,26.709,20,35,1900,0,1.955,87.496,6.062,-4.244,0,7.4,1,0.091,0.057,0,0,0,116.685,1.95,7.4,0
17.325,recovered,0,0,37.006,26.725,20,35,1900,0,1.949,87.491,6.062,-4.244,0,7.4,1,0.096,0.05,0,0,0,116.685,1.95,7.4,0
17.333,recovered,0,0,37.006,26.741,20,35,1900,0,1.95,87.416,6.062,-4.244,0,7.4,1,0.082,0.071,0,0,0,116.685,1.95,7.4,0
17.342,recovered,0,0,37.006,26.757,20,35,1900,0,1.953,87.486,6.062,-4.244,0,7.4,1,0.118,0.067,0,0,0,116.685,1.95,7.4,0
17.35,recovered,0,0,37.006,26.773,20,35,1900,0,1.95,87.392,6.062,-4.244,0,7.4,1,0.085,0.066,0,0,0,116.685,1.95,7.4,0
17.358,recovered,0,0,37.006,26.789,20,35,1900,0,1.946,87.308,6.062,-4.244,0,7.4,1,0.107,0.059,0,0,0,116.685,1.95,7.4,0
17.367,recovered,0,0,37.006,26.805,20,35,1900,0,1.947,87.472,6.062,-4.244,0,7.4,1,0.115,0.061,0,0,0,116.685,1.95,7.4,0
17.375,recovered,0,0,37.006,26.821,20,35,1900,0,1.949,87.253,6.062,-4.244,0,7.4,1,0.085,0.06,0,0,0,116.685,1.95,7.4,0
17.383,recovered,0,0,37.006,26.837,20,35,1900,0,1.953,87.284,6.062,-4.244,0,7.4,1,0.089,0.079,0,0,0,116.685,1.95,7.4,0
17.392,recovered,0,0,37.006,26.853,20,35,1900,0,1.948,87.356,6.062,-4.244,0,7.4,1,0.114,0.075,0,0,0,116.685,1.95,7.4,0
17.4,recovered,0,0,37.006,26.87,20,35,1900,0,1.95,87.37,6.062,-4.244,0,7.4,1,0.102,0.073,0,0,0,116.685,1.95,7.4,0
17.408,recovered,0,0,37.006,26.886,20,35,1900,0,1.949,87.382,6.062,-4.244,0,7.4,1,0.1,0.073,0,0,0,116.685,1.95,7.4,0
17.417,recovered,0,0,37.006,26.902,20,35,1900,0,1.946,87.49,6.062,-4.244,0,7.4,1,0.085,0.052,0,0,0,116.685,1.95,7.4,0
17.425,recovered,0,0,37.006,26.918,20,35,1900,0,1.949,87.45,6.062,-4.244,0,7.4,1,0.097,0.068,0,0,0,116.685,1.95,7.4,0
17.433,recovered,0,0,37.006,26.935,20,35,1900,0,1.953,87.279,6.062,-4.244,0,7.4,1,0.091,0.066,0,0,0,116.685,1.95,7.4,0
17.442,recovered,0,0,37.006,26.951,20,35,1900,0,1.946,87.355,6.062,-4.244,0,7.4,1,0.082,0.076,0,0,0,116.685,1.95,7.4,0
17.45,recovered,0,0,37.006,26.967,20,35,1900,0,1.948,87.436,6.062,-4.244,0,7.4,1,0.098,0.07,0,0,0,116.685,1.95,7.4,0
17.458,recovered,0,0,37.006,26.984,20,35,1900,0,1.953,87.252,6.062,-4.244,0,7.4,1,0.094,0.056,0,0,0,116.685,1.95,7.4,0
17.467,recovered,0,0,37.006,27,20,35,1900,0,1.951,87.445,6.062,-4.244,0,7.4,1,0.112,0.055,0,0,0,116.685,1.95,7.4,0
17.475,recovered,0,0,37.006,27.017,20,35,1900,0,1.952,87.488,6.062,-4.244,0,7.4,1,0.1,0.065,0,0,0,116.685,1.95,7.4,0
17.483,recovered,0,0,37.006,27.033,20,35,1900,0,1.951,87.349,6.062,-4.244,0,7.4,1,0.084,0.069,0,0,0,116.685,1.95,7.4,0
17.492,recovered,0,0,37.006,27.05,20,35,1900,0,1.945,87.543,6.062,-4.244,0,7.4,1,0.099,0.066,0,0,0,116.685,1.95,7.4,0
17.5,recovered,0,0,37.006,27.067,20,35,1900,0,1.947,87.427,6.062,-4.244,0,7.4,1,0.113,0.07,0,0,0,116.685,1.95,7.4,0
17.508,recovered,0,0,37.006,27.083,20,35,1900,0,1.949,87.275,6.062,-4.244,0,7.4,1,0.091,0.069,0,0,0,116.685,1.95,7.4,0
17.517,recovered,0,0,37.006,27.1,20,35,1900,0,1.949,87.296,6.062,-4.244,0,7.4,1,0.088,0.072,0,0,0,116.685,1.95,7.4,0
17.525,recovered,0,0,37.006,27.117,20,35,1900,0,1.947,87.448,6.062,-4.244,0,7.4,1,0.111,0.076,0,0,0,116.685,1.95,7.4,0
17.533,recovered,0,0,37.006,27.133,20,35,1900,0,1.951,87.55,6.062,-4.244,0,7.4,1,0.092,0.072,0,0,0,116.685,1.95,7.4,0
17.542,recovered,0,0,37.006,27.15,20,35,1900,0,1.945,87.38,6.062,-4.244,0,7.4,1,0.101,0.057,0,0,0,116.685,1.95,7.4,0
17.55,recovered,0,0,37.006,27.167,20,35,1900,0,1.952,87.322,6.062,-4.244,0,7.4,1,0.115,0.05,0,0,0,116.685,1.95,7.4,0
17.558,recovered,0,0,37.006,27.184,20,35,1900,0,1.949,87.256,6.062,-4.244,0,7.4,1,0.09,0.055,0,0,0,116.685,1.95,7.4,0
17.567,recovered,0,0,37.006,27.201,20,35,1900,0,1.947,87.385,6.062,-4.244,0,7.4,1,0.085,0.06,0,0,0,116.685,1.95,7.4,0
17.575,recovered,0,0,37.006,27.218,20,35,1900,0,1.949,87.378,6.062,-4.244,0,7.4,1,0.093,0.051,0,0,0,116.685,1.95,7.4,0
17.583,recovered,0,0,37.006,27.234,20,35,1900,0,1.95,87.301,6.062,-4.244,0,7.4,1,0.113,0.051,0,0,0,116.685,1.95,7.4,0
17.592,recovered,0,0,37.006,27.251,20,35,1900,0,1.951,87.543,6.062,-4.244,0,7.4,1,0.116,0.066,0,0,0,116.685,1.95,7.4,0
17.6,recovered,0,0,37.006,27.268,20,35,1900,0,1.946,87.466,6.062,-4.244,0,7.4,1,0.104,0.057,0,0,0,116.685,1.95,7.4,0
17.608,recovered,0,0,37.006,27.285,20,35,1900,0,1.948,87.558,6.062,-4.244,0,7.4,1,0.099,0.055,0,0,0,116.685,1.95,7.4,0
17.617,recovered,0,0,37.006,27.302,20,35,1900,0,1.949,87.443,6.062,-4.244,0,7.4,1,0.12,0.059,0,0,0,116.685,1.95,7.4,0
17.625,recovered,0,0,37.006,27.319,20,35,1900,0,1.949,87.344,6.062,-4.244,0,7.4,1,0.116,0.061,0,0,0,116.685,1.95,7.4,0
17.633,recovered,0,0,37.006,27.336,20,35,1900,0,1.953,87.282,6.062,-4.244,0,7.4,1,0.09,0.057,0,0,0,116.685,1.95,7.4,0
17.642,recovered,0,0,37.006,27.353,20,35,1900,0,1.953,87.311,6.062,-4.244,0,7.4,1,0.117,0.052,0,0,0,116.685,1.95,7.4,0
17.65,recovered,0,0,37.006,27.371,20,35,1900,0,1.947,87.344,6.062,-4.244,0,7.4,1,0.082,0.062,0,0,0,116.685,1.95,7.4,0
17.658,recovered,0,0,37.006,27.388,20,35,1900,0,1.954,87.489,6.062,-4.244,0,7.4,1,0.086,0.054,0,0,0,116.685,1.95,7.4,0
17.667,recovered,0,0,37.006,27.405,20,35,1900,0,1.947,87.32,6.062,-4.244,0,7.4,1,0.094,0.074,0,0,0,116.685,1.95,7.4,0
17.675,recovered,0,0,37.006,27.422,20,35,1900,0,1.946,87.541,6.062,-4.244,0,7.4,1,0.093,0.06,0,0,0,116.685,1.95,7.4,0
17.683,recovered,0,0,37.006,27.439,20,35,1900,0,1.95,87.484,6.062,-4.244,0,7.4,1,0.094,0.069,0,0,0,116.685,1.95,7.4,0
17.692,recovered,0,0,37.006,27.456,20,35,1900,0,1.951,87.436,6.062,-4.244,0,7.4,1,0.081,0.051,0,0,0,116.685,1.95,7.4,0
17.7,recovered,0,0,37.006,27.474,20,35,1900,0,1.948,87.279,6.062,-4.244,0,7.4,1,0.113,0.061,0,0,0,116.685,1.95,7.4,0
17.708,recovered,0,0,37.006,27.491,20,35,1900,0,1.949,87.297,6.062,-4.244,0,7.4,1,0.119,0.061,0,0,0,116.685,1.95,7.4,0
17.717,recovered,0,0,37.006,27.508,20,35,1900,0,1.948,87.464,6.062,-4.244,0,7.4,1,0.092,0.073,0,0,0,116.685,1.95,7.4,0
17.725,recovered,0,0,37.006,27.525,20,35,1900,0,1.946,87.399,6.062,-4.244,0,7.4,1,0.117,0.073,0,0,0,116.685,1.95,7.4,0
17.733,recovered,0,0,37.006,27.543,20,35,1900,0,1.945,87.501,6.062,-4.244,0,7.4,1,0.109,0.063,0,0,0,116.685,1.95,7.4,0
17.742,recovered,0,0,37.006,27.56,20,35,1900,0,1.952,87.421,6.062,-4.244,0,7.4,1,0.09,0.062,0,0,0,116.685,1.95,7.4,0
17.75,recovered,0,0,37.006,27.577,20,35,1900,0,1.947,87.379,6.062,-4.244,0,7.4,1,0.082,0.07,0,0,0,116.685,1.95,7.4,0
17.758,recovered,0,0,37.006,27.595,20,35,1900,0,1.948,87.351,6.062,-4.244,0,7.4,1,0.088,0.052,0,0,0,116.685,1.95,7.4,0
17.767,recovered,0,0,37.006,27.612,20,35,1900,0,1.949,87.308,6.062,-4.244,0,7.4,1,0.096,0.052,0,0,0,116.685,1.95,7.4,0
17.775,recovered,0,0,37.006,27.629,20,35,1900,0,1.948,87.488,6.062,-4.244,0,7.4,1,0.09,0.059,0,0,0,116.685,1.95,7.4,0
17.783,recovered,0,0,37.006,27.647,20,35,1900,0,1.952,87.386,6.062,-4.244,0,7.4,1,0.099,0.078,0,0,0,116.685,1.95,7.4,0
17.792,recovered,0,0,37.006,27.664,20,35,1900,0,1.953,87.524,6.062,-4.244,0,7.4,1,0.085,0.072,0,0,0,116.685,1.95,7.4,0
17.8,recovered,0,0,37.006,27.681,20,35,1900,0,1.947,87.571,6.062,-4.244,0,7.4,1,0.109,0.077,0,0,0,116.685,1.95,7.4,0
17.808,recovered,0,0,37.006,27.699,20,35,1900,0,1.952,87.531,6.062,-4.244,0,7.4,1,0.11,0.054,0,0,0,116.685,1.95,7.4,0
17.817,recovered,0,0,37.006,27.716,20,35,1900,0,1.952,87.386,6.062,-4.244,0,7.4,1,0.11,0.074,0,0,0,116.685,1.95,7.4,0
17.825,recovered,0,0,37.006,27.734,20,35,1900,0,1.95,87.511,6.062,-4.244,0,7.4,1,0.106,0.059,0,0,0,116.685,1.95,7.4,0
17.833,recovered,0,0,37.006,27.751,20,35,1900,0,1.946,87.288,6.062,-4.244,0,7.4,1,0.093,0.052,0,0,0,116.685,1.95,7.4,0
17.842,recovered,0,0,37.006,27.769,20,35,1900,0,1.95,87.459,6.062,-4.244,0,7.4,1,0.117,0.053,0,0,0,116.685,1.95,7.4,0
17.85,recovered,0,0,37.006,27.786,20,35,1900,0,1.948,87.362,6.062,-4.244,0,7.4,1,0.095,0.058,0,0,0,116.685,1.95,7.4,0
17.858,recovered,0,0,37.006,27.804,20,35,1900,0,1.953,87.331,6.062,-4.244,0,7.4,1,0.12,0.064,0,0,0,116.685,1.95,7.4,0
17.867,recovered,0,0,37.006,27.821,20,35,1900,0,1.955,87.282,6.062,-4.244,0,7.4,1,0.099,0.069,0,0,0,116.685,1.95,7.4,0
17.875,recovered,0,0,37.006,27.838,20,35,1900,0,1.952,87.447,6.062,-4.244,0,7.4,1,0.087,0.051,0,0,0,116.685,1.95,7.4,0
17.883,recovered,0,0,37.006,27.856,20,35,1900,0,1.948,87.356,6.062,-4.244,0,7.4,1,0.11,0.079,0,0,0,116.685,1.95,7.4,0
17.892,recovered,0,0,37.006,27.873,20,35,1900,0,1.949,87.563,6.062,-4.244,0,7.4,1,0.105,0.055,0,0,0,116.685,1.95,7.4,0
17.9,recovered,0,0,37.006,27.891,20,35,1900,0,1.951,87.459,6.062,-4.244,0,7.4,1,0.111,0.076,0,0,0,116.685,1.95,7.4,0
17.908,recovered,0,0,37.006,27.908,20,35,1900,0,1.946,87.449,6.062,-4.244,0,7.4,1,0.088,0.065,0,0,0,116.685,1.95,7.4,0
17.917,recovered,0,0,37.006,27.926,20,35,1900,0,1.953,87.373,6.062,-4.244,0,7.4,1,0.095,0.05,0,0,0,116.685,1.95,7.4,0
17.925,recovered,0,0,37.006,27.943,20,35,1900,0,1.951,87.445,6.062,-4.244,0,7.4,1,0.081,0.068,0,0,0,116.685,1.95,7.4,0
17.933,recovered,0,0,37.006,27.961,20,35,1900,0,1.95,87.367,6.062,-4.244,0,7.4,1,0.116,0.069,0,0,0,116.685,1.95,7.4,0
17.942,recovered,0,0,37.006,27.978,20,35,1900,0,1.953,87.521,6.062,-4.244,0,7.4,1,0.112,0.064,0,0,0,116.685,1.95,7.4,0
17.95,recovered,0,0,37.006,27.996,20,35,1900,0,1.948,87.584,6.062,-4.244,0,7.4,1,0.118,0.075,0,0,0,116.685,1.95,7.4,0
17.958,recovered,0,0,37.006,28.013,20,35,1900,0,1.947,87.393,6.062,-4.244,0,7.4,1,0.1,0.067,0,0,0,116.685,1.95,7.4,0
17.967,recovered,0,0,37.006,28.031,20,35,1900,0,1.952,87.529,6.062,-4.244,0,7.4,1,0.114,0.057,0,0,0,116.685,1.95,7.4,0
17.975,recovered,0,0,37.006,28.048,20,35,1900,0,1.948,87.525,6.062,-4.244,0,7.4,1,0.102,0.057,0,0,0,116.685,1.95,7.4,0
17.983,recovered,0,0,37.006,28.066,20,35,1900,0,1.948,87.444,6.062,-4.244,0,7.4,1,0.085,0.079,0,0,0,116.685,1.95,7.4,0
17.992,recovered,0,0,37.006,28.083,20,35,1900,0,1.951,87.338,6.062,-4.244,0,7.4,1,0.09,0.072,0,0,0,116.685,1.95,7.4,0
18,recovered,0,0,37.006,28.101,20,35,1900,0,1.95,87.297,6.062,-4.244,0,7.4,1,0.085,0.055,0,0,0,116.685,1.95,7.4,0
18.008,recovered,0,0,37.006,28.118,20,35,1900,0,1.946,87.465,6.062,-4.244,0,7.4,1,0.084,0.063,0,0,0,116.685,1.95,7.4,0
18.017,recovered,0,0,37.006,28.136,20,35,1900,0,1.953,87.556,6.062,-4.244,0,7.4,1,0.099,0.059,0,0,0,116.685,1.95,7.4,0
18.025,recovered,0,0,37.006,28.153,20,35,1900,0,1.954,87.413,6.062,-4.244,0,7.4,1,0.105,0.065,0,0,0,116.685,1.95,7.4,0
18.033,recovered,0,0,37.006,28.171,20,35,1900,0,1.95,87.522,6.062,-4.244,0,7.4,1,0.088,0.066,0,0,0,116.685,1.95,7.4,0
18.042,recovered,0,0,37.006,28.188,20,35,1900,0,1.954,87.299,6.062,-4.244,0,7.4,1,0.086,0.056,0,0,0,116.685,1.95,7.4,0
18.05,recovered,0,0,37.006,28.206,20,35,1900,0,1.955,87.448,6.062,-4.244,0,7.4,1,0.107,0.072,0,0,0,116.685,1.95,7.4,0
18.058,recovered,0,0,37.006,28.223,20,35,1900,0,1.946,87.478,6.062,-4.244,0,7.4,1,0.112,0.079,0,0,0,116.685,1.95,7.4,0
18.067,recovered,0,0,37.006,28.241,20,35,1900,0,1.952,87.412,6.062,-4.244,0,7.4,1,0.104,0.058,0,0,0,116.685,1.95,7.4,0
18.075,recovered,0,0,37.006,28.258,20,35,1900,0,1.951,87.311,6.062,-4.244,0,7.4,1,0.082,0.066,0,0,0,116.685,1.95,7.4,0
18.083,recovered,0,0,37.006,28.275,20,35,1900,0,1.951,87.406,6.062,-4.244,0,7.4,1,0.11,0.05,0,0,0,116.685,1.95,7.4,0
18.092,recovered,0,0,37.006,28.293,20,35,1900,0,1.951,87.464,6.062,-4.244,0,7.4,1,0.114,0.079,0,0,0,116.685,1.95,7.4,0
18.1,recovered,0,0,37.006,28.31,20,35,1900,0,1.954,87.576,6.062,-4.244,0,7.4,1,0.112,0.065,0,0,0,116.685,1.95,7.4,0
18.108,recovered,0,0,37.006,28.328,20,35,1900,0,1.947,87.54,6.062,-4.244,0,7.4,1,0.086,0.063,0,0,0,116.685,1.95,7.4,0
18.117,recovered,0,0,37.006,28.345,20,35,1900,0,1.948,87.445,6.062,-4.244,0,7.4,1,0.118,0.073,0,0,0,116.685,1.95,7.4,0
18.125,recovered,0,0,37.006,28.363,20,35,1900,0,1.95,87.556,6.062,-4.244,0,7.4,1,0.088,0.079,0,0,0,116.685,1.95,7.4,0
18.133,recovered,0,0,37.006,28.38,20,35,1900,0,1.953,87.599,6.062,-4.244,0,7.4,1,0.082,0.07,0,0,0,116.685,1.95,7.4,0
18.142,recovered,0,0,37.006,28.397,20,35,1900,0,1.952,87.553,6.062,-4.244,0,7.4,1,0.105,0.058,0,0,0,116.685,1.95,7.4,0
18.15,recovered,0,0,37.006,28.415,20,35,1900,0,1.949,87.573,6.062,-4.244,0,7.4,1,0.082,0.07,0,0,0,116.685,1.95,7.4,0
18.158,recovered,0,0,37.006,28.432,20,35,1900,0,1.955,87.511,6.062,-4.244,0,7.4,1,0.081,0.066,0,0,0,116.685,1.95,7.4,0
18.167,recovered,0,0,37.006,28.449,20,35,1900,0,1.947,87.392,6.062,-4.244,0,7.4,1,0.09,0.069,0,0,0,116.685,1.95,7.4,0
18.175,recovered,0,0,37.006,28.466,20,35,1900,0,1.952,87.403,6.062,-4.244,0,7.4,1,0.112,0.06,0,0,0,116.685,1.95,7.4,0
18.183,recovered,0,0,37.006,28.484,20,35,1900,0,1.948,87.322,6.062,-4.244,0,7.4,1,0.086,0.075,0,0,0,116.685,1.95,7.4,0
18.192,recovered,0,0,37.006,28.501,20,35,1900,0,1.95,87.513,6.062,-4.244,0,7.4,1,0.083,0.061,0,0,0,116.685,1.95,7.4,0
18.2,recovered,0,0,37.006,28.518,20,35,1900,0,1.945,87.475,6.062,-4.244,0,7.4,1,0.097,0.078,0,0,0,116.685,1.95,7.4,0
18.208,recovered,0,0,37.006,28.536,20,35,1900,0,1.953,87.604,6.062,-4.244,0,7.4,1,0.102,0.065,0,0,0,116.685,1.95,7.4,0
18.217,recovered,0,0,37.006,28.553,20,35,1900,0,1.954,87.44,6.062,-4.244,0,7.4,1,0.112,0.075,0,0,0,116.685,1.95,7.4,0
18.225,recovered,0,0,37.006,28.57,20,35,1900,0,1.949,87.47,6.062,-4.244,0,7.4,1,0.11,0.066,0,0,0,116.685,1.95,7.4,0
18.233,recovered,0,0,37.006,28.587,20,35,1900,0,1.946,87.485,6.062,-4.244,0,7.4,1,0.092,0.069,0,0,0,116.685,1.95,7.4,0
18.242,recovered,0,0,37.006,28.604,20,35,1900,0,1.952,87.603,6.062,-4.244,0,7.4,1,0.101,0.078,0,0,0,116.685,1.95,7.4,0
18.25,recovered,0,0,37.006,28.621,20,35,1900,0,1.954,87.488,6.062,-4.244,0,7.4,1,0.113,0.059,0,0,0,116.685,1.95,7.4,0
18.258,recovered,0,0,37.006,28.638,20,35,1900,0,1.955,87.366,6.062,-4.244,0,7.4,1,0.091,0.05,0,0,0,116.685,1.95,7.4,0
18.267,recovered,0,0,37.006,28.656,20,35,1900,0,1.955,87.418,6.062,-4.244,0,7.4,1,0.08,0.057,0,0,0,116.685,1.95,7.4,0
18.275,recovered,0,0,37.006,28.673,20,35,1900,0,1.949,87.534,6.062,-4.244,0,7.4,1,0.082,0.074,0,0,0,116.685,1.95,7.4,0
18.283,recovered,0,0,37.006,28.69,20,35,1900,0,1.948,87.431,6.062,-4.244,0,7.4,1,0.09,0.052,0,0,0,116.685,1.95,7.4,0
18.292,recovered,0,0,37.006,28.707,20,35,1900,0,1.947,87.444,6.062,-4.244,0,7.4,1,0.106,0.074,0,0,0,116.685,1.95,7.4,0
18.3,recovered,0,0,37.006,28.724,20,35,1900,0,1.948,87.566,6.062,-4.244,0,7.4,1,0.092,0.056,0,0,0,116.685,1.95,7.4,0
18.308,recovered,0,0,37.006,28.741,20,35,1900,0,1.948,87.596,6.062,-4.244,0,7.4,1,0.087,0.06,0,0,0,116.685,1.95,7.4,0
18.317,recovered,0,0,37.006,28.758,20,35,1900,0,1.95,87.511,6.062,-4.244,0,7.4,1,0.081,0.058,0,0,0,116.685,1.95,7.4,0
18.325,recovered,0,0,37.006,28.775,20,35,1900,0,1.945,87.375,6.062,-4.244,0,7.4,1,0.112,0.063,0,0,0,116.685,1.95,7.4,0
18.333,recovered,0,0,37.006,28.791,20,35,1900,0,1.945,87.364,6.062,-4.244,0,7.4,1,0.094,0.052,0,0,0,116.685,1.95,7.4,0
18.342,recovered,0,0,37.006,28.808,20,35,1900,0,1.947,87.427,6.062,-4.244,0,7.4,1,0.111,0.059,0,0,0,116.685,1.95,7.4,0
18.35,recovered,0,0,37.006,28.825,20,35,1900,0,1.947,87.469,6.062,-4.244,0,7.4,1,0.118,0.056,0,0,0,116.685,1.95,7.4,0
18.358,recovered,0,0,37.006,28.842,20,35,1900,0,1.953,87.551,6.062,-4.244,0,7.4,1,0.12,0.073,0,0,0,116.685,1.95,7.4,0
18.367,recovered,0,0,37.006,28.859,20,35,1900,0,1.954,87.536,6.062,-4.244,0,7.4,1,0.109,0.07,0,0,0,116.685,1.95,7.4,0
18.375,recovered,0,0,37.006,28.875,20,35,1900,0,1.947,87.575,6.062,-4.244,0,7.4,1,0.095,0.073,0,0,0,116.685,1.95,7.4,0
18.383,recovered,0,0,37.006,28.892,20,35,1900,0,1.95,87.414,6.062,-4.244,0,7.4,1,0.084,0.062,0,0,0,116.685,1.95,7.4,0
18.392,recovered,0,0,37.006,28.909,20,35,1900,0,1.945,87.594,6.062,-4.244,0,7.4,1,0.094,0.065,0,0,0,116.685,1.95,7.4,0
18.4,recovered,0,0,37.006,28.926,20,35,1900,0,1.954,87.522,6.062,-4.244,0,7.4,1,0.118,0.066,0,0,0,116.685,1.95,7.4,0
18.408,recovered,0,0,37.006,28.942,20,35,1900,0,1.954,87.387,6.062,-4.244,0,7.4,1,0.093,0.066,0,0,0,116.685,1.95,7.4,0
18.417,recovered,0,0,37.006,28.959,20,35,1900,0,1.951,87.508,6.062,-4.244,0,7.4,1,0.09,0.066,0,0,0,116.685,1.95,7.4,0
18.425,recovered,0,0,37.006,28.975,20,35,1900,0,1.947,87.539,6.062,-4.244,0,7.4,1,0.119,0.054,0,0,0,116.685,1.95,7.4,0
18.433,recovered,0,0,37.006,28.992,20,35,1900,0,1.95,87.395,6.062,-4.244,0,7.4,1,0.104,0.079,0,0,0,116.685,1.95,7.4,0
18.442,recovered,0,0,37.006,29.008,20,35,1900,0,1.945,87.556,6.062,-4.244,0,7.4,1,0.093,0.073,0,0,0,116.685,1.95,7.4,0
18.45,recovered,0,0,37.006,29.025,20,35,1900,0,1.95,87.377,6.062,-4.244,0,7.4,1,0.086,0.076,0,0,0,116.685,1.95,7.4,0
18.458,recovered,0,0,37.006,29.041,20,35,1900,0,1.954,87.419,6.062,-4.244,0,7.4,1,0.104,0.051,0,0,0,116.685,1.95,7.4,0
18.467,recovered,0,0,37.006,29.058,20,35,1900,0,1.953,87.602,6.062,-4.244,0,7.4,1,0.081,0.073,0,0,0,116.685,1.95,7.4,0
18.475,recovered,0,0,37.006,29.074,20,35,1900,0,1.947,87.398,6.062,-4.244,0,7.4,1,0.112,0.052,0,0,0,116.685,1.95,7.4,0
18.483,recovered,0,0,37.006,29.09,20,35,1900,0,1.947,87.531,6.062,-4.244,0,7.4,1,0.106,0.072,0,0,0,116.685,1.95,7.4,0
18.492,recovered,0,0,37.006,29.107,20,35,1900,0,1.945,87.387,6.062,-4.244,0,7.4,1,0.11,0.063,0,0,0,116.685,1.95,7.4,0
18.5,recovered,0,0,37.006,29.123,20,35,1900,0,1.952,87.36,6.062,-4.244,0,7.4,1,0.12,0.062,0,0,0,116.685,1.95,7.4,0
18.508,recovered,0,0,37.006,29.139,20,35,1900,0,1.947,87.377,6.062,-4.244,0,7.4,1,0.08,0.08,0,0,0,116.685,1.95,7.4,0
18.517,recovered,0,0,37.006,29.155,20,35,1900,0,1.952,87.518,6.062,-4.244,0,7.4,1,0.095,0.059,0,0,0,116.685,1.95,7.4,0
18.525,recovered,0,0,37.006,29.171,20,35,1900,0,1.949,87.382,6.062,-4.244,0,7.4,1,0.087,0.072,0,0,0,116.685,1.95,7.4,0
18.533,recovered,0,0,37.006,29.187,20,35,1900,0,1.953,87.336,6.062,-4.244,0,7.4,1,0.118,0.066,0,0,0,116.685,1.95,7.4,0
18.542,recovered,0,0,37.006,29.204,20,35,1900,0,1.946,87.592,6.062,-4.244,0,7.4,1,0.095,0.059,0,0,0,116.685,1.95,7.4,0
18.55,recovered,0,0,37.006,29.22,20,35,1900,0,1.953,87.457,6.062,-4.244,0,7.4,1,0.095,0.064,0,0,0,116.685,1.95,7.4,0
18.558,recovered,0,0,37.006,29.235,20,35,1900,0,1.945,87.606,6.062,-4.244,0,7.4,1,0.108,0.075,0,0,0,116.685,1.95,7.4,0
18.567,recovered,0,0,37.006,29.251,20,35,1900,0,1.946,87.633,6.062,-4.244,0,7.4,1,0.111,0.05,0,0,0,116.685,1.95,7.4,0
18.575,recovered,0,0,37.006,29.267,20,35,1900,0,1.945,87.464,6.062,-4.244,0,7.4,1,0.094,0.068,0,0,0,116.685,1.95,7.4,0
18.583,recovered,0,0,37.006,29.283,20,35,1900,0,1.952,87.545,6.062,-4.244,0,7.4,1,0.102,0.053,0,0,0,116.685,1.95,7.4,0
18.592,recovered,0,0,37.006,29.299,20,35,1900,0,1.945,87.418,6.062,-4.244,0,7.4,1,0.09,0.062,0,0,0,116.685,1.95,7.4,0
18.6,recovered,0,0,37.006,29.315,20,35,1900,0,1.948,87.41,6.062,-4.244,0,7.4,1,0.099,0.079,0,0,0,116.685,1.95,7.4,0
18.608,recovered,0,0,37.006,29.33,20,35,1900,0,1.948,87.418,6.062,-4.244,0,7.4,1,0.086,0.071,0,0,0,116.685,1.95,7.4,0
18.617,recovered,0,0,37.006,29.346,20,35,1900,0,1.95,87.615,6.062,-4.244,0,7.4,1,0.106,0.077,0,0,0,116.685,1.95,7.4,0
18.625,recovered,0,0,37.006,29.362,20,35,1900,0,1.954,87.607,6.062,-4.244,0,7.4,1,0.938,0.068,0,0,0,116.685,1.95,7.4,0
18.633,recovered,0,0,37.006,29.377,20,35,1900,0,1.95,87.512,6.062,-4.244,0,7.4,1,0.932,0.066,0,0,0,116.685,1.95,7.4,0
18.642,recovered,0,0,37.006,29.393,20,35,1900,0,1.952,87.631,6.062,-4.244,0,7.4,1,0.919,0.057,0,0,0,116.685,1.95,7.4,0
18.65,recovered,0,0,37.006,29.408,20,35,1900,0,1.948,87.569,6.062,-4.244,0,7.4,1,0.921,0.07,0,0,0,116.685,1.95,7.4,0
18.658,recovered,0,0,37.006,29.424,20,35,1900,0,1.946,87.55,6.062,-4.244,0,7.4,1,0.911,0.068,0,0,0,116.685,1.95,7.4,0
18.667,recovered,0,0,37.006,29.439,20,35,1900,0,1.954,87.43,6.062,-4.244,0,7.4,1,0.911,0.069,0,0,0,116.685,1.95,7.4,0
18.675,recovered,0,0,37.006,29.454,20,35,1900,0,1.947,87.64,6.062,-4.244,0,7.4,1,0.924,0.054,0,0,0,116.685,1.95,7.4,0
18.683,recovered,0,0,37.006,29.47,20,35,1900,0,1.95,87.346,6.062,-4.244,0,7.4,1,0.918,0.078,0,0,0,116.685,1.95,7.4,0
18.692,recovered,0,0,37.006,29.485,20,35,1900,0,1.946,87.415,6.062,-4.244,0,7.4,1,0.928,0.078,0,0,0,116.685,1.95,7.4,0
18.7,recovered,0,0,37.006,29.5,20,35,1900,0,1.947,87.566,6.062,-4.244,0,7.4,1,0.904,0.069,0,0,0,116.685,1.95,7.4,0
18.708,recovered,0,0,37.006,29.515,20,35,1900,0,1.953,87.371,6.062,-4.244,0,7.4,1,0.927,0.071,0,0,0,116.685,1.95,7.4,0
18.717,recovered,0,0,37.006,29.53,20,35,1900,0,1.955,87.594,6.062,-4.244,0,7.4,1,0.917,0.072,0,0,0,116.685,1.95,7.4,0
18.725,recovered,0,0,37.006,29.545,20,35,1900,0,1.95,87.461,6.062,-4.244,0,7.4,1,0.936,0.075,0,0,0,116.685,1.95,7.4,0
18.733,recovered,0,0,37.006,29.56,20,35,1900,0,1.953,87.545,6.062,-4.244,0,7.4,1,0.934,0.076,0,0,0,116.685,1.95,7.4,0
18.742,recovered,0,0,37.006,29.575,20,35,1900,0,1.955,87.41,6.062,-4.244,0,7.4,1,0.924,0.073,0,0,0,116.685,1.95,7.4,0
18.75,recovered,0,0,37.006,29.59,20,35,1900,0,1.948,87.422,6.062,-4.244,0,7.4,1,0.91,0.051,0,0,0,116.685,1.95,7.4,0
18.758,recovered,0,0,37.006,29.605,20,35,1900,0,1.952,87.421,6.062,-4.244,0,7.4,1,0.924,0.057,0,0,0,116.685,1.95,7.4,0
18.767,recovered,0,0,37.006,29.62,20,35,1900,0,1.948,87.54,6.062,-4.244,0,7.4,1,0.901,0.078,0,0,0,116.685,1.95,7.4,0
18.775,recovered,0,0,37.006,29.634,20,35,1900,0,1.948,87.649,6.062,-4.244,0,7.4,1,0.94,0.071,0,0,0,116.685,1.95,7.4,0
18.783,recovered,0,0,37.006,29.649,20,35,1900,0,1.951,87.501,6.062,-4.244,0,7.4,1,0.106,0.08,0,0,0,116.685,1.95,7.4,0
18.792,recovered,0,0,37.006,29.664,20,35,1900,0,1.947,87.371,6.062,-4.244,0,7.4,1,0.1,0.051,0,0,0,116.685,1.95,7.4,0
18.8,recovered,0,0,37.006,29.678,20,35,1900,0,1.951,87.483,6.062,-4.244,0,7.4,1,0.118,0.075,0,0,0,116.685,1.95,7.4,0
18.808,recovered,0,0,37.006,29.693,20,35,1900,0,1.955,87.581,6.062,-4.244,0,7.4,1,0.085,0.052,0,0,0,116.685,1.95,7.4,0
18.817,recovered,0,0,37.006,29.707,20,35,1900,0,1.947,87.569,6.062,-4.244,0,7.4,1,0.082,0.066,0,0,0,116.685,1.95,7.4,0
18.825,recovered,0,0,37.006,29.721,20,35,1900,0,1.946,87.425,6.062,-4.244,0,7.4,1,0.116,0.079,0,0,0,116.685,1.95,7.4,0
18.833,recovered,0,0,37.006,29.736,20,35,1900,0,1.95,87.516,6.062,-4.244,0,7.4,1,0.082,0.055,0,0,0,116.685,1.95,7.4,0
18.842,recovered,0,0,37.006,29.75,20,35,1900,0,1.952,87.478,6.062,-4.244,0,7.4,1,0.116,0.076,0,0,0,116.685,1.95,7.4,0
18.85,recovered,0,0,37.006,29.764,20,35,1900,0,1.951,87.602,6.062,-4.244,0,7.4,1,0.106,0.057,0,0,0,116.685,1.95,7.4,0
18.858,recovered,0,0,37.006,29.778,20,35,1900,0,1.954,87.415,6.062,-4.244,0,7.4,1,0.082,0.057,0,0,0,116.685,1.95,7.4,0
18.867,recovered,0,0,37.006,29.792,20,35,1900,0,1.945,87.562,6.062,-4.244,0,7.4,1,0.112,0.062,0,0,0,116.685,1.95,7.4,0
18.875,recovered,0,0,37.006,29.806,20,35,1900,0,1.955,87.4,6.062,-4.244,0,7.4,1,0.09,0.078,0,0,0,116.685,1.95,7.4,0
18.883,recovered,0,0,37.006,29.82,20,35,1900,0,1.949,87.518,6.062,-4.244,0,7.4,1,0.101,0.068,0,0,0,116.685,1.95,7.4,0
18.892,recovered,0,0,37.006,29.834,20,35,1900,0,1.95,87.525,6.062,-4.244,0,7.4,1,0.106,0.06,0,0,0,116.685,1.95,7.4,0
18.9,recovered,0,0,37.006,29.848,20,35,1900,0,1.954,87.388,6.062,-4.244,0,7.4,1,0.102,0.066,0,0,0,116.685,1.95,7.4,0
18.908,recovered,0,0,37.006,29.862,20,35,1900,0,1.954,87.399,6.062,-4.244,0,7.4,1,0.109,0.072,0,0,0,116.685,1.95,7.4,0
18.917,recovered,0,0,37.006,29.875,20,35,1900,0,1.951,87.419,6.062,-4.244,0,7.4,1,0.101,0.08,0,0,0,116.685,1.95,7.4,0
18.925,recovered,0,0,37.006,29.889,20,35,1900,0,1.953,87.403,6.062,-4.244,0,7.4,1,0.117,0.067,0,0,0,116.685,1.95,7.4,0
18.933,recovered,0,0,37.006,29.903,20,35,1900,0,1.95,87.568,6.062,-4.244,0,7.4,1,0.104,0.072,0,0,0,116.685,1.95,7.4,0
18.942,recovered,0,0,37.006,29.916,20,35,1900,0,1.947,87.605,6.062,-4.244,0,7.4,1,0.1,0.079,0,0,0,116.685,1.95,7.4,0
18.95,recovered,0,0,37.006,29.93,20,35,1900,0,1.947,87.387,6.062,-4.244,0,7.4,1,0.086,0.068,0,0,0,116.685,1.95,7.4,0
18.958,recovered,0,0,37.006,29.943,20,35,1900,0,1.953,87.583,6.062,-4.244,0,7.4,1,0.102,0.072,0,0,0,116.685,1.95,7.4,0
18.967,recovered,0,0,37.006,29.956,20,35,1900,0,1.953,87.585,6.062,-4.244,0,7.4,1,0.119,0.05,0,0,0,116.685,1.95,7.4,0
18.975,recovered,0,0,37.006,29.969,20,35,1900,0,1.952,87.406,6.062,-4.244,0,7.4,1,0.103,0.054,0,0,0,116.685,1.95,7.4,0
18.983,recovered,0,0,37.006,29.983,20,35,1900,0,1.947,87.495,6.062,-4.244,0,7.4,1,0.088,0.077,0,0,0,116.685,1.95,7.4,0
18.992,recovered,0,0,37.006,29.996,20,35,1900,0,1.95,87.439,6.062,-4.244,0,7.4,1,0.099,0.067,0,0,0,116.685,1.95,7.4,0
19,recovered,0,0,37.006,30.009,20,35,1900,0,1.954,87.46,6.062,-4.244,0,7.4,1,0.091,0.053,0,0,0,116.685,1.95,7.4,0
19.008,recovered,0,0,37.006,30.022,20,35,1900,0,1.945,87.559,6.062,-4.244,0,7.4,1,0.087,0.07,0,0,0,116.685,1.95,7.4,0
19.017,recovered,0,0,37.006,30.035,20,35,1900,0,1.949,87.487,6.062,-4.244,0,7.4,1,0.106,0.069,0,0,0,116.685,1.95,7.4,0
19.025,recovered,0,0,37.006,30.047,20,35,1900,0,1.945,87.664,6.062,-4.244,0,7.4,1,0.109,0.073,0,0,0,116.685,1.95,7.4,0
19.033,recovered,0,0,37.006,30.06,20,35,1900,0,1.948,87.59,6.062,-4.244,0,7.4,1,0.11,0.067,0,0,0,116.685,1.95,7.4,0
19.042,recovered,0,0,37.006,30.073,20,35,1900,0,1.952,87.588,6.062,-4.244,0,7.4,1,0.113,0.072,0,0,0,116.685,1.95,7.4,0
19.05,recovered,0,0,37.006,30.085,20,35,1900,0,1.955,87.546,6.062,-4.244,0,7.4,1,0.116,0.068,0,0,0,116.685,1.95,7.4,0
19.058,recovered,0,0,37.006,30.098,20,35,1900,0,1.946,87.441,6.062,-4.244,0,7.4,1,0.083,0.057,0,0,0,116.685,1.95,7.4,0
19.067,recovered,0,0,37.006,30.11,20,35,1900,0,1.952,87.539,6.062,-4.244,0,7.4,1,0.104,0.077,0,0,0,116.685,1.95,7.4,0
19.075,recovered,0,0,37.006,30.123,20,35,1900,0,1.95,87.566,6.062,-4.244,0,7.4,1,0.081,0.071,0,0,0,116.685,1.95,7.4,0
19.083,recovered,0,0,37.006,30.135,20,35,1900,0,1.953,87.406,6.062,-4.244,0,7.4,1,0.104,0.06,0,0,0,116.685,1.95,7.4,0
19.092,recovered,0,0,37.006,30.147,20,35,1900,0,1.953,87.5,6.062,-4.244,0,7.4,1,0.087,0.054,0,0,0,116.685,1.95,7.4,0
19.1,recovered,0,0,37.006,30.16,20,35,1900,0,1.954,87.489,6.062,-4.244,0,7.4,1,0.086,0.056,0,0,0,116.685,1.95,7.4,0
19.108,recovered,0,0,37.006,30.172,20,35,1900,0,1.949,87.483,6.062,-4.244,0,7.4,1,0.12,0.057,0,0,0,116.685,1.95,7.4,0
19.117,recovered,0,0,37.006,30.184,20,35,1900,0,1.955,87.556,6.062,-4.244,0,7.4,1,0.094,0.078,0,0,0,116.685,1.95,7.4,0
19.125,recovered,0,0,37.006,30.196,20,35,1900,0,1.946,87.675,6.062,-4.244,0,7.4,1,0.081,0.076,0,0,0,116.685,1.95,7.4,0
19.133,recovered,0,0,37.006,30.208,20,35,1900,0,1.953,87.576,6.062,-4.244,0,7.4,1,0.105,0.052,0,0,0,116.685,1.95,7.4,0
19.142,recovered,0,0,37.006,30.219,20,35,1900,0,1.953,87.512,6.062,-4.244,0,7.4,1,0.083,0.064,0,0,0,116.685,1.95,7.4,0
19.15,recovered,0,0,37.006,30.231,20,35,1900,0,1.953,87.527,6.062,-4.244,0,7.4,1,0.104,0.052,0,0,0,116.685,1.95,7.4,0
19.158,recovered,0,0,37.006,30.243,20,35,1900,0,1.952,87.654,6.062,-4.244,0,7.4,1,0.112,0.073,0,0,0,116.685,1.95,7.4,0
19.167,recovered,0,0,37.006,30.254,20,35,1900,0,1.95,87.624,6.062,-4.244,0,7.4,1,0.102,0.07,0,0,0,116.685,1.95,7.4,0
19.175,recovered,0,0,37.006,30.266,20,35,1900,0,1.948,87.528,6.062,-4.244,0,7.4,1,0.105,0.073,0,0,0,116.685,1.95,7.4,0
19.183,recovered,0,0,37.006,30.277,20,35,1900,0,1.952,87.392,6.062,-4.244,0,7.4,1,0.12,0.068,0,0,0,116.685,1.95,7.4,0
19.192,recovered,0,0,37.006,30.289,20,35,1900,0,1.95,87.628,6.062,-4.244,0,7.4,1,0.09,0.066,0,0,0,116.685,1.95,7.4,0
19.2,recovered,0,0,37.006,30.3,20,35,1900,0,1.946,87.397,6.062,-4.244,0,7.4,1,0.103,0.056,0,0,0,116.685,1.95,7.4,0
19.208,recovered,0,0,37.006,30.311,20,35,1900,0,1.952,87.395,6.062,-4.244,0,7.4,1,0.115,0.066,0,0,0,116.685,1.95,7.4,0
19.217,recovered,0,0,37.006,30.322,20,35,1900,0,1.953,87.621,6.062,-4.244,0,7.4,1,0.084,0.072,0,0,0,116.685,1.95,7.4,0
19.225,recovered,0,0,37.006,30.333,20,35,1900,0,1.948,87.514,6.062,-4.244,0,7.4,1,0.089,0.052,0,0,0,116.685,1.95,7.4,0
19.233,recovered,0,0,37.006,30.344,20,35,1900,0,1.953,87.503,6.062,-4.244,0,7.4,1,0.089,0.052,0,0,0,116.685,1.95,7.4,0
19.242,recovered,0,0,37.006,30.355,20,35,1900,0,1.952,87.426,6.062,-4.244,0,7.4,1,0.106,0.059,0,0,0,116.685,1.95,7.4,0
19.25,recovered,0,0,37.006,30.366,20,35,1900,0,1.945,87.399,6.062,-4.244,0,7.4,1,0.107,0.051,0,0,0,116.685,1.95,7.4,0
19.258,recovered,0,0,37.006,30.377,20,35,1900,0,1.952,87.478,6.062,-4.244,0,7.4,1,0.082,0.069,0,0,0,116.685,1.95,7.4,0
19.267,recovered,0,0,37.006,30.387,20,35,1900,0,1.953,87.666,6.062,-4.244,0,7.4,1,0.116,0.059,0,0,0,116.685,1.95,7.4,0
19.275,recovered,0,0,37.006,30.398,20,35,1900,0,1.947,87.423,6.062,-4.244,0,7.4,1,0.081,0.074,0,0,0,116.685,1.95,7.4,0
19.283,recovered,0,0,37.006,30.408,20,35,1900,0,1.947,87.483,6.062,-4.244,0,7.4,1,0.097,0.054,0,0,0,116.685,1.95,7.4,0
19.292,recovered,0,0,37.006,30.419,20,35,1900,0,1.95,87.511,6.062,-4.244,0,7.4,1,0.095,0.051,0,0,0,116.685,1.95,7.4,0
19.3,recovered,0,0,37.006,30.429,20,35,1900,0,1.946,87.561,6.062,-4.244,0,7.4,1,0.089,0.072,0,0,0,116.685,1.95,7.4,0
19.308,recovered,0,0,37.006,30.439,20,35,1900,0,1.951,87.483,6.062,-4.244,0,7.4,1,0.106,0.062,0,0,0,116.685,1.95,7.4,0
19.317,recovered,0,0,37.006,30.449,20,35,1900,0,1.953,87.429,6.062,-4.244,0,7.4,1,0.092,0.074,0,0,0,116.685,1.95,7.4,0
19.325,recovered,0,0,37.006,30.46,20,35,1900,0,1.952,87.43,6.062,-4.244,0,7.4,1,0.114,0.073,0,0,0,116.685,1.95,7.4,0
19.333,recovered,0,0,37.006,30.469,20,35,1900,0,1.948,87.673,6.062,-4.244,0,7.4,1,0.092,0.057,0,0,0,116.685,1.95,7.4,0
19.342,recovered,0,0,37.006,30.479,20,35,1900,0,1.953,87.425,6.062,-4.244,0,7.4,1,0.094,0.069,0,0,0,116.685,1.95,7.4,0
19.35,recovered,0,0,37.006,30.489,20,35,1900,0,1.952,87.422,6.062,-4.244,0,7.4,1,0.119,0.064,0,0,0,116.685,1.95,7.4,0
19.358,recovered,0,0,37.006,30.499,20,35,1900,0,1.949,87.606,6.062,-4.244,0,7.4,1,0.11,0.067,0,0,0,116.685,1.95,7.4,0
19.367,recovered,0,0,37.006,30.509,20,35,1900,0,1.953,87.505,6.062,-4.244,0,7.4,1,0.108,0.062,0,0,0,116.685,1.95,7.4,0
19.375,recovered,0,0,37.006,30.518,20,35,1900,0,1.948,87.68,6.062,-4.244,0,7.4,1,0.114,0.055,0,0,0,116.685,1.95,7.4,0
19.383,recovered,0,0,37.006,30.528,20,35,1900,0,1.952,87.62,6.062,-4.244,0,7.4,1,0.106,0.077,0,0,0,116.685,1.95,7.4,0
19.392,recovered,0,0,37.006,30.537,20,35,1900,0,1.953,87.443,6.062,-4.244,0,7.4,1,0.102,0.073,0,0,0,116.685,1.95,7.4,0
19.4,recovered,0,0,37.006,30.546,20,35,1900,0,1.953,87.562,6.062,-4.244,0,7.4,1,0.096,0.072,0,0,0,116.685,1.95,7.4,0
19.408,recovered,0,0,37.006,30.555,20,35,1900,0,1.946,87.555,6.062,-4.244,0,7.4,1,0.095,0.051,0,0,0,116.685,1.95,7.4,0
19.417,recovered,0,0,37.006,30.565,20,35,1900,0,1.948,87.404,6.062,-4.244,0,7.4,1,0.081,0.064,0,0,0,116.685,1.95,7.4,0
19.425,recovered,0,0,37.006,30.574,20,35,1900,0,1.947,87.579,6.062,-4.244,0,7.4,1,0.116,0.068,0,0,0,116.685,1.95,7.4,0
19.433,recovered,0,0,37.006,30.583,20,35,1900,0,1.947,87.698,6.062,-4.244,0,7.4,1,0.107,0.059,0,0,0,116.685,1.95,7.4,0
19.442,recovered,0,0,37.006,30.591,20,35,1900,0,1.947,87.419,6.062,-4.244,0,7.4,1,0.099,0.078,0,0,0,116.685,1.95,7.4,0
19.45,recovered,0,0,37.006,30.6,20,35,1900,0,1.955,87.42,6.062,-4.244,0,7.4,1,0.107,0.075,0,0,0,116.685,1.95,7.4,0
19.458,recovered,0,0,37.006,30.609,20,35,1900,0,1.951,87.445,6.062,-4.244,0,7.4,1,0.108,0.067,0,0,0,116.685,1.95,7.4,0
19.467,recovered,0,0,37.006,30.618,20,35,1900,0,1.949,87.504,6.062,-4.244,0,7.4,1,0.11,0.077,0,0,0,116.685,1.95,7.4,0
19.475,recovered,0,0,37.006,30.626,20,35,1900,0,1.949,87.476,6.062,-4.244,0,7.4,1,0.094,0.065,0,0,0,116.685,1.95,7.4,0
19.483,recovered,0,0,37.006,30.634,20,35,1900,0,1.95,87.636,6.062,-4.244,0,7.4,1,0.106,0.067,0,0,0,116.685,1.95,7.4,0
19.492,recovered,0,0,37.006,30.643,20,35,1900,0,1.946,87.437,6.062,-4.244,0,7.4,1,0.096,0.051,0,0,0,116.685,1.95,7.4,0
19.5,recovered,0,0,37.006,30.651,20,35,1900,0,1.95,87.643,6.062,-4.244,0,7.4,1,0.114,0.074,0,0,0,116.685,1.95,7.4,0
19.508,recovered,0,0,37.006,30.659,20,35,1900,0,1.952,87.657,6.062,-4.244,0,7.4,1,0.116,0.069,0,0,0,116.685,1.95,7.4,0
19.517,recovered,0,0,37.006,30.667,20,35,1900,0,1.955,87.669,6.062,-4.244,0,7.4,1,0.082,0.068,0,0,0,116.685,1.95,7.4,0
19.525,recovered,0,0,37.006,30.675,20,35,1900,0,1.949,87.467,6.062,-4.244,0,7.4,1,0.098,0.062,0,0,0,116.685,1.95,7.4,0
19.533,recovered,0,0,37.006,30.683,20,35,1900,0,1.947,87.559,6.062,-4.244,0,7.4,1,0.105,0.073,0,0,0,116.685,1.95,7.4,0
19.542,recovered,0,0,37.006,30.691,20,35,1900,0,1.95,87.439,6.062,-4.244,0,7.4,1,0.1,0.057,0,0,0,116.685,1.95,7.4,0
19.55,recovered,0,0,37.006,30.699,20,35,1900,0,1.955,87.499,6.062,-4.244,0,7.4,1,0.088,0.079,0,0,0,116.685,1.95,7.4,0
19.558,recovered,0,0,37.006,30.706,20,35,1900,0,1.954,87.711,6.062,-4.244,0,7.4,1,0.11,0.077,0,0,0,116.685,1.95,7.4,0
19.567,recovered,0,0,37.006,30.714,20,35,1900,0,1.946,87.655,6.062,-4.244,0,7.4,1,0.115,0.055,0,0,0,116.685,1.95,7.4,0
19.575,recovered,0,0,37.006,30.721,20,35,1900,0,1.945,87.557,6.062,-4.244,0,7.4,1,0.097,0.07,0,0,0,116.685,1.95,7.4,0
19.583,recovered,0,0,37.006,30.728,20,35,1900,0,1.95,87.522,6.062,-4.244,0,7.4,1,0.086,0.074,0,0,0,116.685,1.95,7.4,0
19.592,recovered,0,0,37.006,30.736,20,35,1900,0,1.952,87.612,6.062,-4.244,0,7.4,1,0.107,0.062,0,0,0,116.685,1.95,7.4,0
19.6,recovered,0,0,37.006,30.743,20,35,1900,0,1.949,87.526,6.062,-4.244,0,7.4,1,0.1,0.079,0,0,0,116.685,1.95,7.4,0
19.608,recovered,0,0,37.006,30.75,20,35,1900,0,1.954,87.684,6.062,-4.244,0,7.4,1,0.119,0.075,0,0,0,116.685,1.95,7.4,0
19.617,recovered,0,0,37.006,30.757,20,35,1900,0,1.946,87.53,6.062,-4.244,0,7.4,1,0.106,0.078,0,0,0,116.685,1.95,7.4,0
19.625,recovered,0,0,37.006,30.764,20,35,1900,0,1.95,87.561,6.062,-4.244,0,7.4,1,0.115,0.053,0,0,0,116.685,1.95,7.4,0
19.633,recovered,0,0,37.006,30.77,20,35,1900,0,1.953,87.681,6.062,-4.244,0,7.4,1,0.119,0.061,0,0,0,116.685,1.95,7.4,0
19.642,recovered,0,0,37.006,30.777,20,35,1900,0,1.945,87.429,6.062,-4.244,0,7.4,1,0.094,0.062,0,0,0,116.685,1.95,7.4,0
19.65,recovered,0,0,37.006,30.784,20,35,1900,0,1.954,87.569,6.062,-4.244,0,7.4,1,0.111,0.077,0,0,0,116.685,1.95,7.4,0
19.658,recovered,0,0,37.006,30.79,20,35,1900,0,1.95,87.494,6.062,-4.244,0,7.4,1,0.098,0.07,0,0,0,116.685,1.95,7.4,0
19.667,recovered,0,0,37.006,30.796,20,35,1900,0,1.946,87.655,6.062,-4.244,0,7.4,1,0.112,0.074,0,0,0,116.685,1.95,7.4,0
19.675,recovered,0,0,37.006,30.803,20,35,1900,0,1.949,87.597,6.062,-4.244,0,7.4,1,0.119,0.055,0,0,0,116.685,1.95,7.4,0
19.683,recovered,0,0,37.006,30.809,20,35,1900,0,1.953,87.543,6.062,-4.244,0,7.4,1,0.103,0.065,0,0,0,116.685,1.95,7.4,0
19.692,recovered,0,0,37.006,30.815,20,35,1900,0,1.953,87.502,6.062,-4.244,0,7.4,1,0.109,0.07,0,0,0,116.685,1.95,7.4,0
19.7,recovered,0,0,37.006,30.821,20,35,1900,0,1.95,87.653,6.062,-4.244,0,7.4,1,0.106,0.062,0,0,0,116.685,1.95,7.4,0
19.708,recovered,0,0,37.006,30.827,20,35,1900,0,1.945,87.655,6.062,-4.244,0,7.4,1,0.104,0.051,0,0,0,116.685,1.95,7.4,0
19.717,recovered,0,0,37.006,30.833,20,35,1900,0,1.947,87.561,6.062,-4.244,0,7.4,1,0.098,0.052,0,0,0,116.685,1.95,7.4,0
19.725,recovered,0,0,37.006,30.838,20,35,1900,0,1.952,87.688,6.062,-4.244,0,7.4,1,0.086,0.067,0,0,0,116.685,1.95,7.4,0
19.733,recovered,0,0,37.006,30.844,20,35,1900,0,1.948,87.533,6.062,-4.244,0,7.4,1,0.098,0.078,0,0,0,116.685,1.95,7.4,0
19.742,recovered,0,0,37.006,30.85,20,35,1900,0,1.952,87.443,6.062,-4.244,0,7.4,1,0.117,0.077,0,0,0,116.685,1.95,7.4,0
19.75,recovered,0,0,37.006,30.855,20,35,1900,0,1.953,87.648,6.062,-4.244,0,7.4,1,0.102,0.08,0,0,0,116.685,1.95,7.4,0
19.758,recovered,0,0,37.006,30.86,20,35,1900,0,1.949,87.51,6.062,-4.244,0,7.4,1,0.11,0.054,0,0,0,116.685,1.95,7.4,0
19.767,recovered,0,0,37.006,30.866,20,35,1900,0,1.955,87.691,6.062,-4.244,0,7.4,1,0.093,0.074,0,0,0,116.685,1.95,7.4,0
19.775,recovered,0,0,37.006,30.871,20,35,1900,0,1.95,87.469,6.062,-4.244,0,7.4,1,0.093,0.074,0,0,0,116.685,1.95,7.4,0
19.783,recovered,0,0,37.006,30.876,20,35,1900,0,1.952,87.618,6.062,-4.244,0,7.4,1,0.102,0.074,0,0,0,116.685,1.95,7.4,0
19.792,recovered,0,0,37.006,30.881,20,35,1900,0,1.946,87.621,6.062,-4.244,0,7.4,1,0.092,0.077,0,0,0,116.685,1.95,7.4,0
19.8,recovered,0,0,37.006,30.886,20,35,1900,0,1.954,87.653,6.062,-4.244,0,7.4,1,0.106,0.068,0,0,0,116.685,1.95,7.4,0
19.808,recovered,0,0,37.006,30.89,20,35,1900,0,1.95,87.48,6.062,-4.244,0,7.4,1,0.117,0.078,0,0,0,116.685,1.95,7.4,0
19.817,recovered,0,0,37.006,30.895,20,35,1900,0,1.955,87.639,6.062,-4.244,0,7.4,1,0.084,0.079,0,0,0,116.685,1.95,7.4,0
19.825,recovered,0,0,37.006,30.899,20,35,1900,0,1.947,87.529,6.062,-4.244,0,7.4,1,0.11,0.058,0,0,0,116.685,1.95,7.4,0
19.833,recovered,0,0,37.006,30.904,20,35,1900,0,1.945,87.5,6.062,-4.244,0,7.4,1,0.085,0.075,0,0,0,116.685,1.95,7.4,0
19.842,recovered,0,0,37.006,30.908,20,35,1900,0,1.946,87.6,6.062,-4.244,0,7.4,1,0.095,0.052,0,0,0,116.685,1.95,7.4,0
19.85,recovered,0,0,37.006,30.912,20,35,1900,0,1.946,87.518,6.062,-4.244,0,7.4,1,0.083,0.08,0,0,0,116.685,1.95,7.4,0
19.858,recovered,0,0,37.006,30.917,20,35,1900,0,1.95,87.536,6.062,-4.244,0,7.4,1,0.118,0.064,0,0,0,116.685,1.95,7.4,0
19.867,recovered,0,0,37.006,30.921,20,35,1900,0,1.949,87.671,6.062,-4.244,0,7.4,1,0.106,0.08,0,0,0,116.685,1.95,7.4,0
19.875,recovered,0,0,37.006,30.925,20,35,1900,0,1.952,87.625,6.062,-4.244,0,7.4,1,0.11,0.063,0,0,0,116.685,1.95,7.4,0
19.883,recovered,0,0,37.006,30.928,20,35,1900,0,1.951,87.485,6.062,-4.244,0,7.4,1,0.096,0.065,0,0,0,116.685,1.95,7.4,0
19.892,recovered,0,0,37.006,30.932,20,35,1900,0,1.949,87.442,6.062,-4.244,0,7.4,1,0.1,0.055,0,0,0,116.685,1.95,7.4,0
19.9,recovered,0,0,37.006,30.936,20,35,1900,0,1.946,87.52,6.062,-4.244,0,7.4,1,0.117,0.068,0,0,0,116.685,1.95,7.4,0
19.908,recovered,0,0,37.006,30.939,20,35,1900,0,1.947,87.534,6.062,-4.244,0,7.4,1,0.1,0.072,0,0,0,116.685,1.95,7.4,0
19.917,recovered,0,0,37.006,30.943,20,35,1900,0,1.946,87.607,6.062,-4.244,0,7.4,1,0.084,0.07,0,0,0,116.685,1.95,7.4,0
19.925,recovered,0,0,37.006,30.946,20,35,1900,0,1.948,87.636,6.062,-4.244,0,7.4,1,0.105,0.078,0,0,0,116.685,1.95,7.4,0
19.933,recovered,0,0,37.006,30.949,20,35,1900,0,1.95,87.503,6.062,-4.244,0,7.4,1,0.108,0.072,0,0,0,116.685,1.95,7.4,0
19.942,recovered,0,0,37.006,30.953,20,35,1900,0,1.955,87.463,6.062,-4.244,0,7.4,1,0.114,0.074,0,0,0,116.685,1.95,7.4,0
19.95,recovered,0,0,37.006,30.956,20,35,1900,0,1.954,87.46,6.062,-4.244,0,7.4,1,0.091,0.072,0,0,0,116.685,1.95,7.4,0
19.958,recovered,0,0,37.006,30.959,20,35,1900,0,1.955,87.675,6.062,-4.244,0,7.4,1,0.106,0.079,0,0,0,116.685,1.95,7.4,0
19.967,recovered,0,0,37.006,30.961,20,35,1900,0,1.949,87.461,6.062,-4.244,0,7.4,1,0.088,0.075,0,0,0,116.685,1.95,7.4,0
19.975,recovered,0,0,37.006,30.964,20,35,1900,0,1.955,87.49,6.062,-4.244,0,7.4,1,0.083,0.077,0,0,0,116.685,1.95,7.4,0
19.983,recovered,0,0,37.006,30.967,20,35,1900,0,1.954,87.481,6.062,-4.244,0,7.4,1,0.094,0.078,0,0,0,116.685,1.95,7.4,0
19.992,recovered,0,0,37.006,30.969,20,35,1900,0,1.952,87.738,6.062,-4.244,0,7.4,1,0.11,0.06,0,0,0,116.685,1.95,7.4,0
20,recovered,0,0,37.006,30.972,20,35,1900,0,1.953,87.698,6.062,-4.244,0,7.4,1,0.095,0.072,0,0,0,116.685,1.95,7.4,0
20.008,recovered,0,0,37.006,30.974,20,35,1900,0,1.952,87.589,6.062,-4.244,0,7.4,1,0.099,0.074,0,0,0,116.685,1.95,7.4,0
20.017,recovered,0,0,37.006,30.976,20,35,1900,0,1.95,87.678,6.062,-4.244,0,7.4,1,0.104,0.059,0,0,0,116.685,1.95,7.4,0
20.025,recovered,0,0,37.006,30.979,20,35,1900,0,1.954,87.629,6.062,-4.244,0,7.4,1,0.102,0.071,0,0,0,116.685,1.95,7.4,0
20.033,recovered,0,0,37.006,30.981,20,35,1900,0,1.955,87.674,6.062,-4.244,0,7.4,1,0.108,0.062,0,0,0,116.685,1.95,7.4,0
20.042,recovered,0,0,37.006,30.983,20,35,1900,0,1.947,87.595,6.062,-4.244,0,7.4,1,0.089,0.08,0,0,0,116.685,1.95,7.4,0
20.05,recovered,0,0,37.006,30.984,20,35,1900,0,1.947,87.676,6.062,-4.244,0,7.4,1,0.116,0.055,0,0,0,116.685,1.95,7.4,0
20.058,recovered,0,0,37.006,30.986,20,35,1900,0,1.952,87.524,6.062,-4.244,0,7.4,1,0.085,0.064,0,0,0,116.685,1.95,7.4,0
20.067,recovered,0,0,37.006,30.988,20,35,1900,0,1.948,87.663,6.062,-4.244,0,7.4,1,0.089,0.072,0,0,0,116.685,1.95,7.4,0
20.075,recovered,0,0,37.006,30.989,20,35,1900,0,1.951,87.525,6.062,-4.244,0,7.4,1,0.108,0.074,0,0,0,116.685,1.95,7.4,0
20.083,recovered,0,0,37.006,30.991,20,35,1900,0,1.955,87.527,6.062,-4.244,0,7.4,1,0.103,0.069,0,0,0,116.685,1.95,7.4,0
20.092,recovered,0,0,37.006,30.992,20,35,1900,0,1.947,87.508,6.062,-4.244,0,7.4,1,0.106,0.069,0,0,0,116.685,1.95,7.4,0
20.1,recovered,0,0,37.006,30.993,20,35,1900,0,1.952,87.626,6.062,-4.244,0,7.4,1,0.114,0.071,0,0,0,116.685,1.95,7.4,0
20.108,recovered,0,0,37.006,30.994,20,35,1900,0,1.955,87.548,6.062,-4.244,0,7.4,1,0.088,0.06,0,0,0,116.685,1.95,7.4,0
20.117,recovered,0,0,37.006,30.995,20,35,1900,0,1.945,87.506,6.062,-4.244,0,7.4,1,0.111,0.056,0,0,0,116.685,1.95,7.4,0
20.125,recovered,0,0,37.006,30.996,20,35,1900,0,1.946,87.47,6.062,-4.244,0,7.4,1,0.117,0.077,0,0,0,116.685,1.95,7.4,0
20.133,recovered,0,0,37.006,30.997,20,35,1900,0,1.951,87.561,6.062,-4.244,0,7.4,1,0.113,0.062,0,0,0,116.685,1.95,7.4,0
20.142,recovered,0,0,37.006,30.998,20,35,1900,0,1.953,87.585,6.062,-4.244,0,7.4,1,0.113,0.06,0,0,0,116.685,1.95,7.4,0
20.15,recovered,0,0,37.006,30.998,20,35,1900,0,1.952,87.593,6.062,-4.244,0,7.4,1,0.08,0.055,0,0,0,116.685,1.95,7.4,0
20.158,recovered,0,0,37.006,30.999,20,35,1900,0,1.951,87.673,6.062,-4.244,0,7.4,1,0.087,0.065,0,0,0,116.685,1.95,7.4,0
20.167,recovered,0,0,37.006,30.999,20,35,1900,0,1.947,87.654,6.062,-4.244,0,7.4,1,0.1,0.076,0,0,0,116.685,1.95,7.4,0
20.175,recovered,0,0,37.006,31,20,35,1900,0,1.952,87.666,6.062,-4.244,0,7.4,1,0.088,0.069,0,0,0,116.685,1.95,7.4,0
20.183,recovered,0,0,37.006,31,20,35,1900,0,1.953,87.54,6.062,-4.244,0,7.4,1,0.091,0.065,0,0,0,116.685,1.95,7.4,0
20.192,recovered,0,0,37.006,31,20,35,1900,0,1.955,87.753,6.062,-4.244,0,7.4,1,0.087,0.062,0,0,0,116.685,1.95,7.4,0
20.2,recovered,0,0,37.006,31,20,35,1900,0,1.95,87.616,6.062,-4.244,0,7.4,1,0.102,0.067,0,0,0,116.685,1.95,7.4,0
20.208,recovered,0,0,37.006,31,20,35,1900,0,1.946,87.587,6.062,-4.244,0,7.4,1,0.116,0.075,0,0,0,116.685,1.95,7.4,0
20.217,recovered,0,0,37.006,31,20,35,1900,0,1.945,87.734,6.062,-4.244,0,7.4,1,0.11,0.069,0,0,0,116.685,1.95,7.4,0
20.225,recovered,0,0,37.006,30.999,20,35,1900,0,1.95,87.742,6.062,-4.244,0,7.4,1,0.094,0.067,0,0,0,116.685,1.95,7.4,0
20.233,recovered,0,0,37.006,30.999,20,35,1900,0,1.952,87.601,6.062,-4.244,0,7.4,1,0.103,0.051,0,0,0,116.685,1.95,7.4,0
20.242,recovered,0,0,37.006,30.998,20,35,1900,0,1.945,87.736,6.062,-4.244,0,7.4,1,0.101,0.06,0,0,0,116.685,1.95,7.4,0
20.25,recovered,0,0,37.006,30.998,20,35,1900,0,1.947,87.687,6.062,-4.244,0,7.4,1,0.113,0.069,0,0,0,116.685,1.95,7.4,0
20.258,recovered,0,0,37.006,30.997,20,35,1900,0,1.952,87.668,6.062,-4.244,0,7.4,1,0.113,0.061,0,0,0,116.685,1.95,7.4,0
20.267,recovered,0,0,37.006,30.996,20,35,1900,0,1.955,87.552,6.062,-4.244,0,7.4,1,0.119,0.064,0,0,0,116.685,1.95,7.4,0
20.275,recovered,0,0,37.006,30.995,20,35,1900,0,1.951,87.666,6.062,-4.244,0,7.4,1,0.098,0.068,0,0,0,116.685,1.95,7.4,0
20.283,recovered,0,0,37.006,30.994,20,35,1900,0,1.952,87.566,6.062,-4.244,0,7.4,1,0.101,0.055,0,0,0,116.685,1.95,7.4,0
20.292,recovered,0,0,37.006,30.993,20,35,1900,0,1.946,87.72,6.062,-4.244,0,7.4,1,0.119,0.064,0,0,0,116.685,1.95,7.4,0
20.3,recovered,0,0,37.006,30.992,20,35,1900,0,1.952,87.586,6.062,-4.244,0,7.4,1,0.104,0.06,0,0,0,116.685,1.95,7.4,0
20.308,recovered,0,0,37.006,30.991,20,35,1900,0,1.952,87.495,6.062,-4.244,0,7.4,1,0.081,0.051,0,0,0,116.685,1.95,7.4,0
20.317,recovered,0,0,37.006,30.989,20,35,1900,0,1.954,87.705,6.062,-4.244,0,7.4,1,0.108,0.071,0,0,0,116.685,1.95,7.4,0
20.325,recovered,0,0,37.006,30.988,20,35,1900,0,1.95,87.58,6.062,-4.244,0,7.4,1,0.119,0.068,0,0,0,116.685,1.95,7.4,0
20.333,recovered,0,0,37.006,30.986,20,35,1900,0,1.952,87.635,6.062,-4.244,0,7.4,1,0.097,0.054,0,0,0,116.685,1.95,7.4,0
20.342,recovered,0,0,37.006,30.984,20,35,1900,0,1.947,87.722,6.062,-4.244,0,7.4,1,0.114,0.055,0,0,0,116.685,1.95,7.4,0
20.35,recovered,0,0,37.006,30.983,20,35,1900,0,1.953,87.772,6.062,-4.244,0,7.4,1,0.1,0.078,0,0,0,116.685,1.95,7.4,0
20.358,recovered,0,0,37.006,30.981,20,35,1900,0,1.952,87.496,6.062,-4.244,0,7.4,1,0.104,0.078,0,0,0,116.685,1.95,7.4,0
20.367,recovered,0,0,37.006,30.979,20,35,1900,0,1.95,87.561,6.062,-4.244,0,7.4,1,0.119,0.05,0,0,0,116.685,1.95,7.4,0
20.375,recovered,0,0,37.006,30.976,20,35,1900,0,1.951,87.699,6.062,-4.244,0,7.4,1,0.111,0.063,0,0,0,116.685,1.95,7.4,0
20.383,recovered,0,0,37.006,30.974,20,35,1900,0,1.946,87.749,6.062,-4.244,0,7.4,1,0.107,0.072,0,0,0,116.685,1.95,7.4,0
20.392,recovered,0,0,37.006,30.972,20,35,1900,0,1.955,87.669,6.062,-4.244,0,7.4,1,0.08,0.075,0,0,0,116.685,1.95,7.4,0
20.4,recovered,0,0,37.006,30.969,20,35,1900,0,1.951,87.712,6.062,-4.244,0,7.4,1,0.101,0.078,0,0,0,116.685,1.95,7.4,0
20.408,recovered,0,0,37.006,30.967,20,35,1900,0,1.946,87.544,6.062,-4.244,0,7.4,1,0.089,0.063,0,0,0,116.685,1.95,7.4,0
20.417,recovered,0,0,37.006,30.964,20,35,1900,0,1.953,87.74,6.062,-4.244,0,7.4,1,0.107,0.071,0,0,0,116.685,1.95,7.4,0
20.425,recovered,0,0,37.006,30.962,20,35,1900,0,1.951,87.768,6.062,-4.244,0,7.4,1,0.106,0.061,0,0,0,116.685,1.95,7.4,0
20.433,recovered,0,0,37.006,30.959,20,35,1900,0,1.95,87.55,6.062,-4.244,0,7.4,1,0.116,0.055,0,0,0,116.685,1.95,7.4,0
20.442,recovered,0,0,37.006,30.956,20,35,1900,0,1.945,87.538,6.062,-4.244,0,7.4,1,0.093,0.057,0,0,0,116.685,1.95,7.4,0
20.45,recovered,0,0,37.006,30.953,20,35,1900,0,1.949,87.585,6.062,-4.244,0,7.4,1,0.105,0.074,0,0,0,116.685,1.95,7.4,0
20.458,recovered,0,0,37.006,30.95,20,35,1900,0,1.952,87.517,6.062,-4.244,0,7.4,1,0.091,0.06,0,0,0,116.685,1.95,7.4,0
20.467,recovered,0,0,37.006,30.946,20,35,1900,0,1.95,87.712,6.062,-4.244,0,7.4,1,0.091,0.058,0,0,0,116.685,1.95,7.4,0
20.475,recovered,0,0,37.006,30.943,20,35,1900,0,1.952,87.608,6.062,-4.244,0,7.4,1,0.086,0.05,0,0,0,116.685,1.95,7.4,0
20.483,recovered,0,0,37.006,30.94,20,35,1900,0,1.946,87.657,6.062,-4.244,0,7.4,1,0.104,0.065,0,0,0,116.685,1.95,7.4,0
20.492,recovered,0,0,37.006,30.936,20,35,1900,0,1.947,87.568,6.062,-4.244,0,7.4,1,0.104,0.066,0,0,0,116.685,1.95,7.4,0
20.5,recovered,0,0,37.006,30.932,20,35,1900,0,1.952,87.523,6.062,-4.244,0,7.4,1,0.114,0.062,0,0,0,116.685,1.95,7.4,0
20.508,recovered,0,0,37.006,30.929,20,35,1900,0,1.954,87.612,6.062,-4.244,0,7.4,1,0.097,0.071,0,0,0,116.685,1.95,7.4,0
20.517,recovered,0,0,37.006,30.925,20,35,1900,0,1.949,87.621,6.062,-4.244,0,7.4,1,0.082,0.07,0,0,0,116.685,1.95,7.4,0
20.525,recovered,0,0,37.006,30.921,20,35,1900,0,1.946,87.61,6.062,-4.244,0,7.4,1,0.119,0.069,0,0,0,116.685,1.95,7.4,0
20.533,recovered,0,0,37.006,30.917,20,35,1900,0,1.952,87.683,6.062,-4.244,0,7.4,1,0.097,0.06,0,0,0,116.685,1.95,7.4,0
20.542,recovered,0,0,37.006,30.913,20,35,1900,0,1.954,87.621,6.062,-4.244,0,7.4,1,0.085,0.06,0,0,0,116.685,1.95,7.4,0
20.55,recovered,0,0,37.006,30.908,20,35,1900,0,1.947,87.542,6.062,-4.244,0,7.4,1,0.086,0.058,0,0,0,116.685,1.95,7.4,0
20.558,recovered,0,0,37.006,30.904,20,35,1900,0,1.951,87.537,6.062,-4.244,0,7.4,1,0.099,0.051,0,0,0,116.685,1.95,7.4,0
20.567,recovered,0,0,37.006,30.9,20,35,1900,0,1.954,87.64,6.062,-4.244,0,7.4,1,0.109,0.053,0,0,0,116.685,1.95,7.4,0
20.575,recovered,0,0,37.006,30.895,20,35,1900,0,1.95,87.678,6.062,-4.244,0,7.4,1,0.083,0.072,0,0,0,116.685,1.95,7.4,0
20.583,recovered,0,0,37.006,30.89,20,35,1900,0,1.946,87.782,6.062,-4.244,0,7.4,1,0.089,0.079,0,0,0,116.685,1.95,7.4,0
20.592,recovered,0,0,37.006,30.886,20,35,1900,0,1.949,87.784,6.062,-4.244,0,7.4,1,0.085,0.066,0,0,0,116.685,1.95,7.4,0
20.6,recovered,0,0,37.006,30.881,20,35,1900,0,1.949,87.511,6.062,-4.244,0,7.4,1,0.097,0.062,0,0,0,116.685,1.95,7.4,0
20.608,recovered,0,0,37.006,30.876,20,35,1900,0,1.952,87.621,6.062,-4.244,0,7.4,1,0.117,0.054,0,0,0,116.685,1.95,7.4,0
20.617,recovered,0,0,37.006,30.871,20,35,1900,0,1.946,87.734,6.062,-4.244,0,7.4,1,0.111,0.058,0,0,0,116.685,1.95,7.4,0
20.625,recovered,0,0,37.006,30.866,20,35,1900,0,1.954,87.685,6.062,-4.244,0,7.4,1,0.081,0.078,0,0,0,116.685,1.95,7.4,0
20.633,recovered,0,0,37.006,30.86,20,35,1900,0,1.947,87.579,6.062,-4.244,0,7.4,1,0.109,0.058,0,0,0,116.685,1.95,7.4,0
20.642,recovered,0,0,37.006,30.855,20,35,1900,0,1.948,87.593,6.062,-4.244,0,7.4,1,0.095,0.067,0,0,0,116.685,1.95,7.4,0
20.65,recovered,0,0,37.006,30.85,20,35,1900,0,1.948,87.622,6.062,-4.244,0,7.4,1,0.119,0.056,0,0,0,116.685,1.95,7.4,0
20.658,recovered,0,0,37.006,30.844,20,35,1900,0,1.947,87.509,6.062,-4.244,0,7.4,1,0.083,0.08,0,0,0,116.685,1.95,7.4,0
20.667,recovered,0,0,37.006,30.839,20,35,1900,0,1.946,87.509,6.062,-4.244,0,7.4,1,0.103,0.074,0,0,0,116.685,1.95,7.4,0
20.675,recovered,0,0,37.006,30.833,20,35,1900,0,1.946,87.686,6.062,-4.244,0,7.4,1,0.106,0.066,0,0,0,116.685,1.95,7.4,0
20.683,recovered,0,0,37.006,30.827,20,35,1900,0,1.954,87.628,6.062,-4.244,0,7.4,1,0.09,0.066,0,0,0,116.685,1.95,7.4,0
20.692,recovered,0,0,37.006,30.821,20,35,1900,0,1.953,87.569,6.062,-4.244,0,7.4,1,0.097,0.052,0,0,0,116.685,1.95,7.4,0
20.7,recovered,0,0,37.006,30.815,20,35,1900,0,1.947,87.515,6.062,-4.244,0,7.4,1,0.109,0.068,0,0,0,116.685,1.95,7.4,0
20.708,recovered,0,0,37.006,30.809,20,35,1900,0,1.953,87.719,6.062,-4.244,0,7.4,1,0.114,0.06,0,0,0,116.685,1.95,7.4,0
20.717,recovered,0,0,37.006,30.803,20,35,1900,0,1.953,87.637,6.062,-4.244,0,7.4,1,0.119,0.069,0,0,0,116.685,1.95,7.4,0
20.725,recovered,0,0,37.006,30.797,20,35,1900,0,1.947,87.772,6.062,-4.244,0,7.4,1,0.119,0.076,0,0,0,116.685,1.95,7.4,0
20.733,recovered,0,0,37.006,30.79,20,35,1900,0,1.948,87.577,6.062,-4.244,0,7.4,1,0.101,0.062,0,0,0,116.685,1.95,7.4,0
20.742,recovered,0,0,37.006,30.784,20,35,1900,0,1.946,87.743,6.062,-4.244,0,7.4,1,0.09,0.079,0,0,0,116.685,1.95,7.4,0
20.75,recovered,0,0,37.006,30.777,20,35,1900,0,1.949,87.733,6.062,-4.244,0,7.4,1,0.089,0.056,0,0,0,116.685,1.95,7.4,0
20.758,recovered,0,0,37.006,30.771,20,35,1900,0,1.945,87.698,6.062,-4.244,0,7.4,1,0.12,0.06,0,0,0,116.685,1.95,7.4,0
20.767,recovered,0,0,37.006,30.764,20,35,1900,0,1.954,87.638,6.062,-4.244,0,7.4,1,0.098,0.071,0,0,0,116.685,1.95,7.4,0
20.775,recovered,0,0,37.006,30.757,20,35,1900,0,1.954,87.54,6.062,-4.244,0,7.4,1,0.106,0.054,0,0,0,116.685,1.95,7.4,0
20.783,recovered,0,0,37.006,30.75,20,35,1900,0,1.954,87.749,6.062,-4.244,0,7.4,1,0.097,0.069,0,0,0,116.685,1.95,7.4,0
20.792,recovered,0,0,37.006,30.743,20,35,1900,0,1.951,87.624,6.062,-4.244,0,7.4,1,0.083,0.051,0,0,0,116.685,1.95,7.4,0
20.8,recovered,0,0,37.006,30.736,20,35,1900,0,1.95,87.805,6.062,-4.244,0,7.4,1,0.113,0.056,0,0,0,116.685,1.95,7.4,0
20.808,recovered,0,0,37.006,30.729,20,35,1900,0,1.952,87.754,6.062,-4.244,0,7.4,1,0.11,0.075,0,0,0,116.685,1.95,7.4,0
20.817,recovered,0,0,37.006,30.721,20,35,1900,0,1.952,87.809,6.062,-4.244,0,7.4,1,0.094,0.06,0,0,0,116.685,1.95,7.4,0
20.825,recovered,0,0,37.006,30.714,20,35,1900,0,1.949,87.518,6.062,-4.244,0,7.4,1,0.101,0.064,0,0,0,116.685,1.95,7.4,0
20.833,recovered,0,0,37.006,30.706,20,35,1900,0,1.951,87.702,6.062,-4.244,0,7.4,1,0.101,0.066,0,0,0,116.685,1.95,7.4,0
20.842,recovered,0,0,37.006,30.699,20,35,1900,0,1.947,87.524,6.062,-4.244,0,7.4,1,0.085,0.058,0,0,0,116.685,1.95,7.4,0
20.85,recovered,0,0,37.006,30.691,20,35,1900,0,1.951,87.586,6.062,-4.244,0,7.4,1,0.094,0.055,0,0,0,116.685,1.95,7.4,0
20.858,recovered,0,0,37.006,30.683,20,35,1900,0,1.953,87.673,6.062,-4.244,0,7.4,1,0.115,0.078,0,0,0,116.685,1.95,7.4,0
20.867,recovered,0,0,37.006,30.675,20,35,1900,0,1.951,87.72,6.062,-4.244,0,7.4,1,0.118,0.057,0,0,0,116.685,1.95,7.4,0
20.875,recovered,0,0,37.006,30.667,20,35,1900,0,1.95,87.739,6.062,-4.244,0,7.4,1,0.096,0.069,0,0,0,116.685,1.95,7.4,0
20.883,recovered,0,0,37.006,30.659,20,35,1900,0,1.954,87.614,6.062,-4.244,0,7.4,1,0.104,0.077,0,0,0,116.685,1.95,7.4,0
20.892,recovered,0,0,37.006,30.651,20,35,1900,0,1.953,87.528,6.062,-4.244,0,7.4,1,0.105,0.075,0,0,0,116.685,1.95,7.4,0
20.9,recovered,0,0,37.006,30.643,20,35,1900,0,1.953,87.712,6.062,-4.244,0,7.4,1,0.083,0.075,0,0,0,116.685,1.95,7.4,0
20.908,recovered,0,0,37.006,30.635,20,35,1900,0,1.946,87.773,6.062,-4.244,0,7.4,1,0.1,0.078,0,0,0,116.685,1.95,7.4,0
20.917,recovered,0,0,37.006,30.626,20,35,1900,0,1.946,87.757,6.062,-4.244,0,7.4,1,0.095,0.06,0,0,0,116.685,1.95,7.4,0
20.925,recovered,0,0,37.006,30.618,20,35,1900,0,1.947,87.722,6.062,-4.244,0,7.4,1,0.113,0.053,0,0,0,116.685,1.95,7.4,0
20.933,recovered,0,0,37.006,30.609,20,35,1900,0,1.954,87.638,6.062,-4.244,0,7.4,1,0.109,0.055,0,0,0,116.685,1.95,7.4,0
20.942,recovered,0,0,37.006,30.6,20,35,1900,0,1.947,87.785,6.062,-4.244,0,7.4,1,0.083,0.059,0,0,0,116.685,1.95,7.4,0
20.95,recovered,0,0,37.006,30.592,20,35,1900,0,1.949,87.582,6.062,-4.244,0,7.4,1,0.092,0.062,0,0,0,116.685,1.95,7.4,0
20.958,recovered,0,0,37.006,30.583,20,35,1900,0,1.949,87.722,6.062,-4.244,0,7.4,1,0.099,0.051,0,0,0,116.685,1.95,7.4,0
20.967,recovered,0,0,37.006,30.574,20,35,1900,0,1.949,87.613,6.062,-4.244,0,7.4,1,0.114,0.051,0,0,0,116.685,1.95,7.4,0
20.975,recovered,0,0,37.006,30.565,20,35,1900,0,1.949,87.621,6.062,-4.244,0,7.4,1,0.103,0.077,0,0,0,116.685,1.95,7.4,0
20.983,recovered,0,0,37.006,30.556,20,35,1900,0,1.954,87.55,6.062,-4.244,0,7.4,1,0.087,0.069,0,0,0,116.685,1.95,7.4,0
20.992,recovered,0,0,37.006,30.547,20,35,1900,0,1.948,87.807,6.062,-4.244,0,7.4,1,0.087,0.075,0,0,0,116.685,1.95,7.4,0
21,recovered,0,0,37.006,30.537,20,35,1900,0,1.946,87.658,6.062,-4.244,0,7.4,1,0.105,0.065,0,0,0,116.685,1.95,7.4,0
21.008,recovered,0,0,37.006,30.528,20,35,1900,0,1.953,87.675,6.062,-4.244,0,7.4,1,0.116,0.076,0,0,0,116.685,1.95,7.4,0
21.017,recovered,0,0,37.006,30.518,20,35,1900,0,1.947,87.754,6.062,-4.244,0,7.4,1,0.089,0.055,0,0,0,116.685,1.95,7.4,0
21.025,recovered,0,0,37.006,30.509,20,35,1900,0,1.952,87.794,6.062,-4.244,0,7.4,1,0.095,0.074,0,0,0,116.685,1.95,7.4,0
21.033,recovered,0,0,37.006,30.499,20,35,1900,0,1.954,87.602,6.062,-4.244,0,7.4,1,0.104,0.063,0,0,0,116.685,1.95,7.4,0
21.042,recovered,0,0,37.006,30.489,20,35,1900,0,1.949,87.652,6.062,-4.244,0,7.4,1,0.094,0.055,0,0,0,116.685,1.95,7.4,0
21.05,recovered,0,0,37.006,30.48,20,35,1900,0,1.947,87.807,6.062,-4.244,0,7.4,1,0.104,0.073,0,0,0,116.685,1.95,7.4,0
21.058,recovered,0,0,37.006,30.47,20,35,1900,0,1.945,87.6,6.062,-4.244,0,7.4,1,0.103,0.063,0,0,0,116.685,1.95,7.4,0
21.067,recovered,0,0,37.006,30.46,20,35,1900,0,1.95,87.766,6.062,-4.244,0,7.4,1,0.086,0.054,0,0,0,116.685,1.95,7.4,0
21.075,recovered,0,0,37.006,30.45,20,35,1900,0,1.954,87.621,6.062,-4.244,0,7.4,1,0.106,0.074,0,0,0,116.685,1.95,7.4,0
21.083,recovered,0,0,37.006,30.44,20,35,1900,0,1.949,87.614,6.062,-4.244,0,7.4,1,0.112,0.073,0,0,0,116.685,1.95,7.4,0
21.092,recovered,0,0,37.006,30.429,20,35,1900,0,1.945,87.651,6.062,-4.244,0,7.4,1,0.118,0.054,0,0,0,116.685,1.95,7.4,0
21.1,recovered,0,0,37.006,30.419,20,35,1900,0,1.951,87.762,6.062,-4.244,0,7.4,1,0.105,0.066,0,0,0,116.685,1.95,7.4,0
21.108,recovered,0,0,37.006,30.409,20,35,1900,0,1.952,87.638,6.062,-4.244,0,7.4,1,0.095,0.054,0,0,0,116.685,1.95,7.4,0
21.117,recovered,0,0,37.006,30.398,20,35,1900,0,1.947,87.596,6.062,-4.244,0,7.4,1,0.115,0.075,0,0,0,116.685,1.95,7.4,0
21.125,recovered,0,0,37.006,30.388,20,35,1900,0,1.946,87.541,6.062,-4.244,0,7.4,1,0.084,0.067,0,0,0,116.685,1.95,7.4,0
21.133,recovered,0,0,37.006,30.377,20,35,1900,0,1.949,87.581,6.062,-4.244,0,7.4,1,0.084,0.062,0,0,0,116.685,1.95,7.4,0
21.142,recovered,0,0,37.006,30.366,20,35,1900,0,1.953,87.656,6.062,-4.244,0,7.4,1,0.119,0.077,0,0,0,116.685,1.95,7.4,0
21.15,recovered,0,0,37.006,30.355,20,35,1900,0,1.95,87.73,6.062,-4.244,0,7.4,1,0.098,0.078,0,0,0,116.685,1.95,7.4,0
21.158,recovered,0,0,37.006,30.345,20,35,1900,0,1.947,87.699,6.062,-4.244,0,7.4,1,0.082,0.056,0,0,0,116.685,1.95,7.4,0
21.167,recovered,0,0,37.006,30.334,20,35,1900,0,1.947,87.593,6.062,-4.244,0,7.4,1,0.095,0.078,0,0,0,116.685,1.95,7.4,0
21.175,recovered,0,0,37.006,30.323,20,35,1900,0,1.945,87.59,6.062,-4.244,0,7.4,1,0.104,0.06,0,0,0,116.685,1.95,7.4,0
21.183,recovered,0,0,37.006,30.312,20,35,1900,0,1.949,87.714,6.062,-4.244,0,7.4,1,0.101,0.072,0,0,0,116.685,1.95,7.4,0
21.192,recovered,0,0,37.006,30.3,20,35,1900,0,1.952,87.756,6.062,-4.244,0,7.4,1,0.117,0.06,0,0,0,116.685,1.95,7.4,0
21.2,recovered,0,0,37.006,30.289,20,35,1900,0,1.955,87.708,6.062,-4.244,0,7.4,1,0.105,0.078,0,0,0,116.685,1.95,7.4,0
21.208,recovered,0,0,37.006,30.278,20,35,1900,0,1.952,87.594,6.062,-4.244,0,7.4,1,0.085,0.06,0,0,0,116.685,1.95,7.4,0
21.217,recovered,0,0,37.006,30.266,20,35,1900,0,1.954,87.833,6.062,-4.244,0,7.4,1,0.093,0.072,0,0,0,116.685,1.95,7.4,0
21.225,recovered,0,0,37.006,30.255,20,35,1900,0,1.946,87.694,6.062,-4.244,0,7.4,1,0.11,0.069,0,0,0,116.685,1.95,7.4,0
21.233,recovered,0,0,37.006,30.243,20,35,1900,0,1.951,87.686,6.062,-4.244,0,7.4,1,0.097,0.07,0,0,0,116.685,1.95,7.4,0
21.242,recovered,0,0,37.006,30.232,20,35,1900,0,1.946,87.762,6.062,-4.244,0,7.4,1,0.096,0.063,0,0,0,116.685,1.95,7.4,0
21.25,recovered,0,0,37.006,30.22,20,35,1900,0,1.954,87.728,6.062,-4.244,0,7.4,1,0.097,0.074,0,0,0,116.685,1.95,7.4,0
21.258,recovered,0,0,37.006,30.208,20,35,1900,0,1.949,87.759,6.062,-4.244,0,7.4,1,0.091,0.062,0,0,0,116.685,1.95,7.4,0
21.267,recovered,0,0,37.006,30.196,20,35,1900,0,1.949,87.749,6.062,-4.244,0,7.4,1,0.1,0.064,0,0,0,116.685,1.95,7.4,0
21.275,recovered,0,0,37.006,30.184,20,35,1900,0,1.949,87.594,6.062,-4.244,0,7.4,1,0.103,0.065,0,0,0,116.685,1.95,7.4,0
21.283,recovered,0,0,37.006,30.172,20,35,1900,0,1.948,87.844,6.062,-4.244,0,7.4,1,0.113,0.08,0,0,0,116.685,1.95,7.4,0
21.292,recovered,0,0,37.006,30.16,20,35,1900,0,1.952,87.836,6.062,-4.244,0,7.4,1,0.112,0.079,0,0,0,116.685,1.95,7.4,0
21.3,recovered,0,0,37.006,30.148,20,35,1900,0,1.949,87.723,6.062,-4.244,0,7.4,1,0.098,0.077,0,0,0,116.685,1.95,7.4,0
21.308,recovered,0,0,37.006,30.136,20,35,1900,0,1.946,87.629,6.062,-4.244,0,7.4,1,0.093,0.077,0,0,0,116.685,1.95,7.4,0
21.317,recovered,0,0,37.006,30.123,20,35,1900,0,1.947,87.572,6.062,-4.244,0,7.4,1,0.109,0.065,0,0,0,116.685,1.95,7.4,0
21.325,recovered,0,0,37.006,30.111,20,35,1900,0,1.955,87.66,6.062,-4.244,0,7.4,1,0.086,0.072,0,0,0,116.685,1.95,7.4,0
21.333,recovered,0,0,37.006,30.098,20,35,1900,0,1.949,87.741,6.062,-4.244,0,7.4,1,0.116,0.064,0,0,0,116.685,1.95,7.4,0
21.342,recovered,0,0,37.006,30.086,20,35,1900,0,1.946,87.603,6.062,-4.244,0,7.4,1,0.083,0.065,0,0,0,116.685,1.95,7.4,0
21.35,recovered,0,0,37.006,30.073,20,35,1900,0,1.949,87.714,6.062,-4.244,0,7.4,1,0.119,0.068,0,0,0,116.685,1.95,7.4,0
21.358,recovered,0,0,37.006,30.061,20,35,1900,0,1.953,87.814,6.062,-4.244,0,7.4,1,0.107,0.073,0,0,0,116.685,1.95,7.4,0
21.367,recovered,0,0,37.006,30.048,20,35,1900,0,1.947,87.582,6.062,-4.244,0,7.4,1,0.101,0.067,0,0,0,116.685,1.95,7.4,0
21.375,recovered,0,0,37.006,30.035,20,35,1900,0,1.947,87.755,6.062,-4.244,0,7.4,1,0.109,0.073,0,0,0,116.685,1.95,7.4,0
21.383,recovered,0,0,37.006,30.022,20,35,1900,0,1.945,87.584,6.062,-4.244,0,7.4,1,0.082,0.054,0,0,0,116.685,1.95,7.4,0
21.392,recovered,0,0,37.006,30.009,20,35,1900,0,1.945,87.649,6.062,-4.244,0,7.4,1,0.108,0.054,0,0,0,116.685,1.95,7.4,0
21.4,recovered,0,0,37.006,29.996,20,35,1900,0,1.952,87.743,6.062,-4.244,0,7.4,1,0.098,0.07,0,0,0,116.685,1.95,7.4,0
21.408,recovered,0,0,37.006,29.983,20,35,1900,0,1.952,87.768,6.062,-4.244,0,7.4,1,0.114,0.059,0,0,0,116.685,1.95,7.4,0
21.417,recovered,0,0,37.006,29.97,20,35,1900,0,1.946,87.794,6.062,-4.244,0,7.4,1,0.085,0.055,0,0,0,116.685,1.95,7.4,0
21.425,recovered,0,0,37.006,29.957,20,35,1900,0,1.949,87.722,6.062,-4.244,0,7.4,1,0.097,0.05,0,0,0,116.685,1.95,7.4,0
21.433,recovered,0,0,37.006,29.943,20,35,1900,0,1.955,87.64,6.062,-4.244,0,7.4,1,0.083,0.056,0,0,0,116.685,1.95,7.4,0
21.442,recovered,0,0,37.006,29.93,20,35,1900,0,1.955,87.698,6.062,-4.244,0,7.4,1,0.084,0.079,0,0,0,116.685,1.95,7.4,0
21.45,recovered,0,0,37.006,29.916,20,35,1900,0,1.951,87.587,6.062,-4.244,0,7.4,1,0.097,0.078,0,0,0,116.685,1.95,7.4,0
21.458,recovered,0,0,37.006,29.903,20,35,1900,0,1.955,87.785,6.062,-4.244,0,7.4,1,0.112,0.071,0,0,0,116.685,1.95,7.4,0
21.467,recovered,0,0,37.006,29.889,20,35,1900,0,1.945,87.628,6.062,-4.244,0,7.4,1,0.118,0.051,0,0,0,116.685,1.95,7.4,0
21.475,recovered,0,0,37.006,29.876,20,35,1900,0,1.946,87.681,6.062,-4.244,0,7.4,1,0.104,0.057,0,0,0,116.685,1.95,7.4,0
21.483,recovered,0,0,37.006,29.862,20,35,1900,0,1.955,87.663,6.062,-4.244,0,7.4,1,0.091,0.071,0,0,0,116.685,1.95,7.4,0
21.492,recovered,0,0,37.006,29.848,20,35,1900,0,1.953,87.782,6.062,-4.244,0,7.4,1,0.091,0.075,0,0,0,116.685,1.95,7.4,0
21.5,recovered,0,0,37.006,29.835,20,35,1900,0,1.949,87.618,6.062,-4.244,0,7.4,1,0.092,0.071,0,0,0,116.685,1.95,7.4,0
21.508,recovered,0,0,37.006,29.821,20,35,1900,0,1.947,87.644,6.062,-4.244,0,7.4,1,0.111,0.074,0,0,0,116.685,1.95,7.4,0
21.517,recovered,0,0,37.006,29.807,20,35,1900,0,1.955,87.855,6.062,-4.244,0,7.4,1,0.085,0.078,0,0,0,116.685,1.95,7.4,0
21.525,recovered,0,0,37.006,29.793,20,35,1900,0,1.947,87.69,6.062,-4.244,0,7.4,1,0.103,0.078,0,0,0,116.685,1.95,7.4,0
21.533,recovered,0,0,37.006,29.779,20,35,1900,0,1.946,87.628,6.062,-4.244,0,7.4,1,0.092,0.067,0,0,0,116.685,1.95,7.4,0
21.542,recovered,0,0,37.006,29.765,20,35,1900,0,1.955,87.8,6.062,-4.244,0,7.4,1,0.111,0.063,0,0,0,116.685,1.95,7.4,0
21.55,recovered,0,0,37.006,29.75,20,35,1900,0,1.948,87.851,6.062,-4.244,0,7.4,1,0.113,0.066,0,0,0,116.685,1.95,7.4,0
21.558,recovered,0,0,37.006,29.736,20,35,1900,0,1.948,87.661,6.062,-4.244,0,7.4,1,0.11,0.061,0,0,0,116.685,1.95,7.4,0
21.567,recovered,0,0,37.006,29.722,20,35,1900,0,1.948,87.618,6.062,-4.244,0,7.4,1,0.096,0.069,0,0,0,116.685,1.95,7.4,0
21.575,recovered,0,0,37.006,29.707,20,35,1900,0,1.955,87.784,6.062,-4.244,0,7.4,1,0.104,0.068,0,0,0,116.685,1.95,7.4,0
21.583,recovered,0,0,37.006,29.693,20,35,1900,0,1.951,87.712,6.062,-4.244,0,7.4,1,0.091,0.072,0,0,0,116.685,1.95,7.4,0
21.592,recovered,0,0,37.006,29.679,20,35,1900,0,1.95,87.671,6.062,-4.244,0,7.4,1,0.117,0.051,0,0,0,116.685,1.95,7.4,0
21.6,recovered,0,0,37.006,29.664,20,35,1900,0,1.946,87.845,6.062,-4.244,0,7.4,1,0.082,0.074,0,0,0,116.685,1.95,7.4,0
21.608,recovered,0,0,37.006,29.649,20,35,1900,0,1.948,87.686,6.062,-4.244,0,7.4,1,0.085,0.072,0,0,0,116.685,1.95,7.4,0
21.617,recovered,0,0,37.006,29.635,20,35,1900,0,1.947,87.772,6.062,-4.244,0,7.4,1,0.926,0.059,0,0,0,116.685,1.95,7.4,0
21.625,recovered,0,0,37.006,29.62,20,35,1900,0,1.946,87.592,6.062,-4.244,0,7.4,1,0.929,0.074,0,0,0,116.685,1.95,7.4,0
21.633,recovered,0,0,37.006,29.605,20,35,1900,0,1.955,87.865,6.062,-4.244,0,7.4,1,0.914,0.063,0,0,0,116.685,1.95,7.4,0
21.642,recovered,0,0,37.006,29.59,20,35,1900,0,1.948,87.679,6.062,-4.244,0,7.4,1,0.94,0.072,0,0,0,116.685,1.95,7.4,0
21.65,recovered,0,0,37.006,29.576,20,35,1900,0,1.946,87.631,6.062,-4.244,0,7.4,1,0.929,0.058,0,0,0,116.685,1.95,7.4,0
21.658,recovered,0,0,37.006,29.561,20,35,1900,0,1.946,87.799,6.062,-4.244,0,7.4,1,0.921,0.058,0,0,0,116.685,1.95,7.4,0
21.667,recovered,0,0,37.006,29.546,20,35,1900,0,1.945,87.79,6.062,-4.244,0,7.4,1,0.936,0.053,0,0,0,116.685,1.95,7.4,0
21.675,recovered,0,0,37.006,29.531,20,35,1900,0,1.945,87.707,6.062,-4.244,0,7.4,1,0.939,0.056,0,0,0,116.685,1.95,7.4,0
21.683,recovered,0,0,37.006,29.516,20,35,1900,0,1.947,87.659,6.062,-4.244,0,7.4,1,0.901,0.052,0,0,0,116.685,1.95,7.4,0
21.692,recovered,0,0,37.006,29.501,20,35,1900,0,1.951,87.614,6.062,-4.244,0,7.4,1,0.936,0.062,0,0,0,116.685,1.95,7.4,0
21.7,recovered,0,0,37.006,29.485,20,35,1900,0,1.948,87.85,6.062,-4.244,0,7.4,1,0.94,0.067,0,0,0,116.685,1.95,7.4,0
21.708,recovered,0,0,37.006,29.47,20,35,1900,0,1.953,87.592,6.062,-4.244,0,7.4,1,0.919,0.053,0,0,0,116.685,1.95,7.4,0
21.717,recovered,0,0,37.006,29.455,20,35,1900,0,1.952,87.887,6.062,-4.244,0,7.4,1,0.933,0.054,0,0,0,116.685,1.95,7.4,0
21.725,recovered,0,0,37.006,29.439,20,35,1900,0,1.954,87.861,6.062,-4.244,0,7.4,1,0.91,0.069,0,0,0,116.685,1.95,7.4,0
21.733,recovered,0,0,37.006,29.424,20,35,1900,0,1.945,87.596,6.062,-4.244,0,7.4,1,0.902,0.078,0,0,0,116.685,1.95,7.4,0
21.742,recovered,0,0,37.006,29.409,20,35,1900,0,1.948,87.761,6.062,-4.244,0,7.4,1,0.915,0.057,0,0,0,116.685,1.95,7.4,0
21.75,recovered,0,0,37.006,29.393,20,35,1900,0,1.948,87.713,6.062,-4.244,0,7.4,1,0.909,0.069,0,0,0,116.685,1.95,7.4,0
21.758,recovered,0,0,37.006,29.378,20,35,1900,0,1.951,87.736,6.062,-4.244,0,7.4,1,0.91,0.078,0,0,0,116.685,1.95,7.4,0
21.767,recovered,0,0,37.006,29.362,20,35,1900,0,1.945,87.811,6.062,-4.244,0,7.4,1,0.904,0.069,0,0,0,116.685,1.95,7.4,0
21.775,recovered,0,0,37.006,29.347,20,35,1900,0,1.95,87.771,6.062,-4.244,0,7.4,1,0.092,0.062,0,0,0,116.685,1.95,7.4,0
21.783,recovered,0,0,37.006,29.331,20,35,1900,0,1.948,87.778,6.062,-4.244,0,7.4,1,0.112,0.064,0,0,0,116.685,1.95,7.4,0
21.792,recovered,0,0,37.006,29.315,20,35,1900,0,1.948,87.838,6.062,-4.244,0,7.4,1,0.111,0.054,0,0,0,116.685,1.95,7.4,0
21.8,recovered,0,0,37.006,29.299,20,35,1900,0,1.95,87.702,6.062,-4.244,0,7.4,1,0.102,0.062,0,0,0,116.685,1.95,7.4,0
21.808,recovered,0,0,37.006,29.284,20,35,1900,0,1.95,87.641,6.062,-4.244,0,7.4,1,0.091,0.052,0,0,0,116.685,1.95,7.4,0
21.817,recovered,0,0,37.006,29.268,20,35,1900,0,1.95,87.612,6.062,-4.244,0,7.4,1,0.119,0.071,0,0,0,116.685,1.95,7.4,0
21.825,recovered,0,0,37.006,29.252,20,35,1900,0,1.948,87.644,6.062,-4.244,0,7.4,1,0.083,0.068,0,0,0,116.685,1.95,7.4,0
21.833,recovered,0,0,37.006,29.236,20,35,1900,0,1.947,87.715,6.062,-4.244,0,7.4,1,0.111,0.06,0,0,0,116.685,1.95,7.4,0
21.842,recovered,0,0,37.006,29.22,20,35,1900,0,1.949,87.782,6.062,-4.244,0,7.4,1,0.081,0.077,0,0,0,116.685,1.95,7.4,0
21.85,recovered,0,0,37.006,29.204,20,35,1900,0,1.949,87.759,6.062,-4.244,0,7.4,1,0.114,0.071,0,0,0,116.685,1.95,7.4,0
21.858,recovered,0,0,37.006,29.188,20,35,1900,0,1.954,87.783,6.062,-4.244,0,7.4,1,0.085,0.072,0,0,0,116.685,1.95,7.4,0
21.867,recovered,0,0,37.006,29.172,20,35,1900,0,1.954,87.622,6.062,-4.244,0,7.4,1,0.084,0.056,0,0,0,116.685,1.95,7.4,0
21.875,recovered,0,0,37.006,29.156,20,35,1900,0,1.948,87.848,6.062,-4.244,0,7.4,1,0.088,0.079,0,0,0,116.685,1.95,7.4,0
21.883,recovered,0,0,37.006,29.14,20,35,1900,0,1.95,87.878,6.062,-4.244,0,7.4,1,0.108,0.079,0,0,0,116.685,1.95,7.4,0
21.892,recovered,0,0,37.006,29.123,20,35,1900,0,1.947,87.702,6.062,-4.244,0,7.4,1,0.096,0.079,0,0,0,116.685,1.95,7.4,0
21.9,recovered,0,0,37.006,29.107,20,35,1900,0,1.948,87.621,6.062,-4.244,0,7.4,1,0.098,0.05,0,0,0,116.685,1.95,7.4,0
21.908,recovered,0,0,37.006,29.091,20,35,1900,0,1.954,87.853,6.062,-4.244,0,7.4,1,0.08,0.068,0,0,0,116.685,1.95,7.4,0
21.917,recovered,0,0,37.006,29.074,20,35,1900,0,1.947,87.781,6.062,-4.244,0,7.4,1,0.103,0.079,0,0,0,116.685,1.95,7.4,0
21.925,recovered,0,0,37.006,29.058,20,35,1900,0,1.95,87.812,6.062,-4.244,0,7.4,1,0.09,0.067,0,0,0,116.685,1.95,7.4,0
21.933,recovered,0,0,37.006,29.042,20,35,1900,0,1.951,87.896,6.062,-4.244,0,7.4,1,0.114,0.062,0,0,0,116.685,1.95,7.4,0
21.942,recovered,0,0,37.006,29.025,20,35,1900,0,1.954,87.871,6.062,-4.244,0,7.4,1,0.095,0.055,0,0,0,116.685,1.95,7.4,0
21.95,recovered,0,0,37.006,29.009,20,35,1900,0,1.949,87.896,6.062,-4.244,0,7.4,1,0.091,0.067,0,0,0,116.685,1.95,7.4,0
21.958,recovered,0,0,37.006,28.992,20,35,1900,0,1.955,87.708,6.062,-4.244,0,7.4,1,0.109,0.066,0,0,0,116.685,1.95,7.4,0
21.967,recovered,0,0,37.006,28.976,20,35,1900,0,1.947,87.728,6.062,-4.244,0,7.4,1,0.088,0.06,0,0,0,116.685,1.95,7.4,0
21.975,recovered,0,0,37.006,28.959,20,35,1900,0,1.953,87.732,6.062,-4.244,0,7.4,1,0.101,0.063,0,0,0,116.685,1.95,7.4,0
21.983,recovered,0,0,37.006,28.943,20,35,1900,0,1.948,87.679,6.062,-4.244,0,7.4,1,0.085,0.072,0,0,0,116.685,1.95,7.4,0
21.992,recovered,0,0,37.006,28.926,20,35,1900,0,1.951,87.646,6.062,-4.244,0,7.4,1,0.099,0.058,0,0,0,116.685,1.95,7.4,0
22,recovered,0,0,37.006,28.909,20,35,1900,0,1.946,87.676,6.062,-4.244,0,7.4,1,0.105,0.059,0,0,0,116.685,1.95,7.4,0