t,phase,travel,speed,swingDeg,boomDeg,stickDeg,bucketDeg,payloadKg,rollDeg,tipMargin,hydC,personRight,personFwd,personWalking,personDist,seatbelt,eyesClosed,jawOpen,camYawn,camDrowsy,cfSpeed,cfSwingDeg,cfTipMargin,cfPersonDist,cfClearance
0,normal,0,0,0,12.075,0,20,2800,12,1.88,70.87,9,11,0,14.213,1,0.092,0.062,0,0,0,0,1.883,14.213,0.883
0.008,normal,0,0,0,12.15,0,20,2800,12,1.882,70.915,9,11,0,14.213,1,0.086,0.088,0,0,0,0,1.883,14.213,0.883
0.017,normal,0,0,0,12.225,0,20,2800,12,1.886,70.855,9,11,0,14.213,1,0.095,0.058,0,0,0,0,1.883,14.213,0.883
0.025,normal,0,0,0,12.3,0,20,2800,12,1.88,71.149,9,11,0,14.213,1,0.102,0.069,0,0,0,0,1.883,14.213,0.883
0.033,normal,0,0,0,12.375,0,20,2800,12,1.885,70.871,9,11,0,14.213,1,0.083,0.076,0,0,0,0,1.883,14.213,0.883
0.042,normal,0,0,0,12.45,0,20,2800,12,1.886,70.919,9,11,0,14.213,1,0.102,0.059,0,0,0,0,1.883,14.213,0.883
0.05,normal,0,0,0,12.525,0,20,2800,12,1.88,71.091,9,11,0,14.213,1,0.068,0.079,0,0,0,0,1.882,14.213,0.882
0.058,normal,0,0,0,12.6,0,20,2800,12,1.881,71.01,9,11,0,14.213,1,0.107,0.081,0,0,0,0,1.882,14.213,0.882
0.067,normal,0,0,0,12.675,0,20,2800,12,1.885,71.132,9,11,0,14.213,1,0.092,0.082,0,0,0,0,1.882,14.213,0.882
0.075,normal,0,0,0,12.75,0,20,2800,12,1.884,70.924,9,11,0,14.213,1,0.076,0.071,0,0,0,0,1.882,14.213,0.882
0.083,normal,0,0,0,12.825,0,20,2800,12,1.885,71.146,9,11,0,14.213,1,0.1,0.076,0,0,0,0,1.882,14.213,0.882
0.092,normal,0,0,0,12.9,0,20,2800,12,1.88,71.133,9,11,0,14.213,1,0.07,0.066,0,0,0,0,1.882,14.213,0.882
0.1,normal,0,0,0,12.975,0,20,2800,12,1.884,70.91,9,11,0,14.213,1,0.094,0.086,0,0,0,0,1.882,14.213,0.882
0.108,normal,0,0,0,13.05,0,20,2800,12,1.884,70.864,9,11,0,14.213,1,0.089,0.071,0,0,0,0,1.882,14.213,0.882
0.117,normal,0,0,0,13.125,0,20,2800,12,1.883,70.973,9,11,0,14.213,1,0.075,0.052,0,0,0,0,1.881,14.213,0.881
0.125,normal,0,0,0,13.2,0,20,2800,12,1.877,70.926,9,11,0,14.213,1,0.092,0.053,0,0,0,0,1.881,14.213,0.881
0.133,normal,0,0,0,13.275,0,20,2800,12,1.882,71.147,9,11,0,14.213,1,0.095,0.057,0,0,0,0,1.881,14.213,0.881
0.142,normal,0,0,0,13.35,0,20,2800,12,1.878,71.087,9,11,0,14.213,1,0.088,0.062,0,0,0,0,1.881,14.213,0.881
0.15,normal,0,0,0,13.425,0,20,2800,12,1.877,71.117,9,11,0,14.213,1,0.097,0.084,0,0,0,0,1.881,14.213,0.881
0.158,normal,0,0,0,13.5,0,20,2800,12,1.882,70.876,9,11,0,14.213,1,0.068,0.077,0,0,0,0,1.881,14.213,0.881
0.167,normal,0,0,0,13.575,0,20,2800,12,1.882,70.936,9,11,0,14.213,1,0.081,0.06,0,0,0,0,1.881,14.213,0.881
0.175,normal,0,0,0,13.65,0,20,2800,12,1.878,71.038,9,11,0,14.213,1,0.11,0.051,0,0,0,0,1.88,14.213,0.88
0.183,normal,0,0,0,13.725,0,20,2800,12,1.882,71.019,9,11,0,14.213,1,0.066,0.089,0,0,0,0,1.88,14.213,0.88
0.192,normal,0,0,0,13.8,0,20,2800,12,1.881,71.077,9,11,0,14.213,1,0.109,0.082,0,0,0,0,1.88,14.213,0.88
0.2,normal,0,0,0,13.875,0,20,2800,12,1.883,70.931,9,11,0,14.213,1,0.063,0.081,0,0,0,0,1.88,14.213,0.88
0.208,normal,0,0,0,13.95,0,20,2800,12,1.881,71.051,9,11,0,14.213,1,0.095,0.078,0,0,0,0,1.88,14.213,0.88
0.217,normal,0,0,0,14.025,0,20,2800,12,1.881,71.054,9,11,0,14.213,1,0.071,0.08,0,0,0,0,1.88,14.213,0.88
0.225,normal,0,0,0,14.1,0,20,2800,12,1.877,71.169,9,11,0,14.213,1,0.096,0.054,0,0,0,0,1.88,14.213,0.88
0.233,normal,0,0,0,14.175,0,20,2800,12,1.877,71.155,9,11,0,14.213,1,0.068,0.068,0,0,0,0,1.88,14.213,0.88
0.242,normal,0,0,0,14.25,0,20,2800,12,1.876,70.96,9,11,0,14.213,1,0.061,0.083,0,0,0,0,1.879,14.213,0.879
0.25,normal,0,0,0,14.325,0,20,2800,12,1.88,70.956,9,11,0,14.213,1,0.089,0.086,0,0,0,0,1.879,14.213,0.879
0.258,normal,0,0,0,14.4,0,20,2800,12,1.876,70.952,9,11,0,14.213,1,0.087,0.053,0,0,0,0,1.879,14.213,0.879
0.267,normal,0,0,0,14.475,0,20,2800,12,1.879,71.03,9,11,0,14.213,1,0.09,0.068,0,0,0,0,1.879,14.213,0.879
0.275,normal,0,0,0,14.55,0,20,2800,12,1.875,70.917,9,11,0,14.213,1,0.091,0.066,0,0,0,0,1.879,14.213,0.879
0.283,normal,0,0,0,14.625,0,20,2800,12,1.879,71.03,9,11,0,14.213,1,0.066,0.083,0,0,0,0,1.879,14.213,0.879
0.292,normal,0,0,0,14.7,0,20,2800,12,1.882,70.959,9,11,0,14.213,1,0.099,0.072,0,0,0,0,1.879,14.213,0.879
0.3,normal,0,0,0,14.775,0,20,2800,12,1.877,70.962,9,11,0,14.213,1,0.083,0.068,0,0,0,0,1.879,14.213,0.879
0.308,normal,0,0,0,14.85,0,20,2800,12,1.879,70.943,9,11,0,14.213,1,0.066,0.056,0,0,0,0,1.878,14.213,0.878
0.317,normal,0,0,0,14.925,0,20,2800,12,1.881,70.977,9,11,0,14.213,1,0.096,0.081,0,0,0,0,1.878,14.213,0.878
0.325,normal,0,0,0,15,0,20,2800,12,1.88,70.927,9,11,0,14.213,1,0.092,0.084,0,0,0,0,1.878,14.213,0.878
0.333,normal,0,0,0,15.075,0,20,2800,12,1.879,71.186,9,11,0,14.213,1,0.066,0.079,0,0,0,0,1.878,14.213,0.878
0.342,normal,0,0,0,15.15,0,20,2800,12,1.875,71.127,9,11,0,14.213,1,0.1,0.062,0,0,0,0,1.878,14.213,0.878
0.35,normal,0,0,0,15.225,0,20,2800,12,1.878,71.077,9,11,0,14.213,1,0.093,0.086,0,0,0,0,1.878,14.213,0.878
0.358,normal,0,0,0,15.3,0,20,2800,12,1.876,70.896,9,11,0,14.213,1,0.065,0.084,0,0,0,0,1.878,14.213,0.878
0.367,normal,0,0,0,15.375,0,20,2800,12,1.879,71.18,9,11,0,14.213,1,0.069,0.057,0,0,0,0,1.877,14.213,0.877
0.375,normal,0,0,0,15.45,0,20,2800,12,1.88,70.975,9,11,0,14.213,1,0.066,0.058,0,0,0,0,1.877,14.213,0.877
0.383,normal,0,0,0,15.525,0,20,2800,12,1.878,70.902,9,11,0,14.213,1,0.105,0.061,0,0,0,0,1.877,14.213,0.877
0.392,normal,0,0,0,15.6,0,20,2800,12,1.881,71.014,9,11,0,14.213,1,0.064,0.059,0,0,0,0,1.877,14.213,0.877
0.4,normal,0,0,0,15.675,0,20,2800,12,1.88,71.083,9,11,0,14.213,1,0.067,0.068,0,0,0,0,1.877,14.213,0.877
0.408,normal,0,0,0,15.75,0,20,2800,12,1.876,70.997,9,11,0,14.213,1,0.08,0.083,0,0,0,0,1.877,14.213,0.877
0.417,normal,0,0,0,15.825,0,20,2800,12,1.875,71.043,9,11,0,14.213,1,0.079,0.083,0,0,0,0,1.877,14.213,0.877
0.425,normal,0,0,0,15.9,0,20,2800,12,1.876,71,9,11,0,14.213,1,0.103,0.059,0,0,0,0,1.877,14.213,0.877
0.433,normal,0,0,0,15.975,0,20,2800,12,1.877,70.94,9,11,0,14.213,1,0.101,0.062,0,0,0,0,1.876,14.213,0.876
0.442,normal,0,0,0,16.05,0,20,2800,12,1.88,70.958,9,11,0,14.213,1,0.078,0.05,0,0,0,0,1.876,14.213,0.876
0.45,normal,0,0,0,16.125,0,20,2800,12,1.88,71.016,9,11,0,14.213,1,0.093,0.075,0,0,0,0,1.876,14.213,0.876
0.458,normal,0,0,0,16.2,0,20,2800,12,1.88,70.968,9,11,0,14.213,1,0.104,0.066,0,0,0,0,1.876,14.213,0.876
0.467,normal,0,0,0,16.275,0,20,2800,12,1.872,71.024,9,11,0,14.213,1,0.076,0.052,0,0,0,0,1.876,14.213,0.876
0.475,normal,0,0,0,16.35,0,20,2800,12,1.872,70.963,9,11,0,14.213,1,0.086,0.081,0,0,0,0,1.876,14.213,0.876
0.483,normal,0,0,0,16.425,0,20,2800,12,1.879,70.963,9,11,0,14.213,1,0.1,0.088,0,0,0,0,1.876,14.213,0.876
0.492,normal,0,0,0,16.5,0,20,2800,12,1.875,71.055,9,11,0,14.213,1,0.104,0.081,0,0,0,0,1.876,14.213,0.876
0.5,normal,0,0,0,16.575,0,20,2800,12,1.877,70.98,9,11,0,14.213,1,0.069,0.081,0,0,0,0,1.875,14.213,0.875
0.508,normal,0,0,0,16.65,0,20,2800,12,1.876,71.081,9,11,0,14.213,1,0.065,0.07,0,0,0,0,1.875,14.213,0.875
0.517,normal,0,0,0,16.725,0,20,2800,12,1.875,71.074,9,11,0,14.213,1,0.072,0.064,0,0,0,0,1.875,14.213,0.875
0.525,normal,0,0,0,16.8,0,20,2800,12,1.875,71.088,9,11,0,14.213,1,0.087,0.086,0,0,0,0,1.875,14.213,0.875
0.533,normal,0,0,0,16.875,0,20,2800,12,1.877,71.181,9,11,0,14.213,1,0.061,0.077,0,0,0,0,1.875,14.213,0.875
0.542,normal,0,0,0,16.95,0,20,2800,12,1.873,71.008,9,11,0,14.213,1,0.085,0.051,0,0,0,0,1.875,14.213,0.875
0.55,normal,0,0,0,17.025,0,20,2800,12,1.875,71.157,9,11,0,14.213,1,0.085,0.059,0,0,0,0,1.875,14.213,0.875
0.558,normal,0,0,0,17.1,0,20,2800,12,1.876,71.041,9,11,0,14.213,1,0.06,0.062,0,0,0,0,1.874,14.213,0.874
0.567,normal,0,0,0,17.175,0,20,2800,12,1.874,70.947,9,11,0,14.213,1,0.084,0.06,0,0,0,0,1.874,14.213,0.874
0.575,normal,0,0,0,17.25,0,20,2800,12,1.871,71.21,9,11,0,14.213,1,0.098,0.056,0,0,0,0,1.874,14.213,0.874
0.583,normal,0,0,0,17.325,0,20,2800,12,1.874,71.162,9,11,0,14.213,1,0.067,0.071,0,0,0,0,1.874,14.213,0.874
0.592,normal,0,0,0,17.4,0,20,2800,12,1.875,71.002,9,11,0,14.213,1,0.104,0.063,0,0,0,0,1.874,14.213,0.874
0.6,normal,0,0,0,17.475,0,20,2800,12,1.872,70.942,9,11,0,14.213,1,0.072,0.085,0,0,0,0,1.874,14.213,0.874
0.608,normal,0,0,0,17.55,0,20,2800,12,1.874,71.08,9,11,0,14.213,1,0.077,0.086,0,0,0,0,1.874,14.213,0.874
0.617,normal,0,0,0,17.625,0,20,2800,12,1.875,71.141,9,11,0,14.213,1,0.087,0.063,0,0,0,0,1.874,14.213,0.874
0.625,normal,0,0,0,17.7,0,20,2800,12,1.87,71.078,9,11,0,14.213,1,0.062,0.067,0,0,0,0,1.873,14.213,0.873
0.633,normal,0,0,0,17.775,0,20,2800,12,1.875,70.966,9,11,0,14.213,1,0.07,0.075,0,0,0,0,1.873,14.213,0.873
0.642,normal,0,0,0,17.85,0,20,2800,12,1.87,71.146,9,11,0,14.213,1,0.074,0.078,0,0,0,0,1.873,14.213,0.873
0.65,normal,0,0,0,17.925,0,20,2800,12,1.872,70.983,9,11,0,14.213,1,0.094,0.063,0,0,0,0,1.873,14.213,0.873
0.658,normal,0,0,0,18,0,20,2800,12,1.871,71.205,9,11,0,14.213,1,0.065,0.06,0,0,0,0,1.873,14.213,0.873
0.667,normal,0,0,0,18.075,0,20,2800,12,1.874,71.228,9,11,0,14.213,1,0.09,0.053,0,0,0,0,1.873,14.213,0.873
0.675,normal,0,0,0,18.15,0,20,2800,12,1.876,70.963,9,11,0,14.213,1,0.085,0.067,0,0,0,0,1.873,14.213,0.873
0.683,normal,0,0,0,18.225,0,20,2800,12,1.872,70.987,9,11,0,14.213,1,0.077,0.09,0,0,0,0,1.873,14.213,0.873
0.692,normal,0,0,0,18.3,0,20,2800,12,1.873,71.143,9,11,0,14.213,1,0.109,0.088,0,0,0,0,1.872,14.213,0.872
0.7,normal,0,0,0,18.375,0,20,2800,12,1.869,71.035,9,11,0,14.213,1,0.095,0.082,0,0,0,0,1.872,14.213,0.872
0.708,normal,0,0,0,18.45,0,20,2800,12,1.871,71.061,9,11,0,14.213,1,0.098,0.064,0,0,0,0,1.872,14.213,0.872
0.717,normal,0,0,0,18.525,0,20,2800,12,1.87,71.018,9,11,0,14.213,1,0.096,0.075,0,0,0,0,1.872,14.213,0.872
0.725,normal,0,0,0,18.6,0,20,2800,12,1.875,71.082,9,11,0,14.213,1,0.069,0.067,0,0,0,0,1.872,14.213,0.872
0.733,normal,0,0,0,18.675,0,20,2800,12,1.87,71.118,9,11,0,14.213,1,0.085,0.072,0,0,0,0,1.872,14.213,0.872
0.742,normal,0,0,0,18.75,0,20,2800,12,1.874,71.157,9,11,0,14.213,1,0.069,0.078,0,0,0,0,1.872,14.213,0.872
0.75,normal,0,0,0,18.825,0,20,2800,12,1.87,71.201,9,11,0,14.213,1,0.09,0.074,0,0,0,0,1.871,14.213,0.871
0.758,normal,0,0,0,18.9,0,20,2800,12,1.87,71.126,9,11,0,14.213,1,0.075,0.074,0,0,0,0,1.871,14.213,0.871
0.767,normal,0,0,0,18.975,0,20,2800,12,1.874,71.136,9,11,0,14.213,1,0.105,0.069,0,0,0,0,1.871,14.213,0.871
0.775,normal,0,0,0,19.05,0,20,2800,12,1.867,71.042,9,11,0,14.213,1,0.063,0.057,0,0,0,0,1.871,14.213,0.871
0.783,normal,0,0,0,19.125,0,20,2800,12,1.87,71.107,9,11,0,14.213,1,0.067,0.087,0,0,0,0,1.871,14.213,0.871
0.792,normal,0,0,0,19.2,0,20,2800,12,1.873,71.081,9,11,0,14.213,1,0.074,0.066,0,0,0,0,1.871,14.213,0.871
0.8,normal,0,0,0,19.275,0,20,2800,12,1.873,71.069,9,11,0,14.213,1,0.106,0.051,0,0,0,0,1.871,14.213,0.871
0.808,normal,0,0,0,19.35,0,20,2800,12,1.873,71.005,9,11,0,14.213,1,0.072,0.063,0,0,0,0,1.871,14.213,0.871
0.817,normal,0,0,0,19.425,0,20,2800,12,1.869,71.098,9,11,0,14.213,1,0.109,0.07,0,0,0,0,1.87,14.213,0.87
0.825,normal,0,0,0,19.5,0,20,2800,12,1.874,71.074,9,11,0,14.213,1,0.062,0.078,0,0,0,0,1.87,14.213,0.87
0.833,normal,0,0,0,19.575,0,20,2800,12,1.874,71.109,9,11,0,14.213,1,0.106,0.075,0,0,0,0,1.87,14.213,0.87
0.842,normal,0,0,0,19.65,0,20,2800,12,1.874,71.238,9,11,0,14.213,1,0.087,0.088,0,0,0,0,1.87,14.213,0.87
0.85,normal,0,0,0,19.725,0,20,2800,12,1.867,71.008,9,11,0,14.213,1,0.087,0.075,0,0,0,0,1.87,14.213,0.87
0.858,normal,0,0,0,19.8,0,20,2800,12,1.868,71.084,9,11,0,14.213,1,0.093,0.085,0,0,0,0,1.87,14.213,0.87
0.867,normal,0,0,0,19.875,0,20,2800,12,1.873,71.03,9,11,0,14.213,1,0.102,0.071,0,0,0,0,1.87,14.213,0.87
0.875,normal,0,0,0,19.95,0,20,2800,12,1.87,70.995,9,11,0,14.213,1,0.105,0.059,0,0,0,0,1.87,14.213,0.87
0.883,normal,0,0,0,20.025,0,20,2800,12,1.871,71.219,9,11,0,14.213,1,0.094,0.067,0,0,0,0,1.869,14.213,0.869
0.892,normal,0,0,0,20.1,0,20,2800,12,1.873,71.16,9,11,0,14.213,1,0.073,0.084,0,0,0,0,1.869,14.213,0.869
0.9,normal,0,0,0,20.175,0,20,2800,12,1.865,71.04,9,11,0,14.213,1,0.083,0.053,0,0,0,0,1.869,14.213,0.869
0.908,normal,0,0,0,20.25,0,20,2800,12,1.872,71.022,9,11,0,14.213,1,0.073,0.089,0,0,0,0,1.869,14.213,0.869
0.917,normal,0,0,0,20.325,0,20,2800,12,1.868,71.082,9,11,0,14.213,1,0.087,0.052,0,0,0,0,1.869,14.213,0.869
0.925,normal,0,0,0,20.4,0,20,2800,12,1.872,71.038,9,11,0,14.213,1,0.061,0.088,0,0,0,0,1.869,14.213,0.869
0.933,normal,0,0,0,20.475,0,20,2800,12,1.866,71.26,9,11,0,14.213,1,0.068,0.077,0,0,0,0,1.869,14.213,0.869
0.942,normal,0,0,0,20.55,0,20,2800,12,1.868,71.009,9,11,0,14.213,1,0.068,0.089,0,0,0,0,1.868,14.213,0.868
0.95,normal,0,0,0,20.625,0,20,2800,12,1.866,71,9,11,0,14.213,1,0.06,0.053,0,0,0,0,1.868,14.213,0.868
0.958,normal,0,0,0,20.7,0,20,2800,12,1.869,71.188,9,11,0,14.213,1,0.108,0.053,0,0,0,0,1.868,14.213,0.868
0.967,normal,0,0,0,20.775,0,20,2800,12,1.872,71.189,9,11,0,14.213,1,0.084,0.057,0,0,0,0,1.868,14.213,0.868
0.975,normal,0,0,0,20.85,0,20,2800,12,1.872,71.07,9,11,0,14.213,1,0.104,0.082,0,0,0,0,1.868,14.213,0.868
0.983,normal,0,0,0,20.925,0,20,2800,12,1.87,71.251,9,11,0,14.213,1,0.098,0.05,0,0,0,0,1.868,14.213,0.868
0.992,normal,0,0,0,21,0,20,2800,12,1.867,71.169,9,11,0,14.213,1,0.082,0.078,0,0,0,0,1.868,14.213,0.868
1,normal,0,0,0,21.075,0,20,2800,12,1.866,71.085,9,11,0,14.213,1,0.084,0.067,0,0,0,0,1.868,14.213,0.868
1.008,normal,0,0,0,21.15,0.117,20,2800,12,1.87,71.001,9,11,0,14.213,1,0.066,0.089,0,0,0,0,1.867,14.213,0.867
1.017,normal,0,0,0,21.225,0.233,20,2800,12,1.868,71.113,9,11,0,14.213,1,0.101,0.064,0,0,0,0,1.867,14.213,0.867
1.025,normal,0,0,0,21.3,0.35,20,2800,12,1.867,70.977,9,11,0,14.213,1,0.061,0.066,0,0,0,0,1.866,14.213,0.866
1.033,normal,0,0,0,21.375,0.467,20,2800,12,1.867,71.005,9,11,0,14.213,1,0.092,0.071,0,0,0,0,1.866,14.213,0.866
1.042,normal,0,0,0,21.45,0.583,20,2800,12,1.864,71.137,9,11,0,14.213,1,0.066,0.054,0,0,0,0,1.865,14.213,0.865
1.05,normal,0,0,0,21.525,0.7,20,2800,12,1.866,71.157,9,11,0,14.213,1,0.09,0.065,0,0,0,0,1.865,14.213,0.865
1.058,normal,0,0,0,21.6,0.817,20,2800,12,1.861,71.182,9,11,0,14.213,1,0.083,0.059,0,0,0,0,1.864,14.213,0.864
1.067,normal,0,0,0,21.675,0.933,20,2800,12,1.867,70.985,9,11,0,14.213,1,0.077,0.069,0,0,0,0,1.863,14.213,0.863
1.075,normal,0,0,0,21.75,1.05,20,2800,12,1.859,71.101,9,11,0,14.213,1,0.089,0.086,0,0,0,0,1.863,14.213,0.863
1.083,normal,0,0,0,21.825,1.167,20,2800,12,1.859,71.03,9,11,0,14.213,1,0.101,0.086,0,0,0,0,1.862,14.213,0.862
1.092,normal,0,0,0,21.9,1.283,20,2800,12,1.858,70.994,9,11,0,14.213,1,0.089,0.088,0,0,0,0,1.862,14.213,0.862
1.1,normal,0,0,0,21.975,1.4,20,2800,12,1.865,71.131,9,11,0,14.213,1,0.071,0.077,0,0,0,0,1.861,14.213,0.861
1.108,normal,0,0,0,22.05,1.517,20,2800,12,1.858,71.261,9,11,0,14.213,1,0.108,0.075,0,0,0,0,1.861,14.213,0.861
1.117,normal,0,0,0,22.125,1.633,20,2800,12,1.856,71.243,9,11,0,14.213,1,0.09,0.081,0,0,0,0,1.86,14.213,0.86
1.125,normal,0,0,0,22.2,1.75,20,2800,12,1.856,71.077,9,11,0,14.213,1,0.09,0.066,0,0,0,0,1.86,14.213,0.86
1.133,normal,0,0,0,22.275,1.867,20,2800,12,1.862,71.177,9,11,0,14.213,1,0.08,0.056,0,0,0,0,1.859,14.213,0.859
1.142,normal,0,0,0,22.35,1.983,20,2800,12,1.862,71.052,9,11,0,14.213,1,0.065,0.057,0,0,0,0,1.859,14.213,0.859
1.15,normal,0,0,0,22.425,2.1,20,2800,12,1.855,71.002,9,11,0,14.213,1,0.102,0.061,0,0,0,0,1.858,14.213,0.858
1.158,normal,0,0,0,22.5,2.217,20,2800,12,1.856,71.275,9,11,0,14.213,1,0.075,0.087,0,0,0,0,1.858,14.213,0.858
1.167,normal,0,0,0,22.575,2.333,20,2800,12,1.859,71.186,9,11,0,14.213,1,0.071,0.06,0,0,0,0,1.857,14.213,0.857
1.175,normal,0,0,0,22.65,2.45,20,2800,12,1.856,71.269,9,11,0,14.213,1,0.078,0.084,0,0,0,0,1.857,14.213,0.857
1.183,normal,0,0,0,22.725,2.567,20,2800,12,1.857,71.042,9,11,0,14.213,1,0.085,0.051,0,0,0,0,1.856,14.213,0.856
1.192,normal,0,0,0,22.8,2.683,20,2800,12,1.854,71.072,9,11,0,14.213,1,0.098,0.056,0,0,0,0,1.856,14.213,0.856
1.2,normal,0,0,0,22.875,2.8,20,2800,12,1.858,71.12,9,11,0,14.213,1,0.106,0.072,0,0,0,0,1.855,14.213,0.855
1.208,normal,0,0,0,22.95,2.917,20,2800,12,1.852,71.275,9,11,0,14.213,1,0.103,0.05,0,0,0,0,1.855,14.213,0.855
1.217,normal,0,0,0,23.025,3.033,20,2800,12,1.853,71.114,9,11,0,14.213,1,0.071,0.062,0,0,0,0,1.854,14.213,0.854
1.225,normal,0,0,0,23.1,3.15,20,2800,12,1.855,71.106,9,11,0,14.213,1,0.062,0.069,0,0,0,0,1.854,14.213,0.854
1.233,normal,0,0,0,23.175,3.267,20,2800,12,1.854,71.13,9,11,0,14.213,1,0.082,0.055,0,0,0,0,1.853,14.213,0.853
1.242,normal,0,0,0,23.25,3.383,20,2800,12,1.851,71.167,9,11,0,14.213,1,0.091,0.09,0,0,0,0,1.853,14.213,0.853
1.25,normal,0,0,0,23.325,3.5,20,2800,12,1.849,71.164,9,11,0,14.213,1,0.09,0.071,0,0,0,0,1.852,14.213,0.852
1.258,normal,0,0,0,23.4,3.617,20,2800,12,1.849,71.228,9,11,0,14.213,1,0.083,0.088,0,0,0,0,1.852,14.213,0.852
1.267,normal,0,0,0,23.475,3.733,20,2800,12,1.854,71.154,9,11,0,14.213,1,0.086,0.067,0,0,0,0,1.851,14.213,0.851
1.275,normal,0,0,0,23.55,3.85,20,2800,12,1.849,71.233,9,11,0,14.213,1,0.105,0.076,0,0,0,0,1.851,14.213,0.851
1.283,normal,0,0,0,23.625,3.967,20,2800,12,1.847,71.282,9,11,0,14.213,1,0.085,0.059,0,0,0,0,1.85,14.213,0.85
1.292,normal,0,0,0,23.7,4.083,20,2800,12,1.847,71.082,9,11,0,14.213,1,0.096,0.087,0,0,0,0,1.85,14.213,0.85
1.3,normal,0,0,0,23.775,4.2,20,2800,12,1.851,71.304,9,11,0,14.213,1,0.091,0.074,0,0,0,0,1.849,14.213,0.849
1.308,normal,0,0,0,23.85,4.317,20,2800,12,1.849,71.05,9,11,0,14.213,1,0.063,0.053,0,0,0,0,1.849,14.213,0.849
1.317,normal,0,0,0,23.925,4.433,20,2800,12,1.851,71.304,9,11,0,14.213,1,0.063,0.06,0,0,0,0,1.848,14.213,0.848
1.325,normal,0,0,0,24,4.55,20,2800,12,1.845,71.142,9,11,0,14.213,1,0.086,0.059,0,0,0,0,1.848,14.213,0.848
1.333,normal,0,0,0,24.075,4.667,20,2800,12,1.843,71.241,9,11,0,14.213,1,0.074,0.072,0,0,0,0,1.847,14.213,0.847
1.342,normal,0,0,0,24.15,4.783,20,2800,12,1.846,71.266,9,11,0,14.213,1,0.083,0.054,0,0,0,0,1.847,14.213,0.847
1.35,normal,0,0,0,24.225,4.9,20,2800,12,1.847,71.286,9,11,0,14.213,1,0.068,0.078,0,0,0,0,1.846,14.213,0.846
1.358,normal,0,0,0,24.3,5.017,20,2800,12,1.848,71.048,9,11,0,14.213,1,0.062,0.085,0,0,0,0,1.846,14.213,0.846
1.367,normal,0,0,0,24.375,5.133,20,2800,12,1.843,71.232,9,11,0,14.213,1,0.109,0.057,0,0,0,0,1.845,14.213,0.845
1.375,normal,0,0,0,24.45,5.25,20,2800,12,1.848,71.256,9,11,0,14.213,1,0.08,0.061,0,0,0,0,1.845,14.213,0.845
1.383,normal,0,0,0,24.525,5.367,20,2800,12,1.842,71.257,9,11,0,14.213,1,0.079,0.09,0,0,0,0,1.844,14.213,0.844
1.392,normal,0,0,0,24.6,5.483,20,2800,12,1.841,71.026,9,11,0,14.213,1,0.085,0.077,0,0,0,0,1.844,14.213,0.844
1.4,normal,0,0,0,24.675,5.6,20,2800,12,1.845,71.216,9,11,0,14.213,1,0.105,0.084,0,0,0,0,1.843,14.213,0.843
1.408,normal,0,0,0,24.75,5.717,20,2800,12,1.842,71.301,9,11,0,14.213,1,0.088,0.087,0,0,0,0,1.843,14.213,0.843
1.417,normal,0,0,0,24.825,5.833,20,2800,12,1.841,71.22,9,11,0,14.213,1,0.101,0.068,0,0,0,0,1.842,14.213,0.842
1.425,normal,0,0,0,24.9,5.95,20,2800,12,1.841,71.036,9,11,0,14.213,1,0.062,0.06,0,0,0,0,1.842,14.213,0.842
1.433,normal,0,0,0,24.975,6.067,20,2800,12,1.84,71.282,9,11,0,14.213,1,0.089,0.078,0,0,0,0,1.841,14.213,0.841
1.442,normal,0,0,0,25.05,6.183,20,2800,12,1.837,71.277,9,11,0,14.213,1,0.105,0.079,0,0,0,0,1.841,14.213,0.841
1.45,normal,0,0,0,25.125,6.3,20,2800,12,1.837,71.031,9,11,0,14.213,1,0.109,0.084,0,0,0,0,1.84,14.213,0.84
1.458,normal,0,0,0,25.2,6.417,20,2800,12,1.843,71.23,9,11,0,14.213,1,0.064,0.081,0,0,0,0,1.84,14.213,0.84
1.467,normal,0,0,0,25.275,6.533,20,2800,12,1.843,71.029,9,11,0,14.213,1,0.107,0.087,0,0,0,0,1.84,14.213,0.84
1.475,normal,0,0,0,25.35,6.65,20,2800,12,1.838,71.248,9,11,0,14.213,1,0.106,0.084,0,0,0,0,1.84,14.213,0.84
1.483,normal,0,0,0,25.425,6.767,20,2800,12,1.843,71.301,9,11,0,14.213,1,0.082,0.053,0,0,0,0,1.839,14.213,0.839
1.492,normal,0,0,0,25.5,6.883,20,2800,12,1.842,71.213,9,11,0,14.213,1,0.107,0.077,0,0,0,0,1.839,14.213,0.839
1.5,normal,0,0,0,25.575,7,20,2800,12,1.84,71.108,9,11,0,14.213,1,0.069,0.054,0,0,0,0,1.839,14.213,0.839
1.508,normal,0,0,0,25.65,7.117,20,2800,12,1.835,71.326,9,11,0,14.213,1,0.102,0.062,0,0,0,0,1.839,14.213,0.839
1.517,normal,0,0,0,25.725,7.233,20,2800,12,1.836,71.236,9,11,0,14.213,1,0.066,0.09,0,0,0,0,1.838,14.213,0.838
1.525,normal,0,0,0,25.8,7.35,20,2800,12,1.841,71.249,9,11,0,14.213,1,0.1,0.057,0,0,0,0,1.838,14.213,0.838
1.533,normal,0,0,0,25.875,7.467,20,2800,12,1.835,71.202,9,11,0,14.213,1,0.072,0.084,0,0,0,0,1.838,14.213,0.838
1.542,normal,0,0,0,25.95,7.583,20,2800,12,1.834,71.081,9,11,0,14.213,1,0.078,0.052,0,0,0,0,1.838,14.213,0.838
1.55,normal,0,0,0,26.025,7.7,20,2800,12,1.838,71.228,9,11,0,14.213,1,0.07,0.087,0,0,0,0,1.837,14.213,0.837
1.558,normal,0,0,0,26.1,7.817,20,2800,12,1.836,71.306,9,11,0,14.213,1,0.082,0.075,0,0,0,0,1.837,14.213,0.837
1.567,normal,0,0,0,26.175,7.933,20,2800,12,1.84,71.141,9,11,0,14.213,1,0.101,0.063,0,0,0,0,1.837,14.213,0.837
1.575,normal,0,0,0,26.25,8.05,20,2800,12,1.837,71.143,9,11,0,14.213,1,0.063,0.08,0,0,0,0,1.837,14.213,0.837
1.583,normal,0,0,0,26.325,8.167,20,2800,12,1.836,71.053,9,11,0,14.213,1,0.097,0.063,0,0,0,0,1.836,14.213,0.836
1.592,normal,0,0,0,26.4,8.283,20,2800,12,1.836,71.215,9,11,0,14.213,1,0.084,0.06,0,0,0,0,1.836,14.213,0.836
1.6,normal,0,0,0,26.475,8.4,20,2800,12,1.836,71.105,9,11,0,14.213,1,0.068,0.081,0,0,0,0,1.836,14.213,0.836
1.608,normal,0,0,0,26.55,8.517,20,2800,12,1.836,71.185,9,11,0,14.213,1,0.067,0.084,0,0,0,0,1.836,14.213,0.836
1.617,normal,0,0,0,26.625,8.633,20,2800,12,1.834,71.22,9,11,0,14.213,1,0.064,0.083,0,0,0,0,1.835,14.213,0.835
1.625,normal,0,0,0,26.7,8.75,20,2800,12,1.836,71.162,9,11,0,14.213,1,0.075,0.081,0,0,0,0,1.835,14.213,0.835
1.633,normal,0,0,0,26.775,8.867,20,2800,12,1.835,71.173,9,11,0,14.213,1,0.083,0.054,0,0,0,0,1.835,14.213,0.835
1.642,normal,0,0,0,26.85,8.983,20,2800,12,1.834,71.345,9,11,0,14.213,1,0.087,0.063,0,0,0,0,1.835,14.213,0.835
1.65,normal,0,0,0,26.925,9.1,20,2800,12,1.833,71.137,9,11,0,14.213,1,0.105,0.067,0,0,0,0,1.834,14.213,0.834
1.658,normal,0,0,0,27,9.217,20,2800,12,1.837,71.07,9,11,0,14.213,1,0.101,0.061,0,0,0,0,1.834,14.213,0.834
1.667,normal,0,0,0,27.075,9.333,20,2800,12,1.838,71.328,9,11,0,14.213,1,0.104,0.072,0,0,0,0,1.834,14.213,0.834
1.675,normal,0,0,0,27.15,9.45,20,2800,12,1.838,71.334,9,11,0,14.213,1,0.08,0.069,0,0,0,0,1.834,14.213,0.834
1.683,normal,0,0,0,27.225,9.567,20,2800,12,1.836,71.053,9,11,0,14.213,1,0.095,0.087,0,0,0,0,1.833,14.213,0.833
1.692,normal,0,0,0,27.3,9.683,20,2800,12,1.833,71.332,9,11,0,14.213,1,0.065,0.064,0,0,0,0,1.833,14.213,0.833
1.7,normal,0,0,0,27.375,9.8,20,2800,12,1.831,71.138,9,11,0,14.213,1,0.074,0.086,0,0,0,0,1.833,14.213,0.833
1.708,normal,0,0,0,27.45,9.917,20,2800,12,1.832,71.296,9,11,0,14.213,1,0.099,0.076,0,0,0,0,1.833,14.213,0.833
1.717,normal,0,0,0,27.525,10.033,20,2800,12,1.832,71.113,9,11,0,14.213,1,0.084,0.073,0,0,0,0,1.832,14.213,0.832
1.725,normal,0,0,0,27.6,10.15,20,2800,12,1.832,71.32,9,11,0,14.213,1,0.105,0.087,0,0,0,0,1.832,14.213,0.832
1.733,normal,0,0,0,27.675,10.267,20,2800,12,1.836,71.296,9,11,0,14.213,1,0.075,0.064,0,0,0,0,1.832,14.213,0.832
1.742,normal,0,0,0,27.75,10.383,20,2800,12,1.834,71.094,9,11,0,14.213,1,0.101,0.051,0,0,0,0,1.832,14.213,0.832
1.75,normal,0,0,0,27.825,10.5,20,2800,12,1.835,71.319,9,11,0,14.213,1,0.068,0.06,0,0,0,0,1.831,14.213,0.831
1.758,normal,0,0,0,27.9,10.617,20,2800,12,1.831,71.256,9,11,0,14.213,1,0.078,0.081,0,0,0,0,1.831,14.213,0.831
1.767,normal,0,0,0,27.975,10.733,20,2800,12,1.83,71.231,9,11,0,14.213,1,0.084,0.066,0,0,0,0,1.831,14.213,0.831
1.775,normal,0,0,0,28.05,10.85,20,2800,12,1.828,71.212,9,11,0,14.213,1,0.083,0.084,0,0,0,0,1.831,14.213,0.831
1.783,normal,0,0,0,28.125,10.967,20,2800,12,1.83,71.146,9,11,0,14.213,1,0.102,0.06,0,0,0,0,1.83,14.213,0.83
1.792,normal,0,0,0,28.2,11.083,20,2800,12,1.829,71.157,9,11,0,14.213,1,0.074,0.07,0,0,0,0,1.83,14.213,0.83
1.8,normal,0,0,0,28.275,11.2,20,2800,12,1.829,71.096,9,11,0,14.213,1,0.079,0.077,0,0,0,0,1.83,14.213,0.83
1.808,normal,0,0,0,28.35,11.317,20,2800,12,1.828,71.101,9,11,0,14.213,1,0.097,0.069,0,0,0,0,1.83,14.213,0.83
1.817,normal,0,0,0,28.425,11.433,20,2800,12,1.827,71.243,9,11,0,14.213,1,0.063,0.071,0,0,0,0,1.829,14.213,0.829
1.825,normal,0,0,0,28.5,11.55,20,2800,12,1.833,71.236,9,11,0,14.213,1,0.078,0.051,0,0,0,0,1.829,14.213,0.829
1.833,normal,0,0,0,28.575,11.667,20,2800,12,1.829,71.166,9,11,0,14.213,1,0.093,0.069,0,0,0,0,1.829,14.213,0.829
1.842,normal,0,0,0,28.65,11.783,20,2800,12,1.828,71.19,9,11,0,14.213,1,0.061,0.086,0,0,0,0,1.829,14.213,0.829
1.85,normal,0,0,0,28.725,11.9,20,2800,12,1.829,71.215,9,11,0,14.213,1,0.066,0.089,0,0,0,0,1.828,14.213,0.828
1.858,normal,0,0,0,28.8,12.017,20,2800,12,1.824,71.356,9,11,0,14.213,1,0.073,0.075,0,0,0,0,1.828,14.213,0.828
1.867,normal,0,0,0,28.875,12.133,20,2800,12,1.831,71.314,9,11,0,14.213,1,0.064,0.08,0,0,0,0,1.828,14.213,0.828
1.875,normal,0,0,0,28.95,12.25,20,2800,12,1.824,71.245,9,11,0,14.213,1,0.108,0.074,0,0,0,0,1.828,14.213,0.828
1.883,normal,0,0,0,29.025,12.367,20,2800,12,1.829,71.176,9,11,0,14.213,1,0.109,0.086,0,0,0,0,1.827,14.213,0.827
1.892,normal,0,0,0,29.1,12.483,20,2800,12,1.825,71.119,9,11,0,14.213,1,0.101,0.055,0,0,0,0,1.827,14.213,0.827
1.9,normal,0,0,0,29.175,12.6,20,2800,12,1.828,71.097,9,11,0,14.213,1,0.069,0.074,0,0,0,0,1.827,14.213,0.827
1.908,normal,0,0,0,29.25,12.717,20,2800,12,1.823,71.096,9,11,0,14.213,1,0.106,0.086,0,0,0,0,1.827,14.213,0.827
1.917,normal,0,0,0,29.325,12.833,20,2800,12,1.822,71.1,9,11,0,14.213,1,0.067,0.066,0,0,0,0,1.826,14.213,0.826
1.925,normal,0,0,0,29.4,12.95,20,2800,12,1.828,71.351,9,11,0,14.213,1,0.087,0.077,0,0,0,0,1.826,14.213,0.826
1.933,normal,0,0,0,29.475,13.067,20,2800,12,1.828,71.232,9,11,0,14.213,1,0.08,0.075,0,0,0,0,1.826,14.213,0.826
1.942,normal,0,0,0,29.55,13.183,20,2800,12,1.826,71.136,9,11,0,14.213,1,0.086,0.072,0,0,0,0,1.826,14.213,0.826
1.95,normal,0,0,0,29.625,13.3,20,2800,12,1.822,71.336,9,11,0,14.213,1,0.063,0.067,0,0,0,0,1.825,14.213,0.825
1.958,normal,0,0,0,29.7,13.417,20,2800,12,1.828,71.131,9,11,0,14.213,1,0.086,0.086,0,0,0,0,1.825,14.213,0.825
1.967,normal,0,0,0,29.775,13.533,20,2800,12,1.826,71.239,9,11,0,14.213,1,0.092,0.069,0,0,0,0,1.825,14.213,0.825
1.975,normal,0,0,0,29.85,13.65,20,2800,12,1.822,71.132,9,11,0,14.213,1,0.106,0.081,0,0,0,0,1.825,14.213,0.825
1.983,normal,0,0,0,29.925,13.767,20,2800,12,1.822,71.1,9,11,0,14.213,1,0.077,0.07,0,0,0,0,1.824,14.213,0.824
1.992,normal,0,0,0,30,13.883,20,2800,12,1.822,71.167,9,11,0,14.213,1,0.085,0.062,0,0,0,0,1.824,14.213,0.824
2,normal,0,0,0,30.075,14,20,2800,12,1.821,71.195,9,11,0,14.213,1,0.089,0.066,0,0,0,0,1.824,14.213,0.824
2.008,normal,0,0,0,30.15,14.117,20,2800,12,1.826,71.383,9,11,0,14.213,1,0.102,0.064,0,0,0,0,1.824,14.213,0.824
2.017,normal,0,0,0,30.225,14.233,20,2800,12,1.823,71.265,9,11,0,14.213,1,0.105,0.058,0,0,0,0,1.823,14.213,0.823
2.025,normal,0,0,0,30.3,14.35,20,2800,12,1.825,71.271,9,11,0,14.213,1,0.093,0.088,0,0,0,0,1.823,14.213,0.823
2.033,normal,0,0,0,30.375,14.467,20,2800,12,1.82,71.102,9,11,0,14.213,1,0.064,0.082,0,0,0,0,1.823,14.213,0.823
2.042,normal,0,0,0,30.45,14.583,20,2800,12,1.822,71.366,9,11,0,14.213,1,0.078,0.05,0,0,0,0,1.823,14.213,0.823
2.05,normal,0,0,0,30.525,14.7,20,2800,12,1.826,71.346,9,11,0,14.213,1,0.101,0.081,0,0,0,0,1.822,14.213,0.822
2.058,normal,0,0,0,30.6,14.817,20,2800,12,1.825,71.151,9,11,0,14.213,1,0.095,0.061,0,0,0,0,1.822,14.213,0.822
2.067,normal,0,0,0,30.675,14.933,20,2800,12,1.823,71.16,9,11,0,14.213,1,0.105,0.08,0,0,0,0,1.822,14.213,0.822
2.075,normal,0,0,0,30.75,15.05,20,2800,12,1.821,71.223,9,11,0,14.213,1,0.081,0.071,0,0,0,0,1.822,14.213,0.822
2.083,normal,0,0,0,30.825,15.167,20,2800,12,1.822,71.354,9,11,0,14.213,1,0.081,0.083,0,0,0,0,1.821,14.213,0.821
2.092,normal,0,0,0,30.9,15.283,20,2800,12,1.821,71.392,9,11,0,14.213,1,0.107,0.079,0,0,0,0,1.821,14.213,0.821
2.1,normal,0,0,0,30.975,15.4,20,2800,12,1.824,71.15,9,11,0,14.213,1,0.063,0.09,0,0,0,0,1.821,14.213,0.821
2.108,normal,0,0,0,31.05,15.517,20,2800,12,1.823,71.342,9,11,0,14.213,1,0.1,0.066,0,0,0,0,1.821,14.213,0.821
2.117,normal,0,0,0,31.125,15.633,20,2800,12,1.818,71.157,9,11,0,14.213,1,0.1,0.083,0,0,0,0,1.82,14.213,0.82
2.125,normal,0,0,0,31.2,15.75,20,2800,12,1.821,71.312,9,11,0,14.213,1,0.09,0.073,0,0,0,0,1.82,14.213,0.82
2.133,normal,0,0,0,31.275,15.867,20,2800,12,1.818,71.335,9,11,0,14.213,1,0.109,0.077,0,0,0,0,1.82,14.213,0.82
2.142,normal,0,0,0,31.35,15.983,20,2800,12,1.818,71.13,9,11,0,14.213,1,0.108,0.057,0,0,0,0,1.82,14.213,0.82
2.15,normal,0,0,0,31.425,16.1,20,2800,12,1.82,71.26,9,11,0,14.213,1,0.095,0.078,0,0,0,0,1.819,14.213,0.819
2.158,normal,0,0,0,31.5,16.217,20,2800,12,1.818,71.4,9,11,0,14.213,1,0.093,0.089,0,0,0,0,1.819,14.213,0.819
2.167,normal,0,0,0,31.575,16.333,20,2800,12,1.819,71.215,9,11,0,14.213,1,0.066,0.061,0,0,0,0,1.819,14.213,0.819
2.175,normal,0,0,0,31.65,16.45,20,2800,12,1.817,71.168,9,11,0,14.213,1,0.085,0.057,0,0,0,0,1.819,14.213,0.819
2.183,normal,0,0,0,31.725,16.567,20,2800,12,1.815,71.374,9,11,0,14.213,1,0.109,0.082,0,0,0,0,1.818,14.213,0.818
2.192,normal,0,0,0,31.8,16.683,20,2800,12,1.814,71.283,9,11,0,14.213,1,0.066,0.068,0,0,0,0,1.818,14.213,0.818
2.2,normal,0,0,0,31.875,16.8,20,2800,12,1.82,71.166,9,11,0,14.213,1,0.062,0.087,0,0,0,0,1.818,14.213,0.818
2.208,normal,0,0,0,31.95,16.917,20,2800,12,1.817,71.382,9,11,0,14.213,1,0.094,0.072,0,0,0,0,1.818,14.213,0.818
2.217,normal,0,0,0,32.025,17.033,20,2800,12,1.818,71.124,9,11,0,14.213,1,0.099,0.083,0,0,0,0,1.817,14.213,0.817
2.225,normal,0,0,0,32.1,17.15,20,2800,12,1.817,71.319,9,11,0,14.213,1,0.081,0.073,0,0,0,0,1.817,14.213,0.817
2.233,normal,0,0,0,32.175,17.267,20,2800,12,1.813,71.315,9,11,0,14.213,1,0.07,0.08,0,0,0,0,1.817,14.213,0.817
2.242,normal,0,0,0,32.25,17.383,20,2800,12,1.818,71.121,9,11,0,14.213,1,0.077,0.068,0,0,0,0,1.817,14.213,0.817
2.25,normal,0,0,0,32.325,17.5,20,2800,12,1.814,71.221,9,11,0,14.213,1,0.073,0.053,0,0,0,0,1.816,14.213,0.816
2.258,normal,0,0,0,32.4,17.617,20,2800,12,1.813,71.385,9,11,0,14.213,1,0.094,0.09,0,0,0,0,1.816,14.213,0.816
2.267,normal,0,0,0,32.475,17.733,20,2800,12,1.82,71.235,9,11,0,14.213,1,0.072,0.089,0,0,0,0,1.816,14.213,0.816
2.275,normal,0,0,0,32.55,17.85,20,2800,12,1.813,71.323,9,11,0,14.213,1,0.093,0.077,0,0,0,0,1.816,14.213,0.816
2.283,normal,0,0,0,32.625,17.967,20,2800,12,1.817,71.137,9,11,0,14.213,1,0.088,0.08,0,0,0,0,1.815,14.213,0.815
2.292,normal,0,0,0,32.7,18.083,20,2800,12,1.816,71.163,9,11,0,14.213,1,0.105,0.054,0,0,0,0,1.815,14.213,0.815
2.3,normal,0,0,0,32.775,18.2,20,2800,12,1.811,71.213,9,11,0,14.213,1,0.065,0.064,0,0,0,0,1.815,14.213,0.815
2.308,normal,0,0,0,32.85,18.317,20,2800,12,1.814,71.383,9,11,0,14.213,1,0.093,0.057,0,0,0,0,1.815,14.213,0.815
2.317,normal,0,0,0,32.925,18.433,20,2800,12,1.817,71.303,9,11,0,14.213,1,0.068,0.058,0,0,0,0,1.814,14.213,0.814
2.325,normal,0,0,0,33,18.55,20,2800,12,1.811,71.297,9,11,0,14.213,1,0.092,0.086,0,0,0,0,1.814,14.213,0.814
2.333,normal,0,0,0,33.075,18.667,20,2800,12,1.81,71.285,9,11,0,14.213,1,0.092,0.063,0,0,0,0,1.814,14.213,0.814
2.342,normal,0,0,0,33.15,18.783,20,2800,12,1.816,71.361,9,11,0,14.213,1,0.105,0.052,0,0,0,0,1.814,14.213,0.814
2.35,normal,0,0,0,33.225,18.9,20,2800,12,1.813,71.359,9,11,0,14.213,1,0.1,0.07,0,0,0,0,1.813,14.213,0.813
2.358,normal,0,0,0,33.3,19.017,20,2800,12,1.816,71.291,9,11,0,14.213,1,0.079,0.065,0,0,0,0,1.813,14.213,0.813
2.367,normal,0,0,0,33.375,19.133,20,2800,12,1.81,71.298,9,11,0,14.213,1,0.107,0.059,0,0,0,0,1.813,14.213,0.813
2.375,normal,0,0,0,33.45,19.25,20,2800,12,1.816,71.383,9,11,0,14.213,1,0.088,0.078,0,0,0,0,1.813,14.213,0.813
2.383,normal,0,0,0,33.525,19.367,20,2800,12,1.81,71.34,9,11,0,14.213,1,0.082,0.084,0,0,0,0,1.812,14.213,0.812
2.392,normal,0,0,0,33.6,19.483,20,2800,12,1.812,71.145,9,11,0,14.213,1,0.102,0.085,0,0,0,0,1.812,14.213,0.812
2.4,normal,0,0,0,33.675,19.6,20,2800,12,1.809,71.383,9,11,0,14.213,1,0.074,0.054,0,0,0,0,1.812,14.213,0.812
2.408,normal,0,0,0,33.75,19.717,20,2800,12,1.813,71.384,9,11,0,14.213,1,0.092,0.055,0,0,0,0,1.812,14.213,0.812
2.417,normal,0,0,0,33.825,19.833,20,2800,12,1.812,71.345,9,11,0,14.213,1,0.102,0.086,0,0,0,0,1.811,14.213,0.811
2.425,normal,0,0,0,33.9,19.95,20,2800,12,1.813,71.415,9,11,0,14.213,1,0.063,0.08,0,0,0,0,1.811,14.213,0.811
2.433,normal,0,0,0,33.975,20.067,20,2800,12,1.809,71.236,9,11,0,14.213,1,0.099,0.082,0,0,0,0,1.811,14.213,0.811
2.442,normal,0,0,0,34,20.183,20,2800,12,1.81,71.21,9,11,0,14.213,1,0.07,0.086,0,0,0,0,1.811,14.213,0.811
2.45,normal,0,0,0,34,20.3,20,2800,12,1.81,71.429,9,11,0,14.213,1,0.099,0.053,0,0,0,0,1.81,14.213,0.81
2.458,normal,0,0,0,34,20.417,20,2800,12,1.808,71.434,9,11,0,14.213,1,0.11,0.088,0,0,0,0,1.81,14.213,0.81
2.467,normal,0,0,0,34,20.533,20,2800,12,1.81,71.414,9,11,0,14.213,1,0.095,0.071,0,0,0,0,1.809,14.213,0.809
2.475,normal,0,0,0,34,20.65,20,2800,12,1.811,71.404,9,11,0,14.213,1,0.082,0.056,0,0,0,0,1.809,14.213,0.809
2.483,normal,0,0,0,34,20.767,20,2800,12,1.808,71.313,9,11,0,14.213,1,0.064,0.057,0,0,0,0,1.809,14.213,0.809
2.492,normal,0,0,0,34,20.883,20,2800,12,1.809,71.204,9,11,0,14.213,1,0.092,0.083,0,0,0,0,1.808,14.213,0.808
2.5,normal,0,0,0,34,21,20,2800,12,1.805,71.386,9,11,0,14.213,1,0.078,0.078,0,0,0,0,1.808,14.213,0.808
2.508,normal,0,0,0,34,21.117,20,2800,12,1.808,71.163,9,11,0,14.213,1,0.072,0.07,0,0,0,0,1.808,14.213,0.808
2.517,normal,0,0,0,34,21.233,20,2800,12,1.804,71.317,9,11,0,14.213,1,0.088,0.09,0,0,0,0,1.807,14.213,0.807
2.525,normal,0,0,0,34,21.35,20,2800,12,1.803,71.172,9,11,0,14.213,1,0.095,0.083,0,0,0,0,1.807,14.213,0.807
2.533,normal,0,0,0,34,21.467,20,2800,12,1.805,71.258,9,11,0,14.213,1,0.091,0.059,0,0,0,0,1.806,14.213,0.806
2.542,normal,0,0,0,34,21.583,20,2800,12,1.808,71.167,9,11,0,14.213,1,0.083,0.055,0,0,0,0,1.806,14.213,0.806
2.55,normal,0,0,0,34,21.7,20,2800,12,1.808,71.165,9,11,0,14.213,1,0.069,0.082,0,0,0,0,1.806,14.213,0.806
2.558,normal,0,0,0,34,21.817,20,2800,12,1.805,71.345,9,11,0,14.213,1,0.097,0.06,0,0,0,0,1.805,14.213,0.805
2.567,normal,0,0,0,34,21.933,20,2800,12,1.805,71.251,9,11,0,14.213,1,0.084,0.076,0,0,0,0,1.805,14.213,0.805
2.575,normal,0,0,0,34,22.05,20,2800,12,1.801,71.397,9,11,0,14.213,1,0.064,0.053,0,0,0,0,1.804,14.213,0.804
2.583,normal,0,0,0,34,22.167,20,2800,12,1.805,71.376,9,11,0,14.213,1,0.104,0.069,0,0,0,0,1.804,14.213,0.804
2.592,normal,0,0,0,34,22.283,20,2800,12,1.801,71.275,9,11,0,14.213,1,0.074,0.062,0,0,0,0,1.804,14.213,0.804
2.6,intervention,0,0,0,34,22.283,20,2800,12,1.807,71.402,9,11,0,14.213,0,0.067,0.057,0,0,0,0,1.803,14.213,0.803
2.608,intervention,0,0,0,34,22.283,20,2800,12,1.803,71.299,9,11,0,14.213,0,0.085,0.053,0,0,0,0,1.803,14.213,0.803
2.617,intervention,0,0,0,34,22.283,20,2800,12,1.802,71.332,9,11,0,14.213,0,0.076,0.058,0,0,0,0,1.803,14.213,0.803
2.625,intervention,0,0,0,34,22.283,20,2800,12,1.801,71.332,9,11,0,14.213,0,0.063,0.061,0,0,0,0,1.802,14.213,0.802
2.633,intervention,0,0,0,34,22.283,20,2800,12,1.806,71.259,9,11,0,14.213,0,0.065,0.051,0,0,0,0,1.802,14.213,0.802
2.642,intervention,0,0,0,34,22.283,20,2800,12,1.807,71.459,9,11,0,14.213,0,0.099,0.076,0,0,0,0,1.801,14.213,0.801
2.65,intervention,0,0,0,34,22.283,20,2800,12,1.8,71.344,9,11,0,14.213,0,0.09,0.073,0,0,0,0,1.801,14.213,0.801
2.658,intervention,0,0,0,34,22.283,20,2800,12,1.8,71.355,9,11,0,14.213,0,0.063,0.085,0,0,0,0,1.801,14.213,0.801
2.667,intervention,0,0,0,34,22.283,20,2800,12,1.803,71.352,9,11,0,14.213,0,0.086,0.06,0,0,0,0,1.8,14.213,0.8
2.675,intervention,0,0,0,34,22.283,20,2800,12,1.803,71.33,9,11,0,14.213,0,0.087,0.086,0,0,0,0,1.8,14.213,0.8
2.683,intervention,0,0,0,34,22.283,20,2800,12,1.803,71.464,9,11,0,14.213,0,0.109,0.071,0,0,0,0,1.8,14.213,0.8
2.692,intervention,0,0,0,34,22.283,20,2800,12,1.804,71.226,9,11,0,14.213,0,0.101,0.084,0,0,0,0,1.799,14.213,0.799
2.7,intervention,0,0,0,34,22.283,20,2800,12,1.801,71.436,9,11,0,14.213,0,0.081,0.055,0,0,0,0,1.799,14.213,0.799
2.708,intervention,0,0,0,34,22.283,20,2800,12,1.8,71.195,9,11,0,14.213,0,0.098,0.053,0,0,0,0,1.798,14.213,0.798
2.717,intervention,0,0,0,34,22.283,20,2800,12,1.806,71.457,9,11,0,14.213,0,0.068,0.059,0,0,0,0,1.798,14.213,0.798
2.725,intervention,0,0,0,34,22.283,20,2800,12,1.805,71.458,9,11,0,14.213,0,0.064,0.088,0,0,0,0,1.798,14.213,0.798
2.733,intervention,0,0,0,34,22.283,20,2800,12,1.8,71.452,9,11,0,14.213,0,0.079,0.077,0,0,0,0,1.797,14.213,0.797
2.742,intervention,0,0,0,34,22.283,20,2800,12,1.806,71.241,9,11,0,14.213,0,0.092,0.051,0,0,0,0,1.797,14.213,0.797
2.75,intervention,0,0,0,34,22.283,20,2800,12,1.807,71.325,9,11,0,14.213,0,0.068,0.065,0,0,0,0,1.796,14.213,0.796
2.758,intervention,0,0,0,34,22.283,20,2800,12,1.807,71.22,9,11,0,14.213,0,0.092,0.077,0,0,0,0,1.796,14.213,0.796
2.767,intervention,0,0,0,34,22.283,20,2800,12,1.803,71.213,9,11,0,14.213,0,0.102,0.072,0,0,0,0,1.796,14.213,0.796
2.775,intervention,0,0,0,34,22.283,20,2800,12,1.807,71.459,9,11,0,14.213,0,0.061,0.082,0,0,0,0,1.795,14.213,0.795
2.783,intervention,0,0,0,34,22.283,20,2800,12,1.806,71.259,9,11,0,14.213,0,0.064,0.076,0,0,0,0,1.795,14.213,0.795
2.792,intervention,0,0,0,34,22.283,20,2800,12,1.8,71.477,9,11,0,14.213,0,0.097,0.054,0,0,0,0,1.795,14.213,0.795
2.8,intervention,0,0,0,34,22.283,20,2800,12,1.804,71.391,9,11,0,14.213,0,0.094,0.052,0,0,0,0,1.794,14.213,0.794
2.808,intervention,0,0,0,34,22.283,20,2800,12,1.802,71.285,9,11,0,14.213,0,0.063,0.083,0,0,0,0,1.794,14.213,0.794
2.817,intervention,0,0,0,34,22.283,20,2800,12,1.8,71.23,9,11,0,14.213,0,0.089,0.087,0,0,0,0,1.793,14.213,0.793
2.825,intervention,0,0,0,34,22.283,20,2800,12,1.806,71.445,9,11,0,14.213,0,0.074,0.083,0,0,0,0,1.793,14.213,0.793
2.833,intervention,0,0,0,34,22.283,20,2800,12,1.807,71.314,9,11,0,14.213,0,0.071,0.074,0,0,0,0,1.793,14.213,0.793
2.842,intervention,0,0,0,34,22.283,20,2800,12,1.802,71.256,9,11,0,14.213,0,0.073,0.059,0,0,0,0,1.792,14.213,0.792
2.85,intervention,0,0,0,34,22.283,20,2800,12,1.803,71.289,9,11,0,14.213,0,0.064,0.079,0,0,0,0,1.792,14.213,0.792
2.858,intervention,0,0,0,34,22.283,20,2800,12,1.802,71.416,9,11,0,14.213,0,0.093,0.069,0,0,0,0,1.792,14.213,0.792
2.867,intervention,0,0,0,34,22.283,20,2800,12,1.801,71.364,9,11,0,14.213,0,0.066,0.079,0,0,0,0,1.791,14.213,0.791
2.875,intervention,0,0,0,34,22.283,20,2800,12,1.805,71.201,9,11,0,14.213,0,0.086,0.051,0,0,0,0,1.791,14.213,0.791
2.883,intervention,0,0,0,34,22.283,20,2800,12,1.804,71.211,9,11,0,14.213,0,0.091,0.064,0,0,0,0,1.79,14.213,0.79
2.892,intervention,0,0,0,34,22.283,20,2800,12,1.802,71.393,9,11,0,14.213,0,0.09,0.056,0,0,0,0,1.79,14.213,0.79
2.9,intervention,0,0,0,34,22.283,20,2800,12,1.8,71.36,9,11,0,14.213,0,0.064,0.065,0,0,0,0,1.79,14.213,0.79
2.908,intervention,0,0,0,34,22.283,20,2800,12,1.8,71.238,9,11,0,14.213,0,0.068,0.064,0,0,0,0,1.789,14.213,0.789
2.917,intervention,0,0,0,34,22.283,20,2800,12,1.804,71.352,9,11,0,14.213,0,0.103,0.054,0,0,0,0,1.789,14.213,0.789
2.925,intervention,0,0,0,34,22.283,20,2800,12,1.8,71.293,9,11,0,14.213,0,0.087,0.051,0,0,0,0,1.788,14.213,0.788
2.933,intervention,0,0,0,34,22.283,20,2800,12,1.807,71.327,9,11,0,14.213,0,0.087,0.056,0,0,0,0,1.788,14.213,0.788
2.942,intervention,0,0,0,34,22.283,20,2800,12,1.8,71.462,9,11,0,14.213,0,0.107,0.067,0,0,0,0,1.788,14.213,0.788
2.95,intervention,0,0,0,34,22.283,20,2800,12,1.805,71.317,9,11,0,14.213,0,0.1,0.05,0,0,0,0,1.787,14.213,0.787
2.958,intervention,0,0,0,34,22.283,20,2800,12,1.807,71.342,9,11,0,14.213,0,0.083,0.051,0,0,0,0,1.787,14.213,0.787
2.967,intervention,0,0,0,34,22.283,20,2800,12,1.802,71.466,9,11,0,14.213,0,0.083,0.062,0,0,0,0,1.787,14.213,0.787
2.975,intervention,0,0,0,34,22.283,20,2800,12,1.805,71.401,9,11,0,14.213,0,0.101,0.071,0,0,0,0,1.786,14.213,0.786
2.983,intervention,0,0,0,34,22.283,20,2800,12,1.807,71.365,9,11,0,14.213,0,0.088,0.071,0,0,0,0,1.786,14.213,0.786
2.992,intervention,0,0,0,34,22.283,20,2800,12,1.8,71.489,9,11,0,14.213,0,0.084,0.056,0,0,0,0,1.785,14.213,0.785
3,intervention,0,0,0,34,22.283,20,2800,12,1.801,71.44,9,11,0,14.213,0,0.093,0.076,0,0,0,0,1.785,14.213,0.785
3.008,intervention,0,0,0,34,22.283,20,2800,12,1.805,71.271,9,11,0,14.213,0,0.099,0.07,0,0,0,0,1.785,14.213,0.785
3.017,intervention,0,0,0,34,22.283,20,2800,12,1.803,71.214,9,11,0,14.213,0,0.082,0.052,0,0,0,0,1.784,14.213,0.784
3.025,intervention,0,0,0,34,22.283,20,2800,12,1.807,71.479,9,11,0,14.213,0,0.072,0.061,0,0,0,0,1.784,14.213,0.784
3.033,intervention,0,0,0,34,22.283,20,2800,12,1.805,71.259,9,11,0,14.213,0,0.07,0.086,0,0,0,0,1.784,14.213,0.784
3.042,intervention,0,0,0,34,22.283,20,2800,12,1.806,71.326,9,11,0,14.213,0,0.096,0.088,0,0,0,0,1.783,14.213,0.783
3.05,intervention,0,0,0,34,22.283,20,2800,12,1.805,71.444,9,11,0,14.213,0,0.098,0.059,0,0,0,0,1.783,14.213,0.783
3.058,intervention,0,0,0,34,22.283,20,2800,12,1.808,71.452,9,11,0,14.213,0,0.072,0.063,0,0,0,0,1.782,14.213,0.782
3.067,intervention,0,0,0,34,22.283,20,2800,12,1.805,71.466,9,11,0,14.213,0,0.067,0.056,0,0,0,0,1.782,14.213,0.782
3.075,intervention,0,0,0,34,22.283,20,2800,12,1.805,71.224,9,11,0,14.213,0,0.102,0.082,0,0,0,0,1.782,14.213,0.782
3.083,intervention,0,0,0,34,22.283,20,2800,12,1.804,71.359,9,11,0,14.213,0,0.072,0.062,0,0,0,0,1.781,14.213,0.781
3.092,intervention,0,0,0,34,22.283,20,2800,12,1.8,71.259,9,11,0,14.213,0,0.065,0.081,0,0,0,0,1.781,14.213,0.781
3.1,intervention,0,0,0,34,22.283,20,2800,12,1.803,71.451,9,11,0,14.213,0,0.104,0.052,0,0,0,0,1.78,14.213,0.78
3.108,intervention,0,0,0,34,22.283,20,2800,12,1.802,71.441,9,11,0,14.213,0,0.097,0.053,0,0,0,0,1.78,14.213,0.78
3.117,intervention,0,0,0,34,22.283,20,2800,12,1.806,71.255,9,11,0,14.213,0,0.091,0.083,0,0,0,0,1.78,14.213,0.78
3.125,intervention,0,0,0,34,22.283,20,2800,12,1.805,71.429,9,11,0,14.213,0,0.07,0.06,0,0,0,0,1.779,14.213,0.779
3.133,intervention,0,0,0,34,22.283,20,2800,12,1.808,71.403,9,11,0,14.213,0,0.108,0.086,0,0,0,0,1.779,14.213,0.779
3.142,intervention,0,0,0,34,22.283,20,2800,12,1.802,71.461,9,11,0,14.213,0,0.075,0.065,0,0,0,0,1.779,14.213,0.779
3.15,intervention,0,0,0,34,22.283,20,2800,12,1.804,71.431,9,11,0,14.213,0,0.102,0.068,0,0,0,0,1.778,14.213,0.778
3.158,intervention,0,0,0,34,22.283,20,2800,12,1.803,71.233,9,11,0,14.213,0,0.078,0.07,0,0,0,0,1.778,14.213,0.778
3.167,intervention,0,0,0,34,22.283,20,2800,12,1.806,71.408,9,11,0,14.213,0,0.061,0.069,0,0,0,0,1.777,14.213,0.777
3.175,intervention,0,0,0,34,22.283,20,2800,12,1.8,71.357,9,11,0,14.213,0,0.095,0.081,0,0,0,0,1.777,14.213,0.777
3.183,intervention,0,0,0,34,22.283,20,2800,12,1.804,71.405,9,11,0,14.213,0,0.072,0.055,0,0,0,0,1.777,14.213,0.777
3.192,intervention,0,0,0,34,22.283,20,2800,12,1.807,71.461,9,11,0,14.213,0,0.062,0.073,0,0,0,0,1.776,14.213,0.776
3.2,intervention,0,0,0,34,22.283,20,2800,12,1.8,71.282,9,11,0,14.213,0,0.105,0.078,0,0,0,0,1.776,14.213,0.776
3.208,intervention,0,0,0,34,22.283,20,2800,12,1.8,71.256,9,11,0,14.213,0,0.102,0.072,0,0,0,0,1.776,14.213,0.776
3.217,intervention,0,0,0,34,22.283,20,2800,12,1.804,71.456,9,11,0,14.213,0,0.107,0.081,0,0,0,0,1.775,14.213,0.775
3.225,intervention,0,0,0,34,22.283,20,2800,12,1.801,71.326,9,11,0,14.213,0,0.108,0.089,0,0,0,0,1.775,14.213,0.775
3.233,intervention,0,0,0,34,22.283,20,2800,12,1.801,71.245,9,11,0,14.213,0,0.073,0.054,0,0,0,0,1.774,14.213,0.774
3.242,intervention,0,0,0,34,22.283,20,2800,12,1.805,71.265,9,11,0,14.213,0,0.076,0.061,0,0,0,0,1.774,14.213,0.774
3.25,intervention,0,0,0,34,22.283,20,2800,12,1.808,71.343,9,11,0,14.213,0,0.085,0.07,0,0,0,0,1.774,14.213,0.774
3.258,intervention,0,0,0,34,22.283,20,2800,12,1.8,71.29,9,11,0,14.213,0,0.1,0.053,0,0,0,0,1.773,14.213,0.773
3.267,intervention,0,0,0,34,22.283,20,2800,12,1.803,71.26,9,11,0,14.213,0,0.105,0.056,0,0,0,0,1.773,14.213,0.773
3.275,intervention,0,0,0,34,22.283,20,2800,12,1.804,71.337,9,11,0,14.213,0,0.099,0.056,0,0,0,0,1.772,14.213,0.772
3.283,intervention,0,0,0,34,22.283,20,2800,12,1.807,71.465,9,11,0,14.213,0,0.089,0.089,0,0,0,0,1.772,14.213,0.772
3.292,intervention,0,0,0,34,22.283,20,2800,12,1.8,71.26,9,11,0,14.213,0,0.087,0.057,0,0,0,0,1.772,14.213,0.772
3.3,intervention,0,0,0,34,22.283,20,2800,12,1.805,71.277,9,11,0,14.213,0,0.076,0.062,0,0,0,0,1.771,14.213,0.771
3.308,intervention,0,0,0,34,22.283,20,2800,12,1.803,71.439,9,11,0,14.213,0,0.071,0.067,0,0,0,0,1.771,14.213,0.771
3.317,intervention,0,0,0,34,22.283,20,2800,12,1.801,71.402,9,11,0,14.213,0,0.06,0.065,0,0,0,0,1.771,14.213,0.771
3.325,intervention,0,0,0,34,22.283,20,2800,12,1.801,71.358,9,11,0,14.213,0,0.073,0.069,0,0,0,0,1.77,14.213,0.77
3.333,intervention,0,0,0,34,22.283,20,2800,12,1.803,71.287,9,11,0,14.213,0,0.098,0.069,0,0,0,0,1.77,14.213,0.77
3.342,intervention,0,0,0,34,22.283,20,2800,12,1.802,71.26,9,11,0,14.213,0,0.107,0.083,0,0,0,0,1.769,14.213,0.769
3.35,intervention,0,0,0,34,22.283,20,2800,12,1.805,71.494,9,11,0,14.213,0,0.09,0.06,0,0,0,0,1.769,14.213,0.769
3.358,intervention,0,0,0,34,22.283,20,2800,12,1.803,71.493,9,11,0,14.213,0,0.075,0.051,0,0,0,0,1.769,14.213,0.769
3.367,intervention,0,0,0,34,22.283,20,2800,12,1.802,71.471,9,11,0,14.213,0,0.072,0.071,0,0,0,0,1.768,14.213,0.768
3.375,intervention,0,0,0,34,22.283,20,2800,12,1.805,71.275,9,11,0,14.213,0,0.061,0.068,0,0,0,0,1.768,14.213,0.768
3.383,intervention,0,0,0,34,22.283,20,2800,12,1.803,71.343,9,11,0,14.213,0,0.09,0.079,0,0,0,0,1.768,14.213,0.768
3.392,intervention,0,0,0,34,22.283,20,2800,12,1.801,71.291,9,11,0,14.213,0,0.061,0.082,0,0,0,0,1.767,14.213,0.767
3.4,intervention,0,0,0,34,22.283,20,2800,12,1.803,71.538,9,11,0,14.213,0,0.06,0.05,0,0,0,0,1.767,14.213,0.767
3.408,intervention,0,0,0,34,22.283,20,2800,12,1.804,71.437,9,11,0,14.213,0,0.079,0.053,0,0,0,0,1.766,14.213,0.766
3.417,intervention,0,0,0,34,22.283,20,2800,12,1.802,71.278,9,11,0,14.213,0,0.078,0.084,0,0,0,0,1.766,14.213,0.766
3.425,intervention,0,0,0,34,22.283,20,2800,12,1.804,71.277,9,11,0,14.213,0,0.076,0.065,0,0,0,0,1.766,14.213,0.766
3.433,intervention,0,0,0,34,22.283,20,2800,12,1.804,71.299,9,11,0,14.213,0,0.083,0.063,0,0,0,0,1.765,14.213,0.765
3.442,intervention,0,0,0,34,22.283,20,2800,12,1.807,71.399,9,11,0,14.213,0,0.079,0.078,0,0,0,0,1.765,14.213,0.765
3.45,intervention,0,0,0,34,22.283,20,2800,12,1.802,71.549,9,11,0,14.213,0,0.105,0.053,0,0,0,0,1.765,14.213,0.765
3.458,intervention,0,0,0,34,22.283,20,2800,12,1.802,71.319,9,11,0,14.213,0,0.094,0.058,0,0,0,0,1.764,14.213,0.764
3.467,intervention,0,0,0,34,22.283,20,2800,12,1.803,71.49,9,11,0,14.213,0,0.101,0.088,0,0,0,0,1.764,14.213,0.764
3.475,intervention,0,0,0,34,22.283,20,2800,12,1.801,71.444,9,11,0,14.213,0,0.068,0.068,0,0,0,0,1.763,14.213,0.763
3.483,intervention,0,0,0,34,22.283,20,2800,12,1.803,71.341,9,11,0,14.213,0,0.094,0.082,0,0,0,0,1.763,14.213,0.763
3.492,intervention,0,0,0,34,22.283,20,2800,12,1.803,71.387,9,11,0,14.213,0,0.079,0.051,0,0,0,0,1.763,14.213,0.763
3.5,intervention,0,0,0,34,22.283,20,2800,12,1.807,71.395,9,11,0,14.213,0,0.099,0.08,0,0,0,0,1.762,14.213,0.762
3.508,intervention,0,0,0,34,22.283,20,2800,12,1.806,71.336,9,11,0,14.213,0,0.073,0.069,0,0,0,-0.183,1.759,14.213,0.759
3.517,intervention,0,0,0,34,22.283,20,2800,12,1.805,71.286,9,11,0,14.213,0,0.062,0.061,0,0,0,-0.367,1.756,14.213,0.756
3.525,intervention,0,0,0,34,22.283,20,2800,12,1.803,71.46,9,11,0,14.213,0,0.061,0.079,0,0,0,-0.55,1.753,14.213,0.753
3.533,intervention,0,0,0,34,22.283,20,2800,12,1.806,71.523,9,11,0,14.213,0,0.082,0.064,0,0,0,-0.733,1.751,14.213,0.751
3.542,intervention,0,0,0,34,22.283,20,2800,12,1.807,71.526,9,11,0,14.213,0,0.084,0.056,0,0,0,-0.917,1.748,14.213,0.748
3.55,intervention,0,0,0,34,22.283,20,2800,12,1.8,71.469,9,11,0,14.213,0,0.089,0.055,0,0,0,-1.1,1.745,14.213,0.745
3.558,intervention,0,0,0,34,22.283,20,2800,12,1.804,71.526,9,11,0,14.213,0,0.062,0.071,0,0,0,-1.283,1.742,14.213,0.742
3.567,intervention,0,0,0,34,22.283,20,2800,12,1.805,71.391,9,11,0,14.213,0,0.066,0.069,0,0,0,-1.467,1.739,14.213,0.739
3.575,intervention,0,0,0,34,22.283,20,2800,12,1.801,71.55,9,11,0,14.213,0,0.063,0.081,0,0,0,-1.65,1.736,14.213,0.736
3.583,intervention,0,0,0,34,22.283,20,2800,12,1.803,71.296,9,11,0,14.213,0,0.092,0.084,0,0,0,-1.833,1.733,14.213,0.733
3.592,intervention,0,0,0,34,22.283,20,2800,12,1.807,71.393,9,11,0,14.213,0,0.094,0.073,0,0,0,-2.017,1.73,14.213,0.73
3.6,intervention,0,0,0,34,22.283,20,2800,12,1.806,71.479,9,11,0,14.213,0,0.089,0.073,0,0,0,-2.2,1.727,14.213,0.727
3.608,intervention,0,0,0,34,22.283,20,2800,12,1.807,71.502,9,11,0,14.213,0,0.07,0.074,0,0,0,-2.383,1.724,14.213,0.724
3.617,intervention,0,0,0,34,22.283,20,2800,12,1.8,71.582,9,11,0,14.213,0,0.06,0.056,0,0,0,-2.567,1.721,14.213,0.721
3.625,intervention,0,0,0,34,22.283,20,2800,12,1.806,71.312,9,11,0,14.213,0,0.079,0.055,0,0,0,-2.75,1.718,14.213,0.718
3.633,intervention,0,0,0,34,22.283,20,2800,12,1.802,71.482,9,11,0,14.213,0,0.11,0.077,0,0,0,-2.933,1.715,14.213,0.715
3.642,intervention,0,0,0,34,22.283,20,2800,12,1.801,71.294,9,11,0,14.213,0,0.061,0.083,0,0,0,-3.117,1.712,14.213,0.712
3.65,intervention,0,0,0,34,22.283,20,2800,12,1.803,71.289,9,11,0,14.213,0,0.087,0.071,0,0,0,-3.3,1.709,14.213,0.709
3.658,intervention,0,0,0,34,22.283,20,2800,12,1.802,71.472,9,11,0,14.213,0,0.094,0.06,0,0,0,-3.483,1.706,14.213,0.706
3.667,intervention,0,0,0,34,22.283,20,2800,12,1.807,71.399,9,11,0,14.213,0,0.077,0.084,0,0,0,-3.667,1.703,14.213,0.703
3.675,intervention,0,0,0,34,22.283,20,2800,12,1.803,71.588,9,11,0,14.213,0,0.064,0.07,0,0,0,-3.85,1.7,14.213,0.7
3.683,intervention,0,0,0,34,22.283,20,2800,12,1.805,71.293,9,11,0,14.213,0,0.089,0.089,0,0,0,-4.033,1.697,14.213,0.697
3.692,intervention,0,0,0,34,22.283,20,2800,12,1.807,71.464,9,11,0,14.213,0,0.105,0.059,0,0,0,-4.217,1.694,14.213,0.694
3.7,intervention,0,0,0,34,22.283,20,2800,12,1.804,71.563,9,11,0,14.213,0,0.079,0.082,0,0,0,-4.4,1.691,14.213,0.691
3.708,intervention,0,0,0,34,22.283,20,2800,12,1.805,71.306,9,11,0,14.213,0,0.079,0.075,0,0,0,-4.583,1.688,14.213,0.688
3.717,intervention,0,0,0,34,22.283,20,2800,12,1.805,71.31,9,11,0,14.213,0,0.064,0.089,0,0,0,-4.767,1.685,14.213,0.685
3.725,intervention,0,0,0,34,22.283,20,2800,12,1.8,71.477,9,11,0,14.213,0,0.1,0.055,0,0,0,-4.95,1.682,14.213,0.682
3.733,intervention,0,0,0,34,22.283,20,2800,12,1.804,71.407,9,11,0,14.213,0,0.076,0.065,0,0,0,-5.133,1.679,14.213,0.679
3.742,intervention,0,0,0,34,22.283,20,2800,12,1.806,71.521,9,11,0,14.213,0,0.109,0.078,0,0,0,-5.317,1.676,14.213,0.676
3.75,intervention,0,0,0,34,22.283,20,2800,12,1.805,71.581,9,11,0,14.213,0,0.061,0.079,0,0,0,-5.5,1.673,14.213,0.673
3.758,intervention,0,0,0,34,22.283,20,2800,12,1.806,71.587,9,11,0,14.213,0,0.061,0.06,0,0,0,-5.683,1.67,14.213,0.67
3.767,intervention,0,0,0,34,22.283,20,2800,12,1.804,71.342,9,11,0,14.213,0,0.082,0.077,0,0,0,-5.867,1.667,14.213,0.667
3.775,intervention,0,0,0,34,22.283,20,2800,12,1.804,71.305,9,11,0,14.213,0,0.077,0.064,0,0,0,-6.05,1.664,14.213,0.664
3.783,intervention,0,0,0,34,22.283,20,2800,12,1.804,71.402,9,11,0,14.213,0,0.096,0.085,0,0,0,-6.233,1.66,14.213,0.66
3.792,intervention,0,0,0,34,22.283,20,2800,12,1.806,71.312,9,11,0,14.213,0,0.063,0.064,0,0,0,-6.417,1.657,14.213,0.657
3.8,intervention,0,0,0,34,22.283,20,2800,12,1.801,71.58,9,11,0,14.213,0,0.104,0.079,0,0,0,-6.6,1.654,14.213,0.654
3.808,intervention,0,0,0,34,22.283,20,2800,12,1.805,71.499,9,11,0,14.213,0,0.086,0.09,0,0,0,-6.783,1.651,14.213,0.651
3.817,intervention,0,0,0,34,22.283,20,2800,12,1.805,71.421,9,11,0,14.213,0,0.108,0.06,0,0,0,-6.967,1.648,14.213,0.648
3.825,intervention,0,0,0,34,22.283,20,2800,12,1.8,71.452,9,11,0,14.213,0,0.078,0.066,0,0,0,-7.15,1.645,14.213,0.645
3.833,intervention,0,0,0,34,22.283,20,2800,12,1.806,71.487,9,11,0,14.213,0,0.084,0.068,0,0,0,-7.333,1.642,14.213,0.642
3.842,intervention,0,0,0,34,22.283,20,2800,12,1.807,71.489,9,11,0,14.213,0,0.068,0.063,0,0,0,-7.517,1.639,14.213,0.639
3.85,intervention,0,0,0,34,22.283,20,2800,12,1.801,71.493,9,11,0,14.213,0,0.104,0.061,0,0,0,-7.7,1.636,14.213,0.636
3.858,intervention,0,0,0,34,22.283,20,2800,12,1.8,71.6,9,11,0,14.213,0,0.09,0.074,0,0,0,-7.883,1.633,14.213,0.633
3.867,intervention,0,0,0,34,22.283,20,2800,12,1.806,71.478,9,11,0,14.213,0,0.072,0.082,0,0,0,-8.067,1.629,14.213,0.629
3.875,intervention,0,0,0,34,22.283,20,2800,12,1.801,71.522,9,11,0,14.213,0,0.066,0.055,0,0,0,-8.25,1.626,14.213,0.626
3.883,intervention,0,0,0,34,22.283,20,2800,12,1.8,71.549,9,11,0,14.213,0,0.1,0.067,0,0,0,-8.433,1.623,14.213,0.623
3.892,intervention,0,0,0,34,22.283,20,2800,12,1.802,71.586,9,11,0,14.213,0,0.109,0.074,0,0,0,-8.617,1.62,14.213,0.62
3.9,intervention,0,0,0,34,22.283,20,2800,12,1.8,71.321,9,11,0,14.213,0,0.08,0.06,0,0,0,-8.8,1.617,14.213,0.617
3.908,intervention,0,0,0,34,22.283,20,2800,12,1.807,71.334,9,11,0,14.213,0,0.095,0.061,0,0,0,-8.983,1.614,14.213,0.614
3.917,intervention,0,0,0,34,22.283,20,2800,12,1.804,71.505,9,11,0,14.213,0,0.073,0.077,0,0,0,-9.167,1.611,14.213,0.611
3.925,intervention,0,0,0,34,22.283,20,2800,12,1.802,71.327,9,11,0,14.213,0,0.066,0.066,0,0,0,-9.35,1.607,14.213,0.607
3.933,intervention,0,0,0,34,22.283,20,2800,12,1.808,71.43,9,11,0,14.213,0,0.105,0.07,0,0,0,-9.533,1.604,14.213,0.604
3.942,intervention,0,0,0,34,22.283,20,2800,12,1.802,71.583,9,11,0,14.213,0,0.064,0.069,0,0,0,-9.717,1.601,14.213,0.601
3.95,intervention,0,0,0,34,22.283,20,2800,12,1.806,71.612,9,11,0,14.213,0,0.097,0.065,0,0,0,-9.9,1.598,14.213,0.598
3.958,intervention,0,0,0,34,22.283,20,2800,12,1.806,71.565,9,11,0,14.213,0,0.062,0.086,0,0,0,-10.083,1.595,14.213,0.595
3.967,intervention,0,0,0,34,22.283,20,2800,12,1.802,71.553,9,11,0,14.213,0,0.095,0.085,0,0,0,-10.267,1.592,14.213,0.592
3.975,intervention,0,0,0,34,22.283,20,2800,12,1.807,71.331,9,11,0,14.213,0,0.072,0.067,0,0,0,-10.45,1.588,14.213,0.588
3.983,intervention,0,0,0,34,22.283,20,2800,12,1.801,71.545,9,11,0,14.213,0,0.085,0.058,0,0,0,-10.633,1.585,14.213,0.585
3.992,intervention,0,0,0,34,22.283,20,2800,12,1.8,71.451,9,11,0,14.213,0,0.086,0.055,0,0,0,-10.817,1.582,14.213,0.582
4,intervention,0,0,0,34,22.283,20,2800,12,1.801,71.608,9,11,0,14.213,0,0.108,0.08,0,0,0,-11,1.579,14.213,0.579
4.008,intervention,0,0,0,34,22.283,20,2800,12,1.803,71.429,9,11,0,14.213,0,0.086,0.087,0,0,0,-11.183,1.576,14.213,0.576
4.017,intervention,0,0,0,34,22.283,20,2800,12,1.807,71.618,9,11,0,14.213,0,0.072,0.079,0,0,0,-11.367,1.572,14.213,0.572
4.025,intervention,0,0,0,34,22.283,20,2800,12,1.806,71.51,9,11,0,14.213,0,0.064,0.084,0,0,0,-11.55,1.569,14.213,0.569
4.033,intervention,0,0,0,34,22.283,20,2800,12,1.801,71.336,9,11,0,14.213,0,0.061,0.052,0,0,0,-11.733,1.566,14.213,0.566
4.042,intervention,0,0,0,34,22.283,20,2800,12,1.806,71.406,9,11,0,14.213,0,0.098,0.072,0,0,0,-11.917,1.563,14.213,0.563
4.05,intervention,0,0,0,34,22.283,20,2800,12,1.804,71.606,9,11,0,14.213,0,0.066,0.051,0,0,0,-12.1,1.56,14.213,0.56
4.058,intervention,0,0,0,34,22.283,20,2800,12,1.806,71.574,9,11,0,14.213,0,0.071,0.052,0,0,0,-12.283,1.556,14.213,0.556
4.067,intervention,0,0,0,34,22.283,20,2800,12,1.807,71.488,9,11,0,14.213,0,0.063,0.09,0,0,0,-12.467,1.553,14.213,0.553
4.075,intervention,0,0,0,34,22.283,20,2800,12,1.807,71.512,9,11,0,14.213,0,0.072,0.071,0,0,0,-12.65,1.55,14.213,0.55
4.083,intervention,0,0,0,34,22.283,20,2800,12,1.801,71.4,9,11,0,14.213,0,0.078,0.065,0,0,0,-12.833,1.547,14.213,0.547
4.092,intervention,0,0,0,34,22.283,20,2800,12,1.802,71.395,9,11,0,14.213,0,0.089,0.074,0,0,0,-13.017,1.543,14.213,0.543
4.1,intervention,0,0,0,34,22.283,20,2800,12,1.808,71.378,9,11,0,14.213,0,0.069,0.051,0,0,0,-13.2,1.54,14.213,0.54
4.108,intervention,0,0,0,34,22.283,20,2800,12,1.803,71.491,9,11,0,14.213,0,0.078,0.056,0,0,0,-13.383,1.537,14.213,0.537
4.117,intervention,0,0,0,34,22.283,20,2800,12,1.807,71.635,9,11,0,14.213,0,0.103,0.057,0,0,0,-13.567,1.534,14.213,0.534
4.125,intervention,0,0,0,34,22.283,20,2800,12,1.804,71.636,9,11,0,14.213,0,0.07,0.086,0,0,0,-13.75,1.531,14.213,0.531
4.133,intervention,0,0,0,34,22.283,20,2800,12,1.802,71.58,9,11,0,14.213,0,0.093,0.058,0,0,0,-13.933,1.527,14.213,0.527
4.142,intervention,0,0,0,34,22.283,20,2800,12,1.801,71.465,9,11,0,14.213,0,0.08,0.078,0,0,0,-14.117,1.524,14.213,0.524
4.15,intervention,0,0,0,34,22.283,20,2800,12,1.804,71.529,9,11,0,14.213,0,0.064,0.061,0,0,0,-14.3,1.521,14.213,0.521
4.158,intervention,0,0,0,34,22.283,20,2800,12,1.804,71.5,9,11,0,14.213,0,0.088,0.063,0,0,0,-14.483,1.517,14.213,0.517
4.167,intervention,0,0,0,34,22.283,20,2800,12,1.8,71.578,9,11,0,14.213,0,0.068,0.085,0,0,0,-14.667,1.514,14.213,0.514
4.175,intervention,0,0,0,34,22.283,20,2800,12,1.8,71.427,9,11,0,14.213,0,0.109,0.065,0,0,0,-14.85,1.511,14.213,0.511
4.183,intervention,0,0,0,34,22.283,20,2800,12,1.804,71.476,9,11,0,14.213,0,0.067,0.062,0,0,0,-15.033,1.508,14.213,0.508
4.192,intervention,0,0,0,34,22.283,20,2800,12,1.801,71.459,9,11,0,14.213,0,0.063,0.076,0,0,0,-15.217,1.504,14.213,0.504
4.2,intervention,0,0,0,34,22.283,20,2800,12,1.804,71.485,9,11,0,14.213,0,0.106,0.076,0,0,0,-15.4,1.501,14.213,0.501
4.208,intervention,0,0,0,34,22.283,20,2800,12,1.806,71.429,9,11,0,14.213,0,0.108,0.061,0,0,0,-15.583,1.498,14.213,0.498
4.217,intervention,0,0,0,34,22.283,20,2800,12,1.804,71.642,9,11,0,14.213,0,0.1,0.087,0,0,0,-15.767,1.495,14.213,0.495
4.225,intervention,0,0,0,34,22.283,20,2800,12,1.804,71.406,9,11,0,14.213,0,0.105,0.065,0,0,0,-15.95,1.491,14.213,0.491
4.233,intervention,0,0,0,34,22.283,20,2800,12,1.804,71.487,9,11,0,14.213,0,0.099,0.055,0,0,0,-16.133,1.488,14.213,0.488
4.242,intervention,0,0,0,34,22.283,20,2800,12,1.804,71.45,9,11,0,14.213,0,0.085,0.078,0,0,0,-16.317,1.485,14.213,0.485
4.25,intervention,0,0,0,34,22.283,20,2800,12,1.805,71.402,9,11,0,14.213,0,0.067,0.053,0,0,0,-16.5,1.481,14.213,0.481
4.258,intervention,0,0,0,34,22.283,20,2800,12,1.803,71.529,9,11,0,14.213,0,0.093,0.067,0,0,0,-16.683,1.478,14.213,0.478
4.267,intervention,0,0,0,34,22.283,20,2800,12,1.801,71.528,9,11,0,14.213,0,0.072,0.083,0,0,0,-16.867,1.475,14.213,0.475
4.275,intervention,0,0,0,34,22.283,20,2800,12,1.806,71.434,9,11,0,14.213,0,0.07,0.078,0,0,0,-17.05,1.472,14.213,0.472
4.283,intervention,0,0,0,34,22.283,20,2800,12,1.803,71.561,9,11,0,14.213,0,0.097,0.063,0,0,0,-17.233,1.468,14.213,0.468
4.292,intervention,0,0,0,34,22.283,20,2800,12,1.805,71.578,9,11,0,14.213,0,0.061,0.086,0,0,0,-17.417,1.465,14.213,0.465
4.3,intervention,0,0,0,34,22.283,20,2800,12,1.806,71.484,9,11,0,14.213,0,0.093,0.079,0,0,0,-17.6,1.462,14.213,0.462
4.308,intervention,0,0,0,34,22.283,20,2800,12,1.8,71.537,9,11,0,14.213,0,0.061,0.073,0,0,0,-17.783,1.458,14.213,0.458
4.317,intervention,0,0,0,34,22.283,20,2800,12,1.808,71.453,9,11,0,14.213,0,0.095,0.069,0,0,0,-17.967,1.455,14.213,0.455
4.325,intervention,0,0,0,34,22.283,20,2800,12,1.804,71.38,9,11,0,14.213,0,0.064,0.055,0,0,0,-18.15,1.452,14.213,0.452
4.333,intervention,0,0,0,34,22.283,20,2800,12,1.808,71.455,9,11,0,14.213,0,0.099,0.054,0,0,0,-18.333,1.448,14.213,0.448
4.342,intervention,0,0,0,34,22.283,20,2800,12,1.802,71.606,9,11,0,14.213,0,0.075,0.086,0,0,0,-18.517,1.445,14.213,0.445
4.35,intervention,0,0,0,34,22.283,20,2800,12,1.806,71.513,9,11,0,14.213,0,0.087,0.069,0,0,0,-18.7,1.442,14.213,0.442
4.358,intervention,0,0,0,34,22.283,20,2800,12,1.802,71.509,9,11,0,14.213,0,0.065,0.073,0,0,0,-18.883,1.438,14.213,0.438
4.367,intervention,0,0,0,34,22.283,20,2800,12,1.802,71.598,9,11,0,14.213,0,0.086,0.055,0,0,0,-19.067,1.435,14.213,0.435
4.375,intervention,0,0,0,34,22.283,20,2800,12,1.803,71.507,9,11,0,14.213,0,0.079,0.08,0,0,0,-19.25,1.432,14.213,0.432
4.383,intervention,0,0,0,34,22.283,20,2800,12,1.807,71.646,9,11,0,14.213,0,0.097,0.064,0,0,0,-19.433,1.428,14.213,0.428
4.392,intervention,0,0,0,34,22.283,20,2800,12,1.807,71.664,9,11,0,14.213,0,0.077,0.062,0,0,0,-19.617,1.425,14.213,0.425
4.4,intervention,0,0,0,34,22.283,20,2800,12,1.802,71.587,9,11,0,14.213,0,0.07,0.065,0,0,0,-19.8,1.422,14.213,0.422
4.408,intervention,0,0,0,34,22.283,20,2800,12,1.803,71.613,9,11,0,14.213,0,0.069,0.06,0,0,0,-19.983,1.418,14.213,0.418
4.417,intervention,0,0,0,34,22.283,20,2800,12,1.801,71.53,9,11,0,14.213,0,0.104,0.057,0,0,0,-20.167,1.415,14.213,0.415
4.425,intervention,0,0,0,34,22.283,20,2800,12,1.805,71.505,9,11,0,14.213,0,0.077,0.078,0,0,0,-20.35,1.412,14.213,0.412
4.433,intervention,0,0,0,34,22.283,20,2800,12,1.807,71.434,9,11,0,14.213,0,0.062,0.051,0,0,0,-20.533,1.409,14.213,0.409
4.442,intervention,0,0,0,34,22.283,20,2800,12,1.803,71.49,9,11,0,14.213,0,0.08,0.051,0,0,0,-20.717,1.406,14.213,0.406
4.45,intervention,0,0,0,34,22.283,20,2800,12,1.807,71.387,9,11,0,14.213,0,0.084,0.068,0,0,0,-20.9,1.403,14.213,0.403
4.458,intervention,0,0,0,34,22.283,20,2800,12,1.803,71.67,9,11,0,14.213,0,0.091,0.055,0,0,0,-21.083,1.401,14.213,0.401
4.467,intervention,0,0,0,34,22.283,20,2800,12,1.804,71.579,9,11,0,14.213,0,0.066,0.052,0,0,0,-21.267,1.398,14.213,0.398
4.475,intervention,0,0,0,34,22.283,20,2800,12,1.801,71.573,9,11,0,14.213,0,0.105,0.072,0,0,0,-21.45,1.395,14.213,0.395
4.483,intervention,0,0,0,34,22.283,20,2800,12,1.802,71.664,9,11,0,14.213,0,0.086,0.079,0,0,0,-21.633,1.393,14.213,0.393
4.492,intervention,0,0,0,34,22.283,20,2800,12,1.802,71.667,9,11,0,14.213,0,0.105,0.078,0,0,0,-21.817,1.39,14.213,0.39
4.5,intervention,0,0,0,34,22.283,20,2800,12,1.8,71.399,9,11,0,14.213,0,0.062,0.075,0,0,0,-22,1.387,14.213,0.387
4.508,intervention,0,0,0,34,22.283,20,2800,12,1.806,71.535,9,11,0,14.213,0,0.065,0.062,0,0,0,-22.183,1.385,14.213,0.385
4.517,intervention,0,0,0,34,22.283,20,2800,12,1.807,71.692,9,11,0,14.213,0,0.085,0.079,0,0,0,-22.367,1.382,14.213,0.382
4.525,intervention,0,0,0,34,22.283,20,2800,12,1.807,71.675,9,11,0,14.213,0,0.107,0.076,0,0,0,-22.55,1.38,14.213,0.38
4.533,intervention,0,0,0,34,22.283,20,2800,12,1.801,71.635,9,11,0,14.213,0,0.105,0.078,0,0,0,-22.733,1.377,14.213,0.377
4.542,intervention,0,0,0,34,22.283,20,2800,12,1.807,71.564,9,11,0,14.213,0,0.106,0.056,0,0,0,-22.917,1.374,14.213,0.374
4.55,intervention,0,0,0,34,22.283,20,2800,12,1.806,71.488,9,11,0,14.213,0,0.071,0.079,0,0,0,-23.1,1.372,14.213,0.372
4.558,intervention,0,0,0,34,22.283,20,2800,12,1.8,71.587,9,11,0,14.213,0,0.086,0.076,0,0,0,-23.283,1.369,14.213,0.369
4.567,intervention,0,0,0,34,22.283,20,2800,12,1.8,71.412,9,11,0,14.213,0,0.098,0.055,0,0,0,-23.467,1.367,14.213,0.367
4.575,intervention,0,0,0,34,22.283,20,2800,12,1.802,71.553,9,11,0,14.213,0,0.06,0.079,0,0,0,-23.65,1.364,14.213,0.364
4.583,intervention,0,0,0,34,22.283,20,2800,12,1.806,71.412,9,11,0,14.213,0,0.103,0.054,0,0,0,-23.833,1.361,14.213,0.361
4.592,intervention,0,0,0,34,22.283,20,2800,12,1.808,71.61,9,11,0,14.213,0,0.109,0.066,0,0,0,-24.017,1.359,14.213,0.359
4.6,intervention,0,0,0,34,22.283,20,2800,12,1.801,71.613,9,11,0,14.213,0,0.102,0.075,0,0,0,-24.2,1.356,14.213,0.356
4.608,intervention,0,0,0,34,22.283,20,2800,12,1.802,71.685,9,11,0,14.213,0,0.105,0.068,0,0,0,-24.383,1.354,14.213,0.354
4.617,intervention,0,0,0,34,22.283,20,2800,12,1.804,71.591,9,11,0,14.213,0,0.076,0.071,0,0,0,-24.567,1.351,14.213,0.351
4.625,intervention,0,0,0,34,22.283,20,2800,12,1.8,71.67,9,11,0,14.213,0,0.1,0.068,0,0,0,-24.75,1.348,14.213,0.348
4.633,intervention,0,0,0,34,22.283,20,2800,12,1.804,71.49,9,11,0,14.213,0,0.067,0.055,0,0,0,-24.933,1.346,14.213,0.346
4.642,intervention,0,0,0,34,22.283,20,2800,12,1.806,71.484,9,11,0,14.213,0,0.065,0.077,0,0,0,-25.117,1.343,14.213,0.343
4.65,intervention,0,0,0,34,22.283,20,2800,12,1.802,71.545,9,11,0,14.213,0,0.095,0.051,0,0,0,-25.3,1.341,14.213,0.341
4.658,intervention,0,0,0,34,22.283,20,2800,12,1.8,71.65,9,11,0,14.213,0,0.063,0.075,0,0,0,-25.483,1.338,14.213,0.338
4.667,intervention,0,0,0,34,22.283,20,2800,12,1.804,71.647,9,11,0,14.213,0,0.102,0.054,0,0,0,-25.667,1.336,14.213,0.336
4.675,intervention,0,0,0,34,22.283,20,2800,12,1.804,71.699,9,11,0,14.213,0,0.101,0.075,0,0,0,-25.85,1.333,14.213,0.333
4.683,intervention,0,0,0,34,22.283,20,2800,12,1.806,71.68,9,11,0,14.213,0,0.075,0.061,0,0,0,-26.033,1.33,14.213,0.33
4.692,intervention,0,0,0,34,22.283,20,2800,12,1.807,71.678,9,11,0,14.213,0,0.1,0.065,0,0,0,-26.217,1.328,14.213,0.328
4.7,intervention,0,0,0,34,22.283,20,2800,12,1.806,71.641,9,11,0,14.213,0,0.104,0.062,0,0,0,-26.4,1.325,14.213,0.325
4.708,intervention,0,0,0,34,22.283,20,2800,12,1.801,71.644,9,11,0,14.213,0,0.093,0.065,0,0,0,-26.583,1.323,14.213,0.323
4.717,intervention,0,0,0,34,22.283,20,2800,12,1.804,71.542,9,11,0,14.213,0,0.071,0.081,0,0,0,-26.767,1.32,14.213,0.32
4.725,intervention,0,0,0,34,22.283,20,2800,12,1.802,71.443,9,11,0,14.213,0,0.087,0.087,0,0,0,-26.95,1.318,14.213,0.318
4.733,intervention,0,0,0,34,22.283,20,2800,12,1.803,71.681,9,11,0,14.213,0,0.06,0.052,0,0,0,-27.133,1.315,14.213,0.315
4.742,intervention,0,0,0,34,22.283,20,2800,12,1.805,71.448,9,11,0,14.213,0,0.081,0.078,0,0,0,-27.317,1.313,14.213,0.313
4.75,intervention,0,0,0,34,22.283,20,2800,12,1.803,71.611,9,11,0,14.213,0,0.078,0.055,0,0,0,-27.5,1.31,14.213,0.31
4.758,intervention,0,0,0,34,22.283,20,2800,12,1.801,71.535,9,11,0,14.213,0,0.089,0.063,0,0,0,-27.683,1.308,14.213,0.308
4.767,intervention,0,0,0,34,22.283,20,2800,12,1.8,71.533,9,11,0,14.213,0,0.068,0.061,0,0,0,-27.867,1.305,14.213,0.305
4.775,intervention,0,0,0,34,22.283,20,2800,12,1.808,71.59,9,11,0,14.213,0,0.067,0.068,0,0,0,-28.05,1.303,14.213,0.303
4.783,intervention,0,0,0,34,22.283,20,2800,12,1.807,71.524,9,11,0,14.213,0,0.064,0.054,0,0,0,-28.233,1.3,14.213,0.3
4.792,intervention,0,0,0,34,22.283,20,2800,12,1.807,71.526,9,11,0,14.213,0,0.089,0.051,0,0,0,-28.417,1.298,14.213,0.298
4.8,intervention,0,0,0,34,22.283,20,2800,12,1.802,71.599,9,11,0,14.213,0,0.071,0.072,0,0,0,-28.6,1.295,14.213,0.295
4.808,intervention,0,0,0,34,22.283,20,2800,12,1.802,71.502,9,11,0,14.213,0,0.108,0.051,0,0,0,-28.783,1.293,14.213,0.293
4.817,intervention,0,0,0,34,22.283,20,2800,12,1.803,71.64,9,11,0,14.213,0,0.073,0.074,0,0,0,-28.967,1.29,14.213,0.29
4.825,intervention,0,0,0,34,22.283,20,2800,12,1.802,71.517,9,11,0,14.213,0,0.071,0.087,0,0,0,-29.15,1.288,14.213,0.288
4.833,intervention,0,0,0,34,22.283,20,2800,12,1.804,71.678,9,11,0,14.213,0,0.069,0.068,0,0,0,-29.333,1.285,14.213,0.285
4.842,intervention,0,0,0,34,22.283,20,2800,12,1.802,71.602,9,11,0,14.213,0,0.097,0.069,0,0,0,-29.517,1.283,14.213,0.283
4.85,intervention,0,0,0,34,22.283,20,2800,12,1.805,71.498,9,11,0,14.213,0,0.063,0.052,0,0,0,-29.7,1.28,14.213,0.28
4.858,intervention,0,0,0,34,22.283,20,2800,12,1.801,71.574,9,11,0,14.213,0,0.074,0.077,0,0,0,-29.883,1.278,14.213,0.278
4.867,intervention,0,0,0,34,22.283,20,2800,12,1.801,71.507,9,11,0,14.213,0,0.106,0.087,0,0,0,-30.067,1.275,14.213,0.275
4.875,intervention,0,0,0,34,22.283,20,2800,12,1.808,71.654,9,11,0,14.213,0,0.069,0.061,0,0,0,-30.25,1.273,14.213,0.273
4.883,intervention,0,0,0,34,22.283,20,2800,12,1.806,71.614,9,11,0,14.213,0,0.073,0.085,0,0,0,-30.433,1.27,14.213,0.27
4.892,intervention,0,0,0,34,22.283,20,2800,12,1.803,71.48,9,11,0,14.213,0,0.092,0.083,0,0,0,-30.617,1.268,14.213,0.268
4.9,intervention,0,0,0,34,22.283,20,2800,12,1.802,71.659,9,11,0,14.213,0,0.08,0.063,0,0,0,-30.8,1.266,14.213,0.266
4.908,intervention,0,0,0,34,22.283,20,2800,12,1.803,71.572,9,11,0,14.213,0,0.076,0.081,0,0,0,-30.983,1.263,14.213,0.263
4.917,intervention,0,0,0,34,22.283,20,2800,12,1.807,71.633,9,11,0,14.213,0,0.085,0.062,0,0,0,-31.167,1.261,14.213,0.261
4.925,intervention,0,0,0,34,22.283,20,2800,12,1.804,71.495,9,11,0,14.213,0,0.063,0.051,0,0,0,-31.35,1.258,14.213,0.258
4.933,intervention,0,0,0,34,22.283,20,2800,12,1.802,71.552,9,11,0,14.213,0,0.101,0.089,0,0,0,-31.533,1.256,14.213,0.256
4.942,intervention,0,0,0,34,22.283,20,2800,12,1.807,71.721,9,11,0,14.213,0,0.085,0.07,0,0,0,-31.717,1.253,14.213,0.253
4.95,intervention,0,0,0,34,22.283,20,2800,12,1.802,71.527,9,11,0,14.213,0,0.096,0.077,0,0,0,-31.9,1.251,14.213,0.251
4.958,intervention,0,0,0,34,22.283,20,2800,12,1.808,71.693,9,11,0,14.213,0,0.065,0.089,0,0,0,-32.083,1.249,14.213,0.249
4.967,intervention,0,0,0,34,22.283,20,2800,12,1.801,71.492,9,11,0,14.213,0,0.083,0.05,0,0,0,-32.267,1.246,14.213,0.246
4.975,intervention,0,0,0,34,22.283,20,2800,12,1.807,71.72,9,11,0,14.213,0,0.093,0.083,0,0,0,-32.45,1.244,14.213,0.244
4.983,intervention,0,0,0,34,22.283,20,2800,12,1.805,71.713,9,11,0,14.213,0,0.081,0.051,0,0,0,-32.633,1.241,14.213,0.241
4.992,intervention,0,0,0,34,22.283,20,2800,12,1.805,71.46,9,11,0,14.213,0,0.107,0.078,0,0,0,-32.817,1.239,14.213,0.239
5,intervention,0,0,0,34,22.283,20,2800,12,1.807,71.454,9,11,0,14.213,0,0.061,0.068,0,0,0,-33,1.237,14.213,0.237
5.008,intervention,0,0,0,34,22.283,20,2800,12,1.805,71.553,9,11,0,14.213,0,0.071,0.087,0,0,0,-33.183,1.234,14.213,0.234
5.017,intervention,0,0,0,34,22.283,20,2800,12,1.806,71.623,9,11,0,14.213,0,0.064,0.088,0,0,0,-33.367,1.232,14.213,0.232
5.025,intervention,0,0,0,34,22.283,20,2800,12,1.806,71.613,9,11,0,14.213,0,0.094,0.066,0,0,0,-33.55,1.23,14.213,0.23
5.033,intervention,0,0,0,34,22.283,20,2800,12,1.804,71.525,9,11,0,14.213,0,0.064,0.073,0,0,0,-33.733,1.227,14.213,0.227
5.042,intervention,0,0,0,34,22.283,20,2800,12,1.805,71.753,9,11,0,14.213,0,0.095,0.086,0,0,0,-33.917,1.225,14.213,0.225
5.05,intervention,0,0,0,34,22.283,20,2800,12,1.805,71.664,9,11,0,14.213,0,0.09,0.077,0,0,0,-34.1,1.222,14.213,0.222
5.058,intervention,0,0,0,34,22.283,20,2800,12,1.807,71.63,9,11,0,14.213,0,0.071,0.065,0,0,0,-34.283,1.22,14.213,0.22
5.067,intervention,0,0,0,34,22.283,20,2800,12,1.803,71.534,9,11,0,14.213,0,0.098,0.071,0,0,0,-34.467,1.218,14.213,0.218
5.075,intervention,0,0,0,34,22.283,20,2800,12,1.802,71.52,9,11,0,14.213,0,0.108,0.07,0,0,0,-34.65,1.215,14.213,0.215
5.083,intervention,0,0,0,34,22.283,20,2800,12,1.8,71.715,9,11,0,14.213,0,0.064,0.083,0,0,0,-34.833,1.213,14.213,0.213
5.092,intervention,0,0,0,34,22.283,20,2800,12,1.802,71.739,9,11,0,14.213,0,0.098,0.059,0,0,0,-35.017,1.211,14.213,0.211
5.1,intervention,0,0,0,34,22.283,20,2800,12,1.803,71.524,9,11,0,14.213,0,0.108,0.05,0,0,0,-35.2,1.208,14.213,0.208
5.108,intervention,0,0,0,34,22.283,20,2800,12,1.805,71.627,9,11,0,14.213,0,0.064,0.051,0,0,0,-35.383,1.206,14.213,0.206
5.117,intervention,0,0,0,34,22.283,20,2800,12,1.806,71.476,9,11,0,14.213,0,0.072,0.081,0,0,0,-35.567,1.204,14.213,0.204
5.125,intervention,0,0,0,34,22.283,20,2800,12,1.801,71.503,9,11,0,14.213,0,0.097,0.069,0,0,0,-35.75,1.202,14.213,0.202
5.133,intervention,0,0,0,34,22.283,20,2800,12,1.803,71.57,9,11,0,14.213,0,0.1,0.084,0,0,0,-35.933,1.199,14.213,0.199
5.142,intervention,0,0,0,34,22.283,20,2800,12,1.804,71.487,9,11,0,14.213,0,0.09,0.076,0,0,0,-36.117,1.197,14.213,0.197
5.15,intervention,0,0,0,34,22.283,20,2800,12,1.805,71.605,9,11,0,14.213,0,0.073,0.085,0,0,0,-36.3,1.195,14.213,0.195
5.158,intervention,0,0,0,34,22.283,20,2800,12,1.807,71.603,9,11,0,14.213,0,0.085,0.064,0,0,0,-36.483,1.192,14.213,0.192
5.167,intervention,0,0,0,34,22.283,20,2800,12,1.8,71.637,9,11,0,14.213,0,0.097,0.071,0,0,0,-36.667,1.19,14.213,0.19
5.175,intervention,0,0,0,34,22.283,20,2800,12,1.807,71.513,9,11,0,14.213,0,0.087,0.082,0,0,0,-36.85,1.188,14.213,0.188
5.183,intervention,0,0,0,34,22.283,20,2800,12,1.807,71.746,9,11,0,14.213,0,0.077,0.079,0,0,0,-37.033,1.186,14.213,0.186
5.192,intervention,0,0,0,34,22.283,20,2800,12,1.8,71.503,9,11,0,14.213,0,0.079,0.077,0,0,0,-37.217,1.183,14.213,0.183
5.2,intervention,0,0,0,34,22.283,20,2800,12,1.8,71.701,9,11,0,14.213,0,0.075,0.065,0,0,0,-37.4,1.181,14.213,0.181
5.208,intervention,0,0,0,34,22.283,20,2800,12,1.805,71.545,9,11,0,14.213,0,0.072,0.074,0,0,0,-37.583,1.179,14.213,0.179
5.217,intervention,0,0,0,34,22.283,20,2800,12,1.806,71.526,9,11,0,14.213,0,0.07,0.075,0,0,0,-37.767,1.177,14.213,0.177
5.225,intervention,0,0,0,34,22.283,20,2800,12,1.803,71.775,9,11,0,14.213,0,0.071,0.056,0,0,0,-37.95,1.174,14.213,0.174
5.233,intervention,0,0,0,34,22.283,20,2800,12,1.805,71.642,9,11,0,14.213,0,0.107,0.087,0,0,0,-38.133,1.172,14.213,0.172
5.242,intervention,0,0,0,34,22.283,20,2800,12,1.802,71.682,9,11,0,14.213,0,0.1,0.058,0,0,0,-38.317,1.17,14.213,0.17
5.25,intervention,0,0,0,34,22.283,20,2800,12,1.803,71.563,9,11,0,14.213,0,0.063,0.068,0,0,0,-38.5,1.168,14.213,0.168
5.258,intervention,0,0,0,34,22.283,20,2800,12,1.801,71.743,9,11,0,14.213,0,0.094,0.05,0,0,0,-38.683,1.165,14.213,0.165
5.267,intervention,0,0,0,34,22.283,20,2800,12,1.804,71.497,9,11,0,14.213,0,0.079,0.085,0,0,0,-38.867,1.163,14.213,0.163
5.275,intervention,0,0,0,34,22.283,20,2800,12,1.804,71.53,9,11,0,14.213,0,0.063,0.06,0,0,0,-39.05,1.161,14.213,0.161
5.283,intervention,0,0,0,34,22.283,20,2800,12,1.807,71.588,9,11,0,14.213,0,0.07,0.081,0,0,0,-39.233,1.159,14.213,0.159
5.292,intervention,0,0,0,34,22.283,20,2800,12,1.801,71.641,9,11,0,14.213,0,0.079,0.072,0,0,0,-39.417,1.157,14.213,0.157
5.3,intervention,0,0,0,34,22.283,20,2800,12,1.802,71.648,9,11,0,14.213,0,0.09,0.054,0,0,0,-39.6,1.154,14.213,0.154
5.308,intervention,0,0,0,34,22.283,20,2800,12,1.804,71.768,9,11,0,14.213,0,0.07,0.067,0,0,0,-39.783,1.152,14.213,0.152
5.317,intervention,0,0,0,34,22.283,20,2800,12,1.805,71.559,9,11,0,14.213,0,0.107,0.071,0,0,0,-39.967,1.15,14.213,0.15
5.325,intervention,0,0,0,34,22.283,20,2800,12,1.803,71.627,9,11,0,14.213,0,0.083,0.066,0,0,0,-40.15,1.148,14.213,0.148
5.333,intervention,0,0,0,34,22.283,20,2800,12,1.801,71.771,9,11,0,14.213,0,0.073,0.065,0,0,0,-40.333,1.146,14.213,0.146
5.342,intervention,0,0,0,34,22.283,20,2800,12,1.801,71.75,9,11,0,14.213,0,0.093,0.089,0,0,0,-40.517,1.143,14.213,0.143
5.35,intervention,0,0,0,34,22.283,20,2800,12,1.8,71.779,9,11,0,14.213,0,0.08,0.054,0,0,0,-40.7,1.141,14.213,0.141
5.358,intervention,0,0,0,34,22.283,20,2800,12,1.803,71.619,9,11,0,14.213,0,0.1,0.079,0,0,0,-40.883,1.139,14.213,0.139
5.367,intervention,0,0,0,34,22.283,20,2800,12,1.808,71.627,9,11,0,14.213,0,0.061,0.063,0,0,0,-41.067,1.137,14.213,0.137
5.375,intervention,0,0,0,34,22.283,20,2800,12,1.808,71.572,9,11,0,14.213,0,0.084,0.053,0,0,0,-41.25,1.135,14.213,0.135
5.383,intervention,0,0,0,34,22.283,20,2800,12,1.805,71.622,9,11,0,14.213,0,0.066,0.058,0,0,0,-41.433,1.133,14.213,0.133
5.392,intervention,0,0,0,34,22.283,20,2800,12,1.805,71.622,9,11,0,14.213,0,0.11,0.076,0,0,0,-41.617,1.131,14.213,0.131
5.4,hazard,0,0,-0.183,34,22.4,20,2800,12,1.801,71.786,9,11,0,14.213,1,0.073,0.061,0,0,0,-41.8,1.129,14.213,0.129
5.408,hazard,0,0,-0.367,34,22.517,20,2800,12,1.8,71.799,9,11,0,14.213,1,0.071,0.062,0,0,0,-41.983,1.126,14.213,0.126
5.417,hazard,0,0,-0.55,34,22.633,20,2800,12,1.793,71.559,9,11,0,14.213,1,0.102,0.083,0,0,0,-42.167,1.124,14.213,0.124
5.425,hazard,0,0,-0.733,34,22.75,20,2800,12,1.791,71.744,9,11,0,14.213,1,0.071,0.054,0,0,0,-42.35,1.122,14.213,0.122
5.433,hazard,0,0,-0.917,34,22.867,20,2800,12,1.791,71.79,9,11,0,14.213,1,0.078,0.075,0,0,0,-42.533,1.12,14.213,0.12
5.442,hazard,0,0,-1.1,34,22.983,20,2800,12,1.788,71.565,9,11,0,14.213,1,0.075,0.073,0,0,0,-42.717,1.118,14.213,0.118
5.45,hazard,0,0,-1.283,34,23.1,20,2800,12,1.782,71.508,9,11,0,14.213,1,0.081,0.081,0,0,0,-42.9,1.116,14.213,0.116
5.458,hazard,0,0,-1.467,34,23.217,20,2800,12,1.782,71.546,9,11,0,14.213,1,0.098,0.081,0,0,0,-43.083,1.114,14.213,0.114
5.467,hazard,0,0,-1.65,34,23.333,20,2800,12,1.782,71.783,9,11,0,14.213,1,0.09,0.087,0,0,0,-43.267,1.112,14.213,0.112
5.475,hazard,0,0,-1.833,34,23.45,20,2800,12,1.78,71.544,9,11,0,14.213,1,0.093,0.076,0,0,0,-43.45,1.11,14.213,0.11
5.483,hazard,0,0,-2.017,34,23.567,20,2800,12,1.776,71.547,9,11,0,14.213,1,0.092,0.052,0,0,0,-43.633,1.108,14.213,0.108
5.492,hazard,0,0,-2.2,34,23.683,20,2800,12,1.773,71.591,9,11,0,14.213,1,0.096,0.08,0,0,0,-43.817,1.106,14.213,0.106
5.5,hazard,0,0,-2.383,34,23.8,20,2800,12,1.771,71.599,9,11,0,14.213,1,0.071,0.086,0,0,0,-44,1.104,14.213,0.104
5.508,hazard,0,0,-2.567,34,23.917,20,2800,12,1.764,71.691,9,11,0,14.213,1,0.094,0.09,0,0,0,-44.183,1.102,14.213,0.102
5.517,hazard,0,0,-2.75,34,24.033,20,2800,12,1.761,71.638,9,11,0,14.213,1,0.106,0.075,0,0,0,-44.367,1.1,14.213,0.1
5.525,hazard,0,0,-2.933,34,24.15,20,2800,12,1.761,71.609,9,11,0,14.213,1,0.062,0.075,0,0,0,-44.55,1.097,14.213,0.097
5.533,hazard,0,0,-3.117,34,24.267,20,2800,12,1.761,71.78,9,11,0,14.213,1,0.068,0.082,0,0,0,-44.733,1.095,14.213,0.095
5.542,hazard,0,0,-3.3,34,24.383,20,2800,12,1.758,71.713,9,11,0,14.213,1,0.082,0.087,0,0,0,-44.917,1.093,14.213,0.093
5.55,hazard,0,0,-3.483,34,24.5,20,2800,12,1.75,71.528,9,11,0,14.213,1,0.078,0.055,0,0,0,-45.1,1.091,14.213,0.091
5.558,hazard,0,0,-3.667,34,24.617,20,2800,12,1.754,71.599,9,11,0,14.213,1,0.081,0.075,0,0,0,-45.283,1.089,14.213,0.089
5.567,hazard,0,0,-3.85,34,24.733,20,2800,12,1.748,71.769,9,11,0,14.213,1,0.078,0.062,0,0,0,-45.467,1.087,14.213,0.087
5.575,hazard,0,0,-4.033,34,24.85,20,2800,12,1.745,71.704,9,11,0,14.213,1,0.09,0.089,0,0,0,-45.65,1.085,14.213,0.085
5.583,hazard,0,0,-4.217,34,24.967,20,2800,12,1.746,71.62,9,11,0,14.213,1,0.085,0.086,0,0,0,-45.833,1.083,14.213,0.083
5.592,hazard,0,0,-4.4,34,25.083,20,2800,12,1.743,71.584,9,11,0,14.213,1,0.095,0.069,0,0,0,-46.017,1.081,14.213,0.081
5.6,hazard,0,0,-4.583,34,25.2,20,2800,12,1.734,71.744,9,11,0,14.213,1,0.093,0.06,0,0,0,-46.2,1.08,14.213,0.08
5.608,hazard,0,0,-4.767,34,25.317,20,2800,12,1.731,71.538,9,11,0,14.213,1,0.067,0.09,0,0,0,-46.383,1.078,14.213,0.078
5.617,hazard,0,0,-4.95,34,25.433,20,2800,12,1.732,71.742,9,11,0,14.213,1,0.064,0.072,0,0,0,-46.567,1.076,14.213,0.076
5.625,hazard,0,0,-5.133,34,25.55,20,2800,12,1.728,71.715,9,11,0,14.213,1,0.107,0.074,0,0,0,-46.75,1.074,14.213,0.074
5.633,hazard,0,0,-5.317,34,25.667,20,2800,12,1.726,71.766,9,11,0,14.213,1,0.069,0.053,0,0,0,-46.933,1.072,14.213,0.072
5.642,hazard,0,0,-5.5,34,25.783,20,2800,12,1.726,71.781,9,11,0,14.213,1,0.081,0.051,0,0,0,-47.117,1.07,14.213,0.07
5.65,hazard,0,0,-5.683,34,25.9,20,2800,12,1.724,71.74,9,11,0,14.213,1,0.062,0.082,0,0,0,-47.3,1.068,14.213,0.068
5.658,hazard,0,0,-5.867,34,26.017,20,2800,12,1.721,71.69,9,11,0,14.213,1,0.098,0.06,0,0,0,-47.483,1.066,14.213,0.066
5.667,hazard,0,0,-6.05,34,26.133,20,2800,12,1.719,71.799,9,11,0,14.213,1,0.082,0.051,0,0,0,-47.667,1.064,14.213,0.064
5.675,hazard,0,0,-6.233,34,26.25,20,2800,12,1.714,71.723,9,11,0,14.213,1,0.102,0.051,0,0,0,-47.85,1.062,14.213,0.062
5.683,hazard,0,0,-6.417,34,26.367,20,2800,12,1.707,71.799,9,11,0,14.213,1,0.107,0.063,0,0,0,-48.033,1.06,14.213,0.06
5.692,hazard,0,0,-6.6,34,26.483,20,2800,12,1.71,71.815,9,11,0,14.213,1,0.061,0.084,0,0,0,-48.217,1.058,14.213,0.058
5.7,hazard,0,0,-6.783,34,26.6,20,2800,12,1.706,71.55,9,11,0,14.213,1,0.109,0.051,0,0,0,-48.4,1.056,14.213,0.056
5.708,hazard,0,0,-6.967,34,26.717,20,2800,12,1.701,71.57,9,11,0,14.213,1,0.101,0.072,0,0,0,-48.583,1.055,14.213,0.055
5.717,hazard,0,0,-7.15,34,26.833,20,2800,12,1.702,71.59,9,11,0,14.213,1,0.089,0.064,0,0,0,-48.767,1.053,14.213,0.053
5.725,hazard,0,0,-7.333,34,26.95,20,2800,12,1.694,71.837,9,11,0,14.213,1,0.088,0.073,0,0,0,-48.95,1.051,14.213,0.051
5.733,hazard,0,0,-7.517,34,27.067,20,2800,12,1.689,71.767,9,11,0,14.213,1,0.078,0.082,0,0,0,-49.133,1.049,14.213,0.049
5.742,hazard,0,0,-7.7,34,27.183,20,2800,12,1.691,71.554,9,11,0,14.213,1,0.095,0.068,0,0,0,-49.317,1.047,14.213,0.047
5.75,hazard,0,0,-7.883,34,27.3,20,2800,12,1.689,71.57,9,11,0,14.213,1,0.066,0.064,0,0,0,-49.5,1.045,14.213,0.045
5.758,hazard,0,0,-8.067,34,27.417,20,2800,12,1.683,71.588,9,11,0,14.213,1,0.105,0.084,0,0,0,-49.683,1.043,14.213,0.043
5.767,hazard,0,0,-8.25,34,27.533,20,2800,12,1.685,71.644,9,11,0,14.213,1,0.088,0.079,0,0,0,-49.867,1.042,14.213,0.042
5.775,hazard,0,0,-8.433,34,27.65,20,2800,12,1.677,71.631,9,11,0,14.213,1,0.105,0.089,0,0,0,-50.05,1.04,14.213,0.04
5.783,hazard,0,0,-8.617,34,27.767,20,2800,12,1.675,71.643,9,11,0,14.213,1,0.077,0.082,0,0,0,-50.233,1.038,14.213,0.038
5.792,hazard,0,0,-8.8,34,27.883,20,2800,12,1.67,71.665,9,11,0,14.213,1,0.088,0.082,0,0,0,-50.417,1.036,14.213,0.036
5.8,hazard,0,0,-8.983,34,28,20,2800,12,1.671,71.746,9,11,0,14.213,1,0.073,0.079,0,0,0,-50.6,1.034,14.213,0.034
5.808,hazard,0,0,-9.167,34,28.117,20,2800,12,1.67,71.8,9,11,0,14.213,1,0.084,0.084,0,0,0,-50.783,1.033,14.213,0.033
5.817,hazard,0,0,-9.35,34,28.233,20,2800,12,1.668,71.645,9,11,0,14.213,1,0.097,0.064,0,0,0,-50.967,1.031,14.213,0.031
5.825,hazard,0,0,-9.533,34,28.35,20,2800,12,1.659,71.605,9,11,0,14.213,1,0.063,0.068,0,0,0,-51.15,1.029,14.213,0.029
5.833,hazard,0,0,-9.717,34,28.467,20,2800,12,1.66,71.669,9,11,0,14.213,1,0.096,0.074,0,0,0,-51.333,1.027,14.213,0.027
5.842,hazard,0,0,-9.9,34,28.583,20,2800,12,1.657,71.72,9,11,0,14.213,1,0.096,0.052,0,0,0,-51.517,1.025,14.213,0.025
5.85,hazard,0,0,-10.083,34,28.7,20,2800,12,1.655,71.64,9,11,0,14.213,1,0.104,0.069,0,0,0,-51.7,1.024,14.213,0.024
5.858,hazard,0,0,-10.267,34,28.817,20,2800,12,1.654,71.566,9,11,0,14.213,1,0.063,0.062,0,0,0,-51.883,1.022,14.213,0.022
5.867,hazard,0,0,-10.45,34,28.933,20,2800,12,1.645,71.586,9,11,0,14.213,1,0.084,0.07,0,0,0,-52.067,1.02,14.213,0.02
5.875,hazard,0,0,-10.633,34,29.05,20,2800,12,1.646,71.597,9,11,0,14.213,1,0.107,0.07,0,0,0,-52.25,1.018,14.213,0.018
5.883,hazard,0,0,-10.817,34,29.167,20,2800,12,1.645,71.645,9,11,0,14.213,1,0.106,0.075,0,0,0,-52.433,1.017,14.213,0.017
5.892,hazard,0,0,-11,34,29.283,20,2800,12,1.636,71.579,9,11,0,14.213,1,0.089,0.07,0,0,0,-52.617,1.015,14.213,0.015
5.9,hazard,0,0,-11.183,34,29.4,20,2800,12,1.633,71.705,9,11,0,14.213,1,0.071,0.06,0,0,0,-52.8,1.013,14.213,0.013
5.908,hazard,0,0,-11.367,34,29.517,20,2800,12,1.63,71.589,9,11,0,14.213,1,0.095,0.068,0,0,0,-52.983,1.011,14.213,0.011
5.917,hazard,0,0,-11.55,34,29.633,20,2800,12,1.631,71.723,9,11,0,14.213,1,0.096,0.056,0,0,0,-53.167,1.01,14.213,0.01
5.925,hazard,0,0,-11.733,34,29.75,20,2800,12,1.626,71.589,9,11,0,14.213,1,0.087,0.085,0,0,0,-53.35,1.008,14.213,0.008
5.933,hazard,0,0,-11.917,34,29.867,20,2800,12,1.623,71.846,9,11,0,14.213,1,0.062,0.05,0,0,0,-53.533,1.006,14.213,0.006
5.942,hazard,0,0,-12.1,34,29.983,20,2800,12,1.618,71.763,9,11,0,14.213,1,0.066,0.057,0,0,0,-53.717,1.005,14.213,0.005
5.95,hazard,0,0,-12.283,34,30.1,20,2800,12,1.622,71.697,9,11,0,14.213,1,0.094,0.084,0,0,0,-53.9,1.003,14.213,0.003
5.958,hazard,0,0,-12.467,34,30.217,20,2800,12,1.615,71.808,9,11,0,14.213,1,0.09,0.064,0,0,0,-54.083,1.001,14.213,0.001
5.967,hazard,0,0,-12.65,34,30.333,20,2800,12,1.61,71.654,9,11,0,14.213,1,0.085,0.056,0,0,0,-54.267,1,14.213,0
5.975,hazard,0,0,-12.833,34,30.45,20,2800,12,1.607,71.776,9,11,0,14.213,1,0.096,0.064,0,0,0,-54.267,1,14.213,0
5.983,hazard,0,0,-13.017,34,30.567,20,2800,12,1.604,71.725,9,11,0,14.213,1,0.064,0.079,0,0,0,-54.267,1,14.213,0
5.992,hazard,0,0,-13.2,34,30.683,20,2800,12,1.607,71.839,9,11,0,14.213,1,0.086,0.075,0,0,0,-54.267,1,14.213,0
6,hazard,0,0,-13.383,34,30.8,20,2800,12,1.604,71.866,9,11,0,14.213,1,0.087,0.073,0,0,0,-54.267,1,14.213,0
6.008,hazard,0,0,-13.567,34,30.917,20,2800,12,1.595,71.598,9,11,0,14.213,1,0.084,0.053,0,0,0,-54.267,1,14.213,0
6.017,hazard,0,0,-13.75,34,31.033,20,2800,12,1.592,71.62,9,11,0,14.213,1,0.072,0.085,0,0,0,-54.267,1,14.213,0
6.025,hazard,0,0,-13.933,34,31.15,20,2800,12,1.592,71.786,9,11,0,14.213,1,0.082,0.058,0,0,0,-54.267,1,14.213,0
6.033,hazard,0,0,-14.117,34,31.267,20,2800,12,1.592,71.689,9,11,0,14.213,1,0.093,0.069,0,0,0,-54.267,1,14.213,0
6.042,hazard,0,0,-14.3,34,31.383,20,2800,12,1.584,71.831,9,11,0,14.213,1,0.089,0.088,0,0,0,-54.267,1,14.213,0
6.05,hazard,0,0,-14.483,34,31.5,20,2800,12,1.582,71.83,9,11,0,14.213,1,0.105,0.088,0,0,0,-54.267,1,14.213,0
6.058,hazard,0,0,-14.667,34,31.617,20,2800,12,1.584,71.605,9,11,0,14.213,1,0.095,0.053,0,0,0,-54.267,1,14.213,0
6.067,hazard,0,0,-14.85,34,31.733,20,2800,12,1.575,71.747,9,11,0,14.213,1,0.098,0.084,0,0,0,-54.267,1,14.213,0
6.075,hazard,0,0,-15.033,34,31.85,20,2800,12,1.575,71.65,9,11,0,14.213,1,0.079,0.075,0,0,0,-54.267,1,14.213,0
6.083,hazard,0,0,-15.217,34,31.967,20,2800,12,1.568,71.786,9,11,0,14.213,1,0.08,0.064,0,0,0,-54.267,1,14.213,0
6.092,hazard,0,0,-15.4,34,32.083,20,2800,12,1.566,71.778,9,11,0,14.213,1,0.076,0.085,0,0,0,-54.267,1,14.213,0
6.1,hazard,0,0,-15.583,34,32.2,20,2800,12,1.569,71.845,9,11,0,14.213,1,0.086,0.075,0,0,0,-54.267,1,14.213,0
6.108,hazard,0,0,-15.767,34,32.317,20,2800,12,1.562,71.67,9,11,0,14.213,1,0.099,0.069,0,0,0,-54.267,1,14.213,0
6.117,hazard,0,0,-15.95,34,32.433,20,2800,12,1.561,71.81,9,11,0,14.213,1,0.08,0.08,0,0,0,-54.267,1,14.213,0
6.125,hazard,0,0,-16.133,34,32.55,20,2800,12,1.554,71.613,9,11,0,14.213,1,0.078,0.062,0,0,0,-54.267,1,14.213,0
6.133,hazard,0,0,-16.317,34,32.667,20,2800,12,1.551,71.692,9,11,0,14.213,1,0.066,0.081,0,0,0,-54.267,1,14.213,0
6.142,hazard,0,0,-16.5,34,32.783,20,2800,12,1.551,71.848,9,11,0,14.213,1,0.086,0.064,0,0,0,-54.267,1,14.213,0
6.15,hazard,0,0,-16.683,34,32.9,20,2800,12,1.546,71.616,9,11,0,14.213,1,0.103,0.082,0,0,0,-54.267,1,14.213,0
6.158,hazard,0,0,-16.742,34,33.017,20,2800,12,1.548,71.728,9,11,0,14.213,1,0.077,0.062,0,0,0,-54.267,1,14.213,0
6.167,hazard,0,0,-16.8,34,33.133,20,2800,12,1.548,71.612,9,11,0,14.213,1,0.107,0.068,0,0,0,-54.267,1,14.213,0
6.175,hazard,0,0,-16.858,34,33.25,20,2800,12,1.546,71.743,9,11,0,14.213,1,0.09,0.051,0,0,0,-54.267,1,14.213,0
6.183,hazard,0,0,-16.917,34,33.367,20,2800,12,1.54,71.68,9,11,0,14.213,1,0.087,0.062,0,0,0,-54.267,1,14.213,0
6.192,hazard,0,0,-16.975,34,33.483,20,2800,12,1.54,71.688,9,11,0,14.213,1,0.079,0.072,0,0,0,-54.267,1,14.213,0
6.2,hazard,0,0,-17.033,34,33.6,20,2800,12,1.543,71.709,9,11,0,14.213,1,0.08,0.085,0,0,0,-54.267,1,14.213,0
6.208,hazard,0,0,-17.092,34,33.717,20,2800,12,1.541,71.838,9,11,0,14.213,1,0.067,0.065,0,0,0,-54.267,1,14.213,0
6.217,hazard,0,0,-17.15,34,33.833,20,2800,12,1.536,71.66,9,11,0,14.213,1,0.075,0.087,0,0,0,-54.267,1,14.213,0
6.225,hazard,0,0,-17.208,34,33.95,20,2800,12,1.535,71.846,9,11,0,14.213,1,0.091,0.055,0,0,0,-54.267,1,14.213,0
6.233,hazard,0,0,-17.267,34,34.067,20,2800,12,1.536,71.844,9,11,0,14.213,1,0.089,0.076,0,0,0,-54.267,1,14.213,0
6.242,hazard,0,0,-17.325,34,34.183,20,2800,12,1.529,71.725,9,11,0,14.213,1,0.096,0.086,0,0,0,-54.267,1,14.213,0
6.25,hazard,0,0,-17.383,34,34.3,20,2800,12,1.532,71.887,9,11,0,14.213,1,0.102,0.068,0,0,0,-54.267,1,14.213,0
6.258,hazard,0,0,-17.442,34,34.417,20,2800,12,1.527,71.74,9,11,0,14.213,1,0.092,0.083,0,0,0,-54.267,1,14.213,0
6.267,hazard,0,0,-17.5,34,34.533,20,2800,12,1.529,71.731,9,11,0,14.213,1,0.091,0.054,0,0,0,-54.267,1,14.213,0
6.275,hazard,0,0,-17.558,34,34.65,20,2800,12,1.53,71.857,9,11,0,14.213,1,0.101,0.088,0,0,0,-54.267,1,14.213,0
6.283,hazard,0,0,-17.617,34,34.767,20,2800,12,1.529,71.78,9,11,0,14.213,1,0.067,0.063,0,0,0,-54.267,1,14.213,0
6.292,hazard,0,0,-17.675,34,34.883,20,2800,12,1.524,71.733,9,11,0,14.213,1,0.076,0.065,0,0,0,-54.267,1,14.213,0
6.3,hazard,0,0,-17.733,34,35,20,2800,12,1.524,71.629,9,11,0,14.213,1,0.101,0.076,0,0,0,-54.267,1,14.213,0
6.308,hazard,0,0,-17.792,34,35.117,20,2800,12,1.519,71.608,9,11,0,14.213,1,0.079,0.054,0,0,0,-54.267,1,14.213,0
6.317,hazard,0,0,-17.85,34,35.233,20,2800,12,1.516,71.76,9,11,0,14.213,1,0.097,0.052,0,0,0,-54.267,1,14.213,0
6.325,hazard,0,0,-17.908,34,35.35,20,2800,12,1.519,71.793,9,11,0,14.213,1,0.069,0.087,0,0,0,-54.267,1,14.213,0
6.333,hazard,0,0,-17.967,34,35.467,20,2800,12,1.519,71.797,9,11,0,14.213,1,0.088,0.079,0,0,0,-54.267,1,14.213,0
6.342,hazard,0,0,-18.025,34,35.583,20,2800,12,1.514,71.625,9,11,0,14.213,1,0.071,0.07,0,0,0,-54.267,1,14.213,0
6.35,hazard,0,0,-18.083,34,35.7,20,2800,12,1.513,71.764,9,11,0,14.213,1,0.086,0.068,0,0,0,-54.267,1,14.213,0
6.358,hazard,0,0,-18.142,34,35.817,20,2800,12,1.512,71.722,9,11,0,14.213,1,0.075,0.056,0,0,0,-54.267,1,14.213,0
6.367,hazard,0,0,-18.2,34,35.933,20,2800,12,1.508,71.68,9,11,0,14.213,1,0.065,0.083,0,0,0,-54.267,1,14.213,0
6.375,hazard,0,0,-18.258,34,36.05,20,2800,12,1.507,71.676,9,11,0,14.213,1,0.078,0.082,0,0,0,-54.267,1,14.213,0
6.383,hazard,0,0,-18.317,34,36.167,20,2800,12,1.504,71.672,9,11,0,14.213,1,0.067,0.065,0,0,0,-54.267,1,14.213,0
6.392,hazard,0,0,-18.375,34,36.283,20,2800,12,1.51,71.676,9,11,0,14.213,1,0.095,0.081,0,0,0,-54.267,1,14.213,0
6.4,hazard,0,0,-18.433,34,36.4,20,2800,12,1.501,71.678,9,11,0,14.213,1,0.079,0.058,0,0,0,-54.267,1,14.213,0
6.408,hazard,0,0,-18.492,34,36.517,20,2800,12,1.501,71.659,9,11,0,14.213,1,0.085,0.06,0,0,0,-54.267,1,14.213,0
6.417,hazard,0,0,-18.55,34,36.633,20,2800,12,1.501,71.912,9,11,0,14.213,1,0.068,0.079,0,0,0,-54.267,1,14.213,0
6.425,hazard,0,0,-18.608,34,36.75,20,2800,12,1.504,71.694,9,11,0,14.213,1,0.101,0.057,0,0,0,-54.267,1,14.213,0
6.433,hazard,0,0,-18.667,34,36.867,20,2800,12,1.501,71.862,9,11,0,14.213,1,0.106,0.067,0,0,0,-54.267,1,14.213,0
6.442,hazard,0,0,-18.725,34,36.983,20,2800,12,1.5,71.646,9,11,0,14.213,1,0.105,0.073,0,0,0,-54.267,1,14.213,0
6.45,hazard,0,0,-18.783,34,37.1,20,2800,12,1.499,71.759,9,11,0,14.213,1,0.069,0.068,0,0,0,-54.267,1,14.213,0
6.458,hazard,0,0,-18.842,34,37.217,20,2800,12,1.493,71.812,9,11,0,14.213,1,0.061,0.09,0,0,0,-54.267,1,14.213,0
6.467,hazard,0,0,-18.9,34,37.333,20,2800,12,1.495,71.788,9,11,0,14.213,1,0.093,0.079,0,0,0,-54.267,1,14.213,0
6.475,hazard,0,0,-18.958,34,37.45,20,2800,12,1.488,71.658,9,11,0,14.213,1,0.074,0.072,0,0,0,-54.267,1,14.213,0
6.483,hazard,0,0,-19.017,34,37.567,20,2800,12,1.49,71.819,9,11,0,14.213,1,0.092,0.056,0,0,0,-54.267,1,14.213,0
6.492,hazard,0,0,-19.075,34,37.683,20,2800,12,1.49,71.905,9,11,0,14.213,1,0.1,0.077,0,0,0,-54.267,1,14.213,0
6.5,hazard,0,0,-19.133,34,37.8,20,2800,12,1.49,71.867,9,11,0,14.213,1,0.078,0.055,0,0,0,-54.267,1,14.213,0
6.508,hazard,0,0,-19.192,34,37.917,20,2800,12,1.487,71.772,9,11,0,14.213,1,0.068,0.051,0,0,0,-54.267,1,14.213,0
6.517,hazard,0,0,-19.25,34,38.033,20,2800,12,1.487,71.689,9,11,0,14.213,1,0.11,0.074,0,0,0,-54.267,1,14.213,0
6.525,hazard,0,0,-19.308,34,38.15,20,2800,12,1.483,71.64,9,11,0,14.213,1,0.063,0.056,0,0,0,-54.267,1,14.213,0
6.533,hazard,0,0,-19.367,34,38.267,20,2800,12,1.479,71.694,9,11,0,14.213,1,0.107,0.055,0,0,0,-54.267,1,14.213,0
6.542,hazard,0,0,-19.425,34,38.383,20,2800,12,1.479,71.675,9,11,0,14.213,1,0.08,0.066,0,0,0,-54.267,1,14.213,0
6.55,hazard,0,0,-19.483,34,38.5,20,2800,12,1.477,71.84,9,11,0,14.213,1,0.104,0.082,0,0,0,-54.267,1,14.213,0
6.558,hazard,0,0,-19.542,34,38.617,20,2800,12,1.478,71.856,9,11,0,14.213,1,0.071,0.052,0,0,0,-54.267,1,14.213,0
6.567,hazard,0,0,-19.6,34,38.733,20,2800,12,1.479,71.797,9,11,0,14.213,1,0.106,0.077,0,0,0,-54.267,1,14.213,0
6.575,hazard,0,0,-19.658,34,38.85,20,2800,12,1.472,71.644,9,11,0,14.213,1,0.069,0.069,0,0,0,-54.267,1,14.213,0
6.583,hazard,0,0,-19.717,34,38.967,20,2800,12,1.476,71.874,9,11,0,14.213,1,0.079,0.079,0,0,0,-54.267,1,14.213,0
6.592,hazard,0,0,-19.775,34,39.083,20,2800,12,1.469,71.892,9,11,0,14.213,1,0.066,0.079,0,0,0,-54.267,1,14.213,0
6.6,hazard,0,0,-19.833,34,39.2,20,2800,12,1.469,71.856,9,11,0,14.213,1,0.087,0.085,0,0,0,-54.267,1,14.213,0
6.608,hazard,0,0,-19.892,34,39.317,20,2800,12,1.465,71.656,9,11,0,14.213,1,0.105,0.056,0,0,0,-54.267,1,14.213,0
6.617,hazard,0,0,-19.95,34,39.433,20,2800,12,1.466,71.765,9,11,0,14.213,1,0.063,0.085,0,0,0,-54.267,1,14.213,0
6.625,hazard,0,0,-20.008,34,39.55,20,2800,12,1.465,71.811,9,11,0,14.213,1,0.083,0.074,0,0,0,-54.267,1,14.213,0
6.633,hazard,0,0,-20.067,34,39.667,20,2800,12,1.465,71.838,9,11,0,14.213,1,0.106,0.075,0,0,0,-54.267,1,14.213,0
6.642,hazard,0,0,-20.125,34,39.783,20,2800,12,1.461,71.777,9,11,0,14.213,1,0.068,0.089,0,0,0,-54.267,1,14.213,0
6.65,hazard,0,0,-20.183,34,39.9,20,2800,12,1.46,71.932,9,11,0,14.213,1,0.103,0.074,0,0,0,-54.267,1,14.213,0
6.658,hazard,0,0,-20.242,34,40.017,20,2800,12,1.461,71.85,9,11,0,14.213,1,0.062,0.056,0,0,0,-54.267,1,14.213,0
6.667,hazard,0,0,-20.3,34,40.133,20,2800,12,1.457,71.762,9,11,0,14.213,1,0.109,0.086,0,0,0,-54.267,1,14.213,0
6.675,hazard,0,0,-20.358,34,40.25,20,2800,12,1.453,71.942,9,11,0,14.213,1,0.108,0.075,0,0,0,-54.267,1,14.213,0
6.683,hazard,0,0,-20.417,34,40.367,20,2800,12,1.458,71.662,9,11,0,14.213,1,0.105,0.062,0,0,0,-54.267,1,14.213,0
6.692,hazard,0,0,-20.475,34,40.483,20,2800,12,1.453,71.915,9,11,0,14.213,1,0.072,0.088,0,0,0,-54.267,1,14.213,0
6.7,hazard,0,0,-20.533,34,40.6,20,2800,12,1.452,71.914,9,11,0,14.213,1,0.108,0.056,0,0,0,-54.267,1,14.213,0
6.708,hazard,0,0,-20.592,34,40.717,20,2800,12,1.449,71.815,9,11,0,14.213,1,0.07,0.064,0,0,0,-54.267,1,14.213,0
6.717,hazard,0,0,-20.65,34,40.833,20,2800,12,1.447,71.684,9,11,0,14.213,1,0.085,0.063,0,0,0,-54.267,1,14.213,0
6.725,hazard,0,0,-20.708,34,40.95,20,2800,12,1.448,71.823,9,11,0,14.213,1,0.096,0.055,0,0,0,-54.267,1,14.213,0
6.733,hazard,0,0,-20.767,34,41.067,20,2800,12,1.449,71.78,9,11,0,14.213,1,0.097,0.053,0,0,0,-54.267,1,14.213,0
6.742,hazard,0,0,-20.825,34,41.183,20,2800,12,1.445,71.74,9,11,0,14.213,1,0.07,0.08,0,0,0,-54.267,1,14.213,0
6.75,hazard,0,0,-20.883,34,41.3,20,2800,12,1.447,71.915,9,11,0,14.213,1,0.072,0.057,0,0,0,-54.267,1,14.213,0
6.758,hazard,0,0,-20.942,34,41.417,20,2800,12,1.444,71.896,9,11,0,14.213,1,0.1,0.084,0,0,0,-54.267,1,14.213,0
6.767,hazard,0,0,-21,34,41.533,20,2800,12,1.437,71.693,9,11,0,14.213,1,0.08,0.087,0,0,0,-54.267,1,14.213,0
6.775,hazard,0,0,-21.058,34,41.65,20,2800,12,1.436,71.92,9,11,0,14.213,1,0.107,0.057,0,0,0,-54.267,1,14.213,0
6.783,hazard,0,0,-21.117,34,41.767,20,2800,12,1.442,71.924,9,11,0,14.213,1,0.1,0.08,0,0,0,-54.267,1,14.213,0
6.792,hazard,0,0,-21.175,34,41.883,20,2800,12,1.44,71.667,9,11,0,14.213,1,0.095,0.084,0,0,0,-54.267,1,14.213,0
6.8,hazard,0,0,-21.233,34,42,20,2800,12,1.438,71.912,9,11,0,14.213,1,0.076,0.08,0,0,0,-54.267,1,14.213,0
6.808,hazard,0,0,-21.292,34,42.117,20,2800,12,1.43,71.933,9,11,0,14.213,1,0.093,0.085,0,0,0,-54.267,1,14.213,0
6.817,hazard,0,0,-21.35,34,42.233,20,2800,12,1.431,71.782,9,11,0,14.213,1,0.067,0.055,0,0,0,-54.267,1,14.213,0
6.825,hazard,0,0,-21.408,34,42.35,20,2800,12,1.433,71.67,9,11,0,14.213,1,0.085,0.062,0,0,0,-54.267,1,14.213,0
6.833,hazard,0,0,-21.467,34,42.467,20,2800,12,1.427,71.952,9,11,0,14.213,1,0.076,0.089,0,0,0,-54.267,1,14.213,0
6.842,hazard,0,0,-21.525,34,42.583,20,2800,12,1.43,71.955,9,11,0,14.213,1,0.089,0.089,0,0,0,-54.267,1,14.213,0
6.85,hazard,0,0,-21.583,34,42.7,20,2800,12,1.428,71.719,9,11,0,14.213,1,0.069,0.057,0,0,0,-54.267,1,14.213,0
6.858,hazard,0,0,-21.642,34,42.817,20,2800,12,1.42,71.723,9,11,0,14.213,1,0.087,0.063,0,0,0,-54.267,1,14.213,0
6.867,hazard,0,0,-21.7,34,42.933,20,2800,12,1.426,71.815,9,11,0,14.213,1,0.062,0.086,0,0,0,-54.267,1,14.213,0
6.875,hazard,0,0,-21.758,34,43.05,20,2800,12,1.417,71.837,9,11,0,14.213,1,0.088,0.056,0,0,0,-54.267,1,14.213,0
6.883,hazard,0,0,-21.817,34,43.167,20,2800,12,1.421,71.822,9,11,0,14.213,1,0.096,0.051,0,0,0,-54.267,1,14.213,0
6.892,hazard,0,0,-21.875,34,43.283,20,2800,12,1.422,71.869,9,11,0,14.213,1,0.062,0.057,0,0,0,-54.267,1,14.213,0
6.9,hazard,0,0,-21.933,34,43.4,20,2800,12,1.417,71.976,9,11,0,14.213,1,0.083,0.088,0,0,0,-54.267,1,14.213,0
6.908,hazard,0,0,-21.992,34,43.517,20,2800,12,1.419,71.83,9,11,0,14.213,1,0.1,0.057,0,0,0,-54.267,1,14.213,0
6.917,hazard,0,0,-22.05,34,43.633,20,2800,12,1.411,71.972,9,11,0,14.213,1,0.102,0.071,0,0,0,-54.267,1,14.213,0
6.925,hazard,0,0,-22.108,34,43.75,20,2800,12,1.408,71.758,9,11,0,14.213,1,0.101,0.062,0,0,0,-54.267,1,14.213,0
6.933,hazard,0,0,-22.167,34,43.867,20,2800,12,1.411,71.758,9,11,0,14.213,1,0.106,0.053,0,0,0,-54.267,1,14.213,0
6.942,hazard,0,0,-22.225,34,43.983,20,2800,12,1.41,71.952,9,11,0,14.213,1,0.104,0.065,0,0,0,-54.267,1,14.213,0
6.95,hazard,0,0,-22.283,34,44.1,20,2800,12,1.411,71.869,9,11,0,14.213,1,0.071,0.067,0,0,0,-54.267,1,14.213,0
6.958,hazard,0,0,-22.342,34,44.217,20,2800,12,1.407,71.82,9,11,0,14.213,1,0.073,0.084,0,0,0,-54.267,1,14.213,0
6.967,hazard,0,0,-22.4,34,44.333,20,2800,12,1.407,71.983,9,11,0,14.213,1,0.066,0.07,0,0,0,-54.267,1,14.213,0
6.975,hazard,0,0,-22.458,34,44.45,20,2800,12,1.401,71.691,9,11,0,14.213,1,0.081,0.089,0,0,0,-54.267,1,14.213,0
6.983,hazard,0,0,-22.517,34,44.567,20,2800,12,1.398,71.765,9,11,0,14.213,1,0.063,0.051,0,0,0,-54.267,1,14.213,0
6.992,hazard,0,0,-22.575,34,44.683,20,2800,12,1.398,71.81,9,11,0,14.213,1,0.084,0.071,0,0,0,-54.267,1,14.213,0
7,hazard,0,0,-22.633,34,44.8,20,2800,12,1.4,71.905,9,11,0,14.213,1,0.079,0.052,0,0,0,-54.267,1,14.213,0
7.008,hazard,0,0,-22.692,34,44.917,20,2800,12,1.394,71.787,9,11,0,14.213,1,0.106,0.059,0,0,0,-54.267,1,14.213,0
7.017,hazard,0,0,-22.75,34,45.033,20,2800,12,1.396,71.745,9,11,0,14.213,1,0.078,0.056,0,0,0,-54.267,1,14.213,0
7.025,hazard,0,0,-22.808,34,45.15,20,2800,12,1.397,71.99,9,11,0,14.213,1,0.081,0.057,0,0,0,-54.267,1,14.213,0
7.033,hazard,0,0,-22.867,34,45.267,20,2800,12,1.391,71.835,9,11,0,14.213,1,0.103,0.069,0,0,0,-54.267,1,14.213,0
7.042,hazard,0,0,-22.925,34,45.383,20,2800,12,1.388,71.909,9,11,0,14.213,1,0.091,0.064,0,0,0,-54.267,1,14.213,0
7.05,hazard,0,0,-22.983,34,45.5,20,2800,12,1.391,71.791,9,11,0,14.213,1,0.101,0.065,0,0,0,-54.267,1,14.213,0
7.058,hazard,0,0,-23.042,34,45.617,20,2800,12,1.387,71.774,9,11,0,14.213,1,0.061,0.074,0,0,0,-54.267,1,14.213,0
7.067,hazard,0,0,-23.1,34,45.733,20,2800,12,1.383,71.786,9,11,0,14.213,1,0.095,0.062,0,0,0,-54.267,1,14.213,0
7.075,hazard,0,0,-23.158,34,45.85,20,2800,12,1.381,71.839,9,11,0,14.213,1,0.066,0.071,0,0,0,-54.267,1,14.213,0
7.083,hazard,0,0,-23.217,34,45.967,20,2800,12,1.383,71.945,9,11,0,14.213,1,0.103,0.08,0,0,0,-54.267,1,14.213,0
7.092,hazard,0,0,-23.275,34,46.083,20,2800,12,1.382,71.835,9,11,0,14.213,1,0.089,0.081,0,0,0,-54.267,1,14.213,0
7.1,hazard,0,0,-23.333,34,46.2,20,2800,12,1.38,71.941,9,11,0,14.213,1,0.091,0.086,0,0,0,-54.267,1,14.213,0
7.108,hazard,0,0,-23.392,34,46.317,20,2800,12,1.382,71.963,9,11,0,14.213,1,0.086,0.077,0,0,0,-54.267,1,14.213,0
7.117,hazard,0,0,-23.45,34,46.433,20,2800,12,1.378,71.711,9,11,0,14.213,1,0.081,0.068,0,0,0,-54.267,1,14.213,0
7.125,hazard,0,0,-23.508,34,46.55,20,2800,12,1.373,71.82,9,11,0,14.213,1,0.096,0.066,0,0,0,-54.267,1,14.213,0
7.133,hazard,0,0,-23.567,34,46.667,20,2800,12,1.375,71.775,9,11,0,14.213,1,0.105,0.079,0,0,0,-54.267,1,14.213,0
7.142,hazard,0,0,-23.625,34,46.783,20,2800,12,1.371,71.817,9,11,0,14.213,1,0.066,0.054,0,0,0,-54.267,1,14.213,0
7.15,hazard,0,0,-23.683,34,46.9,20,2800,12,1.374,71.959,9,11,0,14.213,1,0.105,0.064,0,0,0,-54.267,1,14.213,0
7.158,hazard,0,0,-23.742,34,47.017,20,2800,12,1.367,71.793,9,11,0,14.213,1,0.098,0.09,0,0,0,-54.267,1,14.213,0
7.167,hazard,0,0,-23.8,34,47.133,20,2800,12,1.366,71.773,9,11,0,14.213,1,0.065,0.07,0,0,0,-54.267,1,14.213,0
7.175,hazard,0,0,-23.858,34,47.25,20,2800,12,1.366,71.91,9,11,0,14.213,1,0.069,0.066,0,0,0,-54.267,1,14.213,0
7.183,hazard,0,0,-23.917,34,47.367,20,2800,12,1.36,71.814,9,11,0,14.213,1,0.096,0.061,0,0,0,-54.267,1,14.213,0
7.192,hazard,0,0,-23.975,34,47.483,20,2800,12,1.362,71.989,9,11,0,14.213,1,0.104,0.067,0,0,0,-54.267,1,14.213,0
7.2,hazard,0,0,-24.033,34,47.6,20,2800,12,1.363,71.738,9,11,0,14.213,1,0.061,0.062,0,0,0,-54.267,1,14.213,0
7.208,hazard,0,0,-24.092,34,47.717,20,2800,12,1.359,71.876,9,11,0,14.213,1,0.065,0.08,0,0,0,-54.267,1,14.213,0
7.217,hazard,0,0,-24.15,34,47.833,20,2800,12,1.362,71.728,9,11,0,14.213,1,0.098,0.058,0,0,0,-54.267,1,14.213,0
7.225,hazard,0,0,-24.208,34,47.95,20,2800,12,1.36,71.793,9,11,0,14.213,1,0.079,0.089,0,0,0,-54.267,1,14.213,0
7.233,hazard,0,0,-24.267,34,48,20,2800,12,1.352,71.983,9,11,0,14.213,1,0.096,0.075,0,0,0,-54.267,1,14.213,0
7.242,hazard,0,0,-24.325,34,48,20,2800,12,1.358,71.848,9,11,0,14.213,1,0.099,0.061,0,0,0,-54.267,1,14.213,0
7.25,hazard,0,0,-24.383,34,48,20,2800,12,1.352,71.723,9,11,0,14.213,1,0.09,0.063,0,0,0,-54.267,1,14.213,0
7.258,hazard,0,0,-24.442,34,48,20,2800,12,1.349,71.939,9,11,0,14.213,1,0.087,0.067,0,0,0,-54.267,1,14.213,0
7.267,hazard,0,0,-24.5,34,48,20,2800,12,1.355,71.809,9,11,0,14.213,1,0.096,0.069,0,0,0,-54.267,1,14.213,0
7.275,hazard,0,0,-24.558,34,48,20,2800,12,1.353,71.802,9,11,0,14.213,1,0.062,0.067,0,0,0,-54.267,1,14.213,0
7.283,hazard,0,0,-24.617,34,48,20,2800,12,1.351,71.837,9,11,0,14.213,1,0.085,0.067,0,0,0,-54.267,1,14.213,0
7.292,hazard,0,0,-24.675,34,48,20,2800,12,1.348,71.957,9,11,0,14.213,1,0.105,0.066,0,0,0,-54.267,1,14.213,0
7.3,hazard,0,0,-24.733,34,48,20,2800,12,1.351,71.878,9,11,0,14.213,1,0.07,0.057,0,0,0,-54.267,1,14.213,0
7.308,hazard,0,0,-24.792,34,48,20,2800,12,1.349,71.953,9,11,0,14.213,1,0.105,0.083,0,0,0,-54.267,1,14.213,0
7.317,hazard,0,0,-24.85,34,48,20,2800,12,1.344,71.868,9,11,0,14.213,1,0.103,0.07,0,0,0,-54.267,1,14.213,0
7.325,hazard,0,0,-24.908,34,48,20,2800,12,1.349,71.908,9,11,0,14.213,1,0.096,0.081,0,0,0,-54.267,1,14.213,0
7.333,hazard,0,0,-24.967,34,48,20,2800,12,1.346,71.749,9,11,0,14.213,1,0.065,0.085,0,0,0,-54.267,1,14.213,0
7.342,hazard,0,0,-25.025,34,48,20,2800,12,1.345,71.957,9,11,0,14.213,1,0.109,0.072,0,0,0,-54.267,1,14.213,0
7.35,hazard,0,0,-25.083,34,48,20,2800,12,1.342,71.924,9,11,0,14.213,1,0.1,0.064,0,0,0,-54.267,1,14.213,0
7.358,hazard,0,0,-25.142,34,48,20,2800,12,1.343,71.905,9,11,0,14.213,1,0.095,0.086,0,0,0,-54.267,1,14.213,0
7.367,hazard,0,0,-25.2,34,48,20,2800,12,1.344,71.861,9,11,0,14.213,1,0.068,0.06,0,0,0,-54.267,1,14.213,0
7.375,hazard,0,0,-25.258,34,48,20,2800,12,1.343,71.764,9,11,0,14.213,1,0.107,0.086,0,0,0,-54.267,1,14.213,0
7.383,hazard,0,0,-25.317,34,48,20,2800,12,1.343,72.018,9,11,0,14.213,1,0.066,0.084,0,0,0,-54.267,1,14.213,0
7.392,hazard,0,0,-25.375,34,48,20,2800,12,1.338,71.914,9,11,0,14.213,1,0.098,0.081,0,0,0,-54.267,1,14.213,0
7.4,hazard,0,0,-25.433,34,48,20,2800,12,1.337,71.919,9,11,0,14.213,1,0.068,0.076,0,0,0,-54.267,1,14.213,0
7.408,hazard,0,0,-25.492,34,48,20,2800,12,1.335,71.888,9,11,0,14.213,1,0.066,0.064,0,0,0,-54.267,1,14.213,0
7.417,hazard,0,0,-25.55,34,48,20,2800,12,1.336,71.958,9,11,0,14.213,1,0.094,0.061,0,0,0,-54.267,1,14.213,0
7.425,hazard,0,0,-25.608,34,48,20,2800,12,1.336,71.772,9,11,0,14.213,1,0.099,0.086,0,0,0,-54.267,1,14.213,0
7.433,hazard,0,0,-25.667,34,48,20,2800,12,1.332,71.801,9,11,0,14.213,1,0.108,0.087,0,0,0,-54.267,1,14.213,0
7.442,hazard,0,0,-25.725,34,48,20,2800,12,1.335,71.783,9,11,0,14.213,1,0.073,0.07,0,0,0,-54.267,1,14.213,0
7.45,hazard,0,0,-25.783,34,48,20,2800,12,1.337,71.947,9,11,0,14.213,1,0.071,0.054,0,0,0,-54.267,1,14.213,0
7.458,hazard,0,0,-25.842,34,48,20,2800,12,1.331,71.813,9,11,0,14.213,1,0.088,0.081,0,0,0,-54.267,1,14.213,0
7.467,hazard,0,0,-25.9,34,48,20,2800,12,1.334,71.972,9,11,0,14.213,1,0.107,0.068,0,0,0,-54.267,1,14.213,0
7.475,hazard,0,0,-25.958,34,48,20,2800,12,1.331,71.947,9,11,0,14.213,1,0.078,0.082,0,0,0,-54.267,1,14.213,0
7.483,hazard,0,0,-26.017,34,48,20,2800,12,1.328,71.928,9,11,0,14.213,1,0.11,0.06,0,0,0,-54.267,1,14.213,0
7.492,hazard,0,0,-26.075,34,48,20,2800,12,1.328,71.9,9,11,0,14.213,1,0.099,0.07,0,0,0,-54.267,1,14.213,0
7.5,hazard,0,0,-26.133,34,48,20,2800,12,1.33,71.778,9,11,0,14.213,1,0.061,0.053,0,0,0,-54.267,1,14.213,0
7.508,hazard,0,0,-26.192,34,48,20,2800,12,1.329,71.93,9,11,0,14.213,1,0.092,0.073,0,0,0,-54.267,1,14.213,0
7.517,hazard,0,0,-26.25,34,48,20,2800,12,1.325,72.001,9,11,0,14.213,1,0.093,0.072,0,0,0,-54.267,1,14.213,0
7.525,hazard,0,0,-26.308,34,48,20,2800,12,1.325,72,9,11,0,14.213,1,0.105,0.061,0,0,0,-54.267,1,14.213,0
7.533,hazard,0,0,-26.367,34,48,20,2800,12,1.325,71.968,9,11,0,14.213,1,0.095,0.084,0,0,0,-54.267,1,14.213,0
7.542,hazard,0,0,-26.425,34,48,20,2800,12,1.326,71.967,9,11,0,14.213,1,0.08,0.06,0,0,0,-54.267,1,14.213,0
7.55,hazard,0,0,-26.483,34,48,20,2800,12,1.327,72.022,9,11,0,14.213,1,0.077,0.058,0,0,0,-54.267,1,14.213,0
7.558,hazard,0,0,-26.542,34,48,20,2800,12,1.326,72.045,9,11,0,14.213,1,0.061,0.087,0,0,0,-54.267,1,14.213,0
7.567,hazard,0,0,-26.6,34,48,20,2800,12,1.323,71.86,9,11,0,14.213,1,0.075,0.062,0,0,0,-54.267,1,14.213,0
7.575,hazard,0,0,-26.658,34,48,20,2800,12,1.325,71.849,9,11,0,14.213,1,0.066,0.057,0,0,0,-54.267,1,14.213,0
7.583,hazard,0,0,-26.717,34,48,20,2800,12,1.321,71.981,9,11,0,14.213,1,0.103,0.069,0,0,0,-54.267,1,14.213,0
7.592,hazard,0,0,-26.775,34,48,20,2800,12,1.317,71.922,9,11,0,14.213,1,0.091,0.073,0,0,0,-54.267,1,14.213,0
7.6,hazard,0,0,-26.833,34,48,20,2800,12,1.319,71.884,9,11,0,14.213,1,0.078,0.068,0,0,0,-54.267,1,14.213,0
7.608,hazard,0,0,-26.892,34,48,20,2800,12,1.32,71.824,9,11,0,14.213,1,0.07,0.087,0,0,0,-54.267,1,14.213,0
7.617,hazard,0,0,-26.95,34,48,20,2800,12,1.316,71.808,9,11,0,14.213,1,0.088,0.059,0,0,0,-54.267,1,14.213,0
7.625,hazard,0,0,-27.008,34,48,20,2800,12,1.316,71.983,9,11,0,14.213,1,0.109,0.069,0,0,0,-54.267,1,14.213,0
7.633,hazard,0,0,-27.067,34,48,20,2800,12,1.313,72.024,9,11,0,14.213,1,0.101,0.084,0,0,0,-54.267,1,14.213,0
7.642,hazard,0,0,-27.125,34,48,20,2800,12,1.314,72.058,9,11,0,14.213,1,0.101,0.066,0,0,0,-54.267,1,14.213,0
7.65,hazard,0,0,-27.183,34,48,20,2800,12,1.314,72.057,9,11,0,14.213,1,0.106,0.051,0,0,0,-54.267,1,14.213,0
7.658,hazard,0,0,-27.242,34,48,20,2800,12,1.318,71.985,9,11,0,14.213,1,0.072,0.069,0,0,0,-54.267,1,14.213,0
7.667,hazard,0,0,-27.3,34,48,20,2800,12,1.314,71.978,9,11,0,14.213,1,0.086,0.059,0,0,0,-54.267,1,14.213,0
7.675,hazard,0,0,-27.358,34,48,20,2800,12,1.31,71.835,9,11,0,14.213,1,0.1,0.069,0,0,0,-54.267,1,14.213,0
7.683,hazard,0,0,-27.417,34,48,20,2800,12,1.309,71.791,9,11,0,14.213,1,0.106,0.078,0,0,0,-54.267,1,14.213,0
7.692,hazard,0,0,-27.475,34,48,20,2800,12,1.314,72.035,9,11,0,14.213,1,0.096,0.072,0,0,0,-54.267,1,14.213,0
7.7,hazard,0,0,-27.533,34,48,20,2800,12,1.313,71.802,9,11,0,14.213,1,0.062,0.07,0,0,0,-54.267,1,14.213,0
7.708,hazard,0,0,-27.592,34,48,20,2800,12,1.312,71.858,9,11,0,14.213,1,0.078,0.051,0,0,0,-54.267,1,14.213,0
7.717,hazard,0,0,-27.65,34,48,20,2800,12,1.307,71.875,9,11,0,14.213,1,0.094,0.067,0,0,0,-54.267,1,14.213,0
7.725,hazard,0,0,-27.708,34,48,20,2800,12,1.31,71.8,9,11,0,14.213,1,0.109,0.088,0,0,0,-54.267,1,14.213,0
7.733,hazard,0,0,-27.767,34,48,20,2800,12,1.308,71.904,9,11,0,14.213,1,0.062,0.071,0,0,0,-54.267,1,14.213,0
7.742,hazard,0,0,-27.825,34,48,20,2800,12,1.307,72.053,9,11,0,14.213,1,0.079,0.065,0,0,0,-54.267,1,14.213,0
7.75,hazard,0,0,-27.883,34,48,20,2800,12,1.308,71.801,9,11,0,14.213,1,0.079,0.073,0,0,0,-54.267,1,14.213,0
7.758,hazard,0,0,-27.942,34,48,20,2800,12,1.302,71.963,9,11,0,14.213,1,0.092,0.066,0,0,0,-54.267,1,14.213,0
7.767,hazard,0,0,-28,34,48,20,2800,12,1.304,71.896,9,11,0,14.213,1,0.088,0.062,0,0,0,-54.267,1,14.213,0
7.775,hazard,0,0,-28.058,34,48,20,2800,12,1.3,72.027,9,11,0,14.213,1,0.064,0.069,0,0,0,-54.267,1,14.213,0
7.783,hazard,0,0,-28.117,34,48,20,2800,12,1.304,71.924,9,11,0,14.213,1,0.068,0.073,0,0,0,-54.267,1,14.213,0
7.792,hazard,0,0,-28.175,34,48,20,2800,12,1.302,72.033,9,11,0,14.213,1,0.08,0.068,0,0,0,-54.267,1,14.213,0
7.8,hazard,0,0,-28.233,34,48,20,2800,12,1.303,71.978,9,11,0,14.213,1,0.074,0.056,0,0,0,-54.267,1,14.213,0
7.808,hazard,0,0,-28.292,34,48,20,2800,12,1.302,71.814,9,11,0,14.213,1,0.085,0.077,0,0,0,-54.267,1,14.213,0
7.817,intervention,0,0,-28.292,33.925,47.867,20,2800,12,1.301,71.988,9,11,0,14.213,1,0.103,0.081,0,0,0,-54.267,1,14.213,0
7.825,intervention,0,0,-28.292,33.85,47.733,20,2800,12,1.297,72.004,9,11,0,14.213,1,0.061,0.06,0,0,0,-54.267,1,14.213,0
7.833,intervention,0,0,-28.292,33.775,47.6,20,2800,12,1.298,71.919,9,11,0,14.213,1,0.089,0.076,0,0,0,-54.267,1,14.213,0
7.842,intervention,0,0,-28.292,33.7,47.467,20,2800,12,1.299,71.858,9,11,0,14.213,1,0.077,0.052,0,0,0,-54.267,1,14.213,0
7.85,intervention,0,0,-28.292,33.625,47.333,20,2800,12,1.304,71.999,9,11,0,14.213,1,0.076,0.088,0,0,0,-54.267,1,14.213,0
7.858,intervention,0,0,-28.292,33.55,47.2,20,2800,12,1.3,71.87,9,11,0,14.213,1,0.109,0.088,0,0,0,-54.267,1,14.213,0
7.867,intervention,0,0,-28.292,33.475,47.067,20,2800,12,1.308,72.079,9,11,0,14.213,1,0.088,0.082,0,0,0,-54.267,1,14.213,0
7.875,intervention,0,0,-28.292,33.4,46.933,20,2800,12,1.306,71.964,9,11,0,14.213,1,0.084,0.066,0,0,0,-54.267,1,14.213,0
7.883,intervention,0,0,-28.292,33.325,46.8,20,2800,12,1.307,71.862,9,11,0,14.213,1,0.075,0.055,0,0,0,-54.267,1,14.213,0
7.892,intervention,0,0,-28.292,33.25,46.667,20,2800,12,1.303,72.083,9,11,0,14.213,1,0.1,0.056,0,0,0,-54.267,1,14.213,0
7.9,intervention,0,0,-28.292,33.175,46.533,20,2800,12,1.306,71.891,9,11,0,14.213,1,0.062,0.086,0,0,0,-54.267,1,14.213,0
7.908,intervention,0,0,-28.292,33.1,46.4,20,2800,12,1.309,71.834,9,11,0,14.213,1,0.102,0.066,0,0,0,-54.267,1,14.213,0
7.917,intervention,0,0,-28.292,33.025,46.267,20,2800,12,1.308,71.861,9,11,0,14.213,1,0.078,0.083,0,0,0,-54.267,1,14.213,0
7.925,intervention,0,0,-28.292,32.95,46.133,20,2800,12,1.31,71.837,9,11,0,14.213,1,0.092,0.062,0,0,0,-54.267,1,14.213,0
7.933,intervention,0,0,-28.292,32.875,46,20,2800,12,1.307,71.845,9,11,0,14.213,1,0.11,0.066,0,0,0,-54.267,1,14.213,0
7.942,intervention,0,0,-28.292,32.8,45.867,20,2800,12,1.313,72.027,9,11,0,14.213,1,0.099,0.057,0,0,0,-54.267,1,14.213,0
7.95,intervention,0,0,-28.292,32.725,45.733,20,2800,12,1.309,71.877,9,11,0,14.213,1,0.074,0.089,0,0,0,-54.267,1,14.213,0
7.958,intervention,0,0,-28.292,32.65,45.6,20,2800,12,1.308,72.002,9,11,0,14.213,1,0.105,0.058,0,0,0,-54.267,1,14.213,0
7.967,intervention,0,0,-28.292,32.575,45.467,20,2800,12,1.313,71.998,9,11,0,14.213,1,0.092,0.09,0,0,0,-54.267,1,14.213,0
7.975,intervention,0,0,-28.292,32.5,45.333,20,2800,12,1.314,72.083,9,11,0,14.213,1,0.087,0.059,0,0,0,-54.267,1,14.213,0
7.983,intervention,0,0,-28.292,32.425,45.2,20,2800,12,1.312,72.058,9,11,0,14.213,1,0.067,0.083,0,0,0,-54.267,1,14.213,0
7.992,intervention,0,0,-28.292,32.35,45.067,20,2800,12,1.315,71.822,9,11,0,14.213,1,0.063,0.054,0,0,0,-54.267,1,14.213,0
8,intervention,0,0,-28.292,32.275,44.933,20,2800,12,1.315,72.102,9,11,0,14.213,1,0.108,0.078,0,0,0,-54.267,1,14.213,0
8.008,intervention,0,0,-28.292,32.2,44.8,20,2800,12,1.312,71.914,9,11,0,14.213,1,0.077,0.088,0,0,0,-54.267,1,14.213,0
8.017,intervention,0,0,-28.292,32.125,44.667,20,2800,12,1.312,72.054,9,11,0,14.213,1,0.091,0.07,0,0,0,-54.267,1,14.213,0
8.025,intervention,0,0,-28.292,32.05,44.533,20,2800,12,1.319,71.825,9,11,0,14.213,1,0.061,0.086,0,0,0,-54.267,1,14.213,0
8.033,intervention,0,0,-28.292,31.975,44.4,20,2800,12,1.314,71.89,9,11,0,14.213,1,0.061,0.081,0,0,0,-54.267,1,14.213,0
8.042,intervention,0,0,-28.292,31.9,44.267,20,2800,12,1.319,72.071,9,11,0,14.213,1,0.094,0.072,0,0,0,-54.267,1,14.213,0
8.05,intervention,0,0,-28.292,31.825,44.133,20,2800,12,1.315,72.035,9,11,0,14.213,1,0.08,0.067,0,0,0,-54.267,1,14.213,0
8.058,intervention,0,0,-28.292,31.75,44,20,2800,12,1.322,71.989,9,11,0,14.213,1,0.072,0.077,0,0,0,-54.267,1,14.213,0
8.067,intervention,0,0,-28.292,31.675,43.867,20,2800,12,1.318,71.829,9,11,0,14.213,1,0.097,0.07,0,0,0,-54.267,1,14.213,0
8.075,intervention,0,0,-28.292,31.6,43.733,20,2800,12,1.323,72.081,9,11,0,14.213,1,0.071,0.084,0,0,0,-54.267,1,14.213,0
8.083,intervention,0,0,-28.292,31.525,43.6,20,2800,12,1.322,72.065,9,11,0,14.213,1,0.1,0.06,0,0,0,-54.267,1,14.213,0
8.092,intervention,0,0,-28.292,31.45,43.467,20,2800,12,1.319,71.923,9,11,0,14.213,1,0.105,0.068,0,0,0,-54.267,1,14.213,0
8.1,intervention,0,0,-28.292,31.375,43.333,20,2800,12,1.318,72.006,9,11,0,14.213,1,0.063,0.052,0,0,0,-54.267,1,14.213,0
8.108,intervention,0,0,-28.292,31.3,43.2,20,2800,12,1.325,72.074,9,11,0,14.213,1,0.104,0.086,0,0,0,-54.267,1,14.213,0
8.117,intervention,0,0,-28.292,31.225,43.067,20,2800,12,1.323,71.98,9,11,0,14.213,1,0.103,0.072,0,0,0,-54.267,1,14.213,0
8.125,intervention,0,0,-28.292,31.15,42.933,20,2800,12,1.327,71.856,9,11,0,14.213,1,0.077,0.085,0,0,0,-54.267,1,14.213,0
8.133,intervention,0,0,-28.292,31.075,42.8,20,2800,12,1.327,71.981,9,11,0,14.213,1,0.086,0.052,0,0,0,-54.267,1,14.213,0
8.142,intervention,0,0,-28.292,31,42.667,20,2800,12,1.329,71.874,9,11,0,14.213,1,0.093,0.09,0,0,0,-54.267,1,14.213,0
8.15,intervention,0,0,-28.292,30.925,42.533,20,2800,12,1.322,71.87,9,11,0,14.213,1,0.078,0.087,0,0,0,-54.267,1,14.213,0
8.158,intervention,0,0,-28.292,30.85,42.4,20,2800,12,1.325,71.941,9,11,0,14.213,1,0.072,0.078,0,0,0,-54.267,1,14.213,0
8.167,intervention,0,0,-28.292,30.775,42.267,20,2800,12,1.326,71.933,9,11,0,14.213,1,0.082,0.073,0,0,0,-54.267,1,14.213,0
8.175,intervention,0,0,-28.292,30.7,42.133,20,2800,12,1.324,72.092,9,11,0,14.213,1,0.095,0.052,0,0,0,-54.267,1,14.213,0
8.183,intervention,0,0,-28.292,30.625,42,20,2800,12,1.327,72.06,9,11,0,14.213,1,0.074,0.06,0,0,0,-54.267,1,14.213,0
8.192,intervention,0,0,-28.292,30.55,41.867,20,2800,12,1.326,71.862,9,11,0,14.213,1,0.108,0.087,0,0,0,-54.267,1,14.213,0
8.2,intervention,0,0,-28.292,30.475,41.733,20,2800,12,1.333,72.045,9,11,0,14.213,1,0.08,0.058,0,0,0,-54.267,1,14.213,0
8.208,intervention,0,0,-28.292,30.4,41.6,20,2800,12,1.334,71.991,9,11,0,14.213,1,0.085,0.063,0,0,0,-54.267,1,14.213,0
8.217,intervention,0,0,-28.292,30.325,41.467,20,2800,12,1.331,71.932,9,11,0,14.213,1,0.092,0.079,0,0,0,-54.267,1,14.213,0
8.225,intervention,0,0,-28.292,30.25,41.333,20,2800,12,1.33,71.934,9,11,0,14.213,1,0.065,0.082,0,0,0,-54.267,1,14.213,0
8.233,intervention,0,0,-28.292,30.175,41.2,20,2800,12,1.334,71.963,9,11,0,14.213,1,0.107,0.059,0,0,0,-54.267,1,14.213,0
8.242,intervention,0,0,-28.292,30.1,41.067,20,2800,12,1.334,71.879,9,11,0,14.213,1,0.076,0.062,0,0,0,-54.267,1,14.213,0
8.25,intervention,0,0,-28.292,30.025,40.933,20,2800,12,1.333,72.11,9,11,0,14.213,1,0.089,0.075,0,0,0,-54.267,1,14.213,0
8.258,intervention,0,0,-28.292,29.95,40.8,20,2800,12,1.334,71.87,9,11,0,14.213,1,0.085,0.065,0,0,0,-54.267,1,14.213,0
8.267,intervention,0,0,-28.292,29.875,40.667,20,2800,12,1.334,72.111,9,11,0,14.213,1,0.083,0.061,0,0,0,-54.267,1,14.213,0
8.275,intervention,0,0,-28.292,29.8,40.533,20,2800,12,1.338,72.017,9,11,0,14.213,1,0.107,0.083,0,0,0,-54.267,1,14.213,0
8.283,intervention,0,0,-28.292,29.725,40.4,20,2800,12,1.339,72.112,9,11,0,14.213,1,0.108,0.07,0,0,0,-54.267,1,14.213,0
8.292,intervention,0,0,-28.292,29.65,40.267,20,2800,12,1.334,72.103,9,11,0,14.213,1,0.095,0.059,0,0,0,-54.267,1,14.213,0
8.3,intervention,0,0,-28.292,29.575,40.133,20,2800,12,1.337,71.852,9,11,0,14.213,1,0.103,0.085,0,0,0,-54.267,1,14.213,0
8.308,intervention,0,0,-28.292,29.5,40,20,2800,12,1.339,72.079,9,11,0,14.213,1,0.066,0.081,0,0,0,-54.267,1,14.213,0
8.317,intervention,0,0,-28.292,29.425,39.867,20,2800,12,1.34,72.123,9,11,0,14.213,1,0.101,0.089,0,0,0,-54.267,1,14.213,0
8.325,intervention,0,0,-28.292,29.35,39.733,20,2800,12,1.339,71.923,9,11,0,14.213,1,0.109,0.072,0,0,0,-54.267,1,14.213,0
8.333,intervention,0,0,-28.292,29.275,39.6,20,2800,12,1.338,72.05,9,11,0,14.213,1,0.086,0.088,0,0,0,-54.267,1,14.213,0
8.342,intervention,0,0,-28.292,29.2,39.467,20,2800,12,1.343,72.108,9,11,0,14.213,1,0.097,0.062,0,0,0,-54.267,1,14.213,0
8.35,intervention,0,0,-28.292,29.125,39.333,20,2800,12,1.34,72.118,9,11,0,14.213,1,0.074,0.084,0,0,0,-54.267,1,14.213,0
8.358,intervention,0,0,-28.292,29.05,39.2,20,2800,12,1.344,71.864,9,11,0,14.213,1,0.081,0.061,0,0,0,-54.267,1,14.213,0
8.367,intervention,0,0,-28.292,28.975,39.067,20,2800,12,1.344,71.933,9,11,0,14.213,1,0.097,0.062,0,0,0,-54.267,1,14.213,0
8.375,intervention,0,0,-28.292,28.9,38.933,20,2800,12,1.344,72.076,9,11,0,14.213,1,0.073,0.078,0,0,0,-54.267,1,14.213,0
8.383,intervention,0,0,-28.292,28.825,38.8,20,2800,12,1.343,71.907,9,11,0,14.213,1,0.101,0.065,0,0,0,-54.267,1,14.213,0
8.392,intervention,0,0,-28.292,28.75,38.667,20,2800,12,1.34,71.897,9,11,0,14.213,1,0.079,0.09,0,0,0,-54.267,1,14.213,0
8.4,intervention,0,0,-28.292,28.675,38.533,20,2800,12,1.341,72.118,9,11,0,14.213,1,0.065,0.064,0,0,0,-54.267,1,14.213,0
8.408,intervention,0,0,-28.292,28.6,38.4,20,2800,12,1.342,72.156,9,11,0,14.213,1,0.103,0.063,0,0,0,-54.267,1,14.213,0
8.417,intervention,0,0,-28.292,28.525,38.267,20,2800,12,1.35,71.97,9,11,0,14.213,1,0.091,0.076,0,0,0,-54.267,1,14.213,0
8.425,intervention,0,0,-28.292,28.45,38.133,20,2800,12,1.348,71.96,9,11,0,14.213,1,0.091,0.074,0,0,0,-54.267,1,14.213,0
8.433,intervention,0,0,-28.292,28.375,38,20,2800,12,1.347,72.104,9,11,0,14.213,1,0.073,0.072,0,0,0,-54.267,1,14.213,0
8.442,intervention,0,0,-28.292,28.3,37.867,20,2800,12,1.351,72.005,9,11,0,14.213,1,0.093,0.062,0,0,0,-54.267,1,14.213,0
8.45,intervention,0,0,-28.292,28.225,37.733,20,2800,12,1.346,71.887,9,11,0,14.213,1,0.076,0.069,0,0,0,-54.267,1,14.213,0
8.458,intervention,0,0,-28.292,28.15,37.6,20,2800,12,1.35,72.001,9,11,0,14.213,1,0.074,0.083,0,0,0,-54.267,1,14.213,0
8.467,intervention,0,0,-28.292,28.075,37.467,20,2800,12,1.347,72.129,9,11,0,14.213,1,0.092,0.084,0,0,0,-54.267,1,14.213,0
8.475,intervention,0,0,-28.292,28,37.333,20,2800,12,1.354,71.902,9,11,0,14.213,1,0.09,0.063,0,0,0,-54.267,1,14.213,0
8.483,intervention,0,0,-28.292,27.925,37.2,20,2800,12,1.35,71.873,9,11,0,14.213,1,0.067,0.065,0,0,0,-54.267,1,14.213,0
8.492,intervention,0,0,-28.292,27.85,37.067,20,2800,12,1.351,71.998,9,11,0,14.213,1,0.085,0.052,0,0,0,-54.267,1,14.213,0
8.5,intervention,0,0,-28.292,27.775,36.933,20,2800,12,1.356,71.932,9,11,0,14.213,1,0.109,0.088,0,0,0,-54.267,1,14.213,0
8.508,intervention,0,0,-28.292,27.7,36.8,20,2800,12,1.355,72.012,9,11,0,14.213,1,0.082,0.066,0,0,0,-54.267,1,14.213,0
8.517,intervention,0,0,-28.292,27.625,36.667,20,2800,12,1.355,72.155,9,11,0,14.213,1,0.107,0.066,0,0,0,-54.267,1,14.213,0
8.525,intervention,0,0,-28.292,27.55,36.533,20,2800,12,1.355,71.908,9,11,0,14.213,1,0.09,0.078,0,0,0,-54.267,1,14.213,0
8.533,intervention,0,0,-28.292,27.475,36.4,20,2800,12,1.358,72.025,9,11,0,14.213,1,0.069,0.077,0,0,0,-54.267,1,14.213,0
8.542,intervention,0,0,-28.292,27.4,36.267,20,2800,12,1.355,72.143,9,11,0,14.213,1,0.078,0.067,0,0,0,-54.267,1,14.213,0
8.55,intervention,0,0,-28.292,27.325,36.133,20,2800,12,1.357,72.124,9,11,0,14.213,1,0.086,0.073,0,0,0,-54.267,1,14.213,0
8.558,intervention,0,0,-28.292,27.25,36,20,2800,12,1.36,71.927,9,11,0,14.213,1,0.088,0.05,0,0,0,-54.267,1,14.213,0
8.567,intervention,0,0,-28.292,27.175,35.867,20,2800,12,1.357,71.928,9,11,0,14.213,1,0.108,0.08,0,0,0,-54.267,1,14.213,0
8.575,intervention,0,0,-28.292,27.1,35.733,20,2800,12,1.357,71.967,9,11,0,14.213,1,0.083,0.055,0,0,0,-54.267,1,14.213,0
8.583,intervention,0,0,-28.292,27.025,35.6,20,2800,12,1.359,72.006,9,11,0,14.213,1,0.092,0.07,0,0,0,-54.267,1,14.213,0
8.592,intervention,0,0,-28.292,26.95,35.467,20,2800,12,1.362,72.07,9,11,0,14.213,1,0.085,0.082,0,0,0,-54.267,1,14.213,0
8.6,intervention,0,0,-28.292,26.875,35.333,20,2800,12,1.358,71.929,9,11,0,14.213,1,0.084,0.051,0,0,0,-54.267,1,14.213,0
8.608,intervention,0,0,-28.292,26.8,35.2,20,2800,12,1.364,71.948,9,11,0,14.213,1,0.108,0.066,0,0,0,-54.267,1,14.213,0
8.617,intervention,0,0,-28.292,26.725,35.067,20,2800,12,1.358,72.125,9,11,0,14.213,1,0.061,0.065,0,0,0,-54.267,1,14.213,0
8.625,intervention,0,0,-28.292,26.65,34.933,20,2800,12,1.364,72.077,9,11,0,14.213,1,0.097,0.073,0,0,0,-54.267,1,14.213,0
8.633,intervention,0,0,-28.292,26.575,34.8,20,2800,12,1.361,71.921,9,11,0,14.213,1,0.088,0.087,0,0,0,-54.267,1,14.213,0
8.642,intervention,0,0,-28.292,26.5,34.667,20,2800,12,1.367,72.178,9,11,0,14.213,1,0.087,0.06,0,0,0,-54.267,1,14.213,0
8.65,intervention,0,0,-28.292,26.425,34.533,20,2800,12,1.365,72.097,9,11,0,14.213,1,0.095,0.073,0,0,0,-54.267,1,14.213,0
8.658,intervention,0,0,-28.292,26.35,34.4,20,2800,12,1.365,72.178,9,11,0,14.213,1,0.092,0.086,0,0,0,-54.267,1,14.213,0
8.667,intervention,0,0,-28.292,26.275,34.267,20,2800,12,1.369,72.056,9,11,0,14.213,1,0.101,0.065,0,0,0,-54.267,1,14.213,0
8.675,intervention,0,0,-28.292,26.2,34.133,20,2800,12,1.369,72.137,9,11,0,14.213,1,0.072,0.062,0,0,0,-54.267,1,14.213,0
8.683,intervention,0,0,-28.292,26.125,34,20,2800,12,1.369,72.098,9,11,0,14.213,1,0.099,0.069,0,0,0,-54.267,1,14.213,0
8.692,intervention,0,0,-28.292,26.05,33.867,20,2800,12,1.369,71.92,9,11,0,14.213,1,0.09,0.072,0,0,0,-54.267,1,14.213,0
8.7,intervention,0,0,-28.292,25.975,33.733,20,2800,12,1.372,72.053,9,11,0,14.213,1,0.105,0.083,0,0,0,-54.267,1,14.213,0
8.708,intervention,0,0,-28.292,25.9,33.6,20,2800,12,1.369,72.051,9,11,0,14.213,1,0.077,0.07,0,0,0,-54.267,1,14.213,0
8.717,intervention,0,0,-28.292,25.825,33.467,20,2800,12,1.368,71.986,9,11,0,14.213,1,0.088,0.071,0,0,0,-54.267,1,14.213,0
8.725,intervention,0,0,-28.292,25.75,33.333,20,2800,12,1.372,72.037,9,11,0,14.213,1,0.082,0.059,0,0,0,-54.267,1,14.213,0
8.733,intervention,0,0,-28.292,25.675,33.2,20,2800,12,1.37,72.137,9,11,0,14.213,1,0.082,0.068,0,0,0,-54.267,1,14.213,0
8.742,intervention,0,0,-28.292,25.6,33.067,20,2800,12,1.372,72.097,9,11,0,14.213,1,0.074,0.074,0,0,0,-54.267,1,14.213,0
8.75,intervention,0,0,-28.292,25.525,32.933,20,2800,12,1.374,72.112,9,11,0,14.213,1,0.067,0.069,0,0,0,-54.267,1,14.213,0
8.758,intervention,0,0,-28.292,25.45,32.8,20,2800,12,1.374,71.995,9,11,0,14.213,1,0.062,0.057,0,0,0,-54.267,1,14.213,0
8.767,intervention,0,0,-28.292,25.375,32.667,20,2800,12,1.377,72.084,9,11,0,14.213,1,0.078,0.084,0,0,0,-54.267,1,14.213,0
8.775,intervention,0,0,-28.292,25.3,32.533,20,2800,12,1.375,72.084,9,11,0,14.213,1,0.08,0.066,0,0,0,-54.267,1,14.213,0
8.783,intervention,0,0,-28.292,25.225,32.4,20,2800,12,1.371,72.007,9,11,0,14.213,1,0.104,0.051,0,0,0,-54.267,1,14.213,0
8.792,intervention,0,0,-28.292,25.15,32.267,20,2800,12,1.372,72.084,9,11,0,14.213,1,0.087,0.088,0,0,0,-54.267,1,14.213,0
8.8,intervention,0,0,-28.292,25.075,32.133,20,2800,12,1.373,71.955,9,11,0,14.213,1,0.098,0.081,0,0,0,-54.267,1,14.213,0
8.808,intervention,0,0,-28.292,25,32,20,2800,12,1.379,72.137,9,11,0,14.213,1,0.085,0.064,0,0,0,-54.267,1,14.213,0
8.817,intervention,0,0,-28.292,24.925,31.867,20,2800,12,1.379,72.174,9,11,0,14.213,1,0.061,0.084,0,0,0,-54.267,1,14.213,0
8.825,intervention,0,0,-28.292,24.85,31.733,20,2800,12,1.382,71.994,9,11,0,14.213,1,0.098,0.058,0,0,0,-54.267,1,14.213,0
8.833,intervention,0,0,-28.292,24.775,31.6,20,2800,12,1.38,71.99,9,11,0,14.213,1,0.099,0.078,0,0,0,-54.267,1,14.213,0
8.842,intervention,0,0,-28.292,24.7,31.467,20,2800,12,1.383,71.921,9,11,0,14.213,1,0.08,0.065,0,0,0,-54.267,1,14.213,0
8.85,intervention,0,0,-28.292,24.625,31.333,20,2800,12,1.38,72.194,9,11,0,14.213,1,0.085,0.057,0,0,0,-54.267,1,14.213,0
8.858,intervention,0,0,-28.292,24.55,31.2,20,2800,12,1.386,72.011,9,11,0,14.213,1,0.087,0.051,0,0,0,-54.267,1,14.213,0
8.867,intervention,0,0,-28.292,24.475,31.067,20,2800,12,1.386,72.148,9,11,0,14.213,1,0.065,0.056,0,0,0,-54.267,1,14.213,0
8.875,intervention,0,0,-28.292,24.4,30.933,20,2800,12,1.386,72.066,9,11,0,14.213,1,0.095,0.067,0,0,0,-54.267,1,14.213,0
8.883,intervention,0,0,-28.292,24.325,30.8,20,2800,12,1.388,72.04,9,11,0,14.213,1,0.09,0.062,0,0,0,-54.267,1,14.213,0
8.892,intervention,0,0,-28.292,24.25,30.667,20,2800,12,1.388,72.194,9,11,0,14.213,1,0.089,0.086,0,0,0,-54.267,1,14.213,0
8.9,intervention,0,0,-28.292,24.175,30.533,20,2800,12,1.388,72.078,9,11,0,14.213,1,0.084,0.084,0,0,0,-54.267,1,14.213,0
8.908,intervention,0,0,-28.292,24.1,30.4,20,2800,12,1.391,72.068,9,11,0,14.213,1,0.063,0.064,0,0,0,-54.267,1,14.213,0
8.917,intervention,0,0,-28.292,24.025,30.267,20,2800,12,1.389,72.071,9,11,0,14.213,1,0.083,0.086,0,0,0,-54.267,1,14.213,0
8.925,intervention,0,0,-28.292,23.95,30.133,20,2800,12,1.393,72.163,9,11,0,14.213,1,0.102,0.084,0,0,0,-54.267,1,14.213,0
8.933,intervention,0,0,-28.292,23.875,30,20,2800,12,1.398,72.141,9,11,0,14.213,1,0.07,0.087,0,0,0,-54.267,1,14.213,0
8.942,intervention,0,0,-28.292,23.8,29.867,20,2800,12,1.393,72.014,9,11,0,14.213,1,0.078,0.081,0,0,0,-54.267,1,14.213,0
8.95,intervention,0,0,-28.292,23.725,29.733,20,2800,12,1.397,71.943,9,11,0,14.213,1,0.086,0.084,0,0,0,-54.267,1,14.213,0
8.958,intervention,0,0,-28.292,23.65,29.6,20,2800,12,1.398,72.115,9,11,0,14.213,1,0.069,0.052,0,0,0,-54.267,1,14.213,0
8.967,intervention,0,0,-28.292,23.575,29.467,20,2800,12,1.402,72.031,9,11,0,14.213,1,0.101,0.057,0,0,0,-54.267,1,14.213,0
8.975,intervention,0,0,-28.292,23.5,29.333,20,2800,12,1.399,72.132,9,11,0,14.213,1,0.088,0.055,0,0,0,-54.267,1,14.213,0
8.983,intervention,0,0,-28.292,23.425,29.2,20,2800,12,1.4,72.129,9,11,0,14.213,1,0.094,0.074,0,0,0,-54.267,1,14.213,0
8.992,intervention,0,0,-28.292,23.35,29.067,20,2800,12,1.406,72.132,9,11,0,14.213,1,0.087,0.079,0,0,0,-54.267,1,14.213,0
9,intervention,0,0,-28.292,23.275,28.933,20,2800,12,1.4,72.043,9,11,0,14.213,1,0.105,0.09,0,0,0,-54.267,1,14.213,0
9.008,intervention,0,0,-28.292,23.2,28.8,20,2800,12,1.401,72.04,9,11,0,14.213,1,0.067,0.072,0,0,0,-54.267,1,14.213,0
9.017,intervention,0,0,-28.292,23.125,28.667,20,2800,12,1.406,72.209,9,11,0,14.213,1,0.082,0.056,0,0,0,-54.267,1,14.213,0
9.025,intervention,0,0,-28.292,23.05,28.533,20,2800,12,1.409,71.995,9,11,0,14.213,1,0.087,0.072,0,0,0,-54.267,1,14.213,0
9.033,intervention,0,0,-28.292,22.975,28.4,20,2800,12,1.409,72.049,9,11,0,14.213,1,0.065,0.071,0,0,0,-54.267,1,14.213,0
9.042,intervention,0,0,-28.292,22.9,28.267,20,2800,12,1.411,72.187,9,11,0,14.213,1,0.068,0.085,0,0,0,-54.267,1,14.213,0
9.05,intervention,0,0,-28.292,22.825,28.133,20,2800,12,1.41,72.161,9,11,0,14.213,1,0.096,0.058,0,0,0,-54.267,1,14.213,0
9.058,intervention,0,0,-28.292,22.75,28,20,2800,12,1.416,72.161,9,11,0,14.213,1,0.077,0.082,0,0,0,-54.267,1,14.213,0
9.067,intervention,0,0,-28.292,22.675,27.867,20,2800,12,1.412,72.132,9,11,0,14.213,1,0.072,0.077,0,0,0,-54.267,1,14.213,0
9.075,intervention,0,0,-28.292,22.6,27.733,20,2800,12,1.418,72.029,9,11,0,14.213,1,0.092,0.06,0,0,0,-54.267,1,14.213,0
9.083,intervention,0,0,-28.292,22.525,27.6,20,2800,12,1.419,72.082,9,11,0,14.213,1,0.068,0.054,0,0,0,-54.267,1,14.213,0
9.092,intervention,0,0,-28.292,22.45,27.467,20,2800,12,1.416,72.068,9,11,0,14.213,1,0.062,0.067,0,0,0,-54.267,1,14.213,0
9.1,intervention,0,0,-28.292,22.375,27.333,20,2800,12,1.421,71.967,9,11,0,14.213,1,0.091,0.08,0,0,0,-54.267,1,14.213,0
9.108,intervention,0,0,-28.292,22.3,27.2,20,2800,12,1.418,72.049,9,11,0,14.213,1,0.106,0.056,0,0,0,-54.267,1,14.213,0
9.117,intervention,0,0,-28.292,22.225,27.067,20,2800,12,1.419,72.004,9,11,0,14.213,1,0.066,0.05,0,0,0,-54.267,1,14.213,0
9.125,intervention,0,0,-28.292,22.15,26.933,20,2800,12,1.423,72.219,9,11,0,14.213,1,0.062,0.066,0,0,0,-54.267,1,14.213,0
9.133,intervention,0,0,-28.292,22.075,26.8,20,2800,12,1.427,72.226,9,11,0,14.213,1,0.092,0.059,0,0,0,-54.267,1,14.213,0
9.142,intervention,0,0,-28.292,22,26.667,20,2800,12,1.424,72.169,9,11,0,14.213,1,0.08,0.059,0,0,0,-54.267,1,14.213,0
9.15,intervention,0,0,-28.292,21.925,26.533,20,2800,12,1.422,72.239,9,11,0,14.213,1,0.067,0.074,0,0,0,-54.267,1,14.213,0
9.158,intervention,0,0,-28.292,21.85,26.4,20,2800,12,1.424,71.995,9,11,0,14.213,1,0.08,0.062,0,0,0,-54.267,1,14.213,0
9.167,intervention,0,0,-28.292,21.775,26.267,20,2800,12,1.427,72.056,9,11,0,14.213,1,0.093,0.066,0,0,0,-54.267,1,14.213,0
9.175,intervention,0,0,-28.292,21.7,26.133,20,2800,12,1.427,72.042,9,11,0,14.213,1,0.105,0.062,0,0,0,-54.267,1,14.213,0
9.183,intervention,0,0,-28.292,21.625,26,20,2800,12,1.427,72.106,9,11,0,14.213,1,0.093,0.083,0,0,0,-54.267,1,14.213,0
9.192,intervention,0,0,-28.292,21.55,25.867,20,2800,12,1.432,72.124,9,11,0,14.213,1,0.093,0.082,0,0,0,-54.267,1,14.213,0
9.2,intervention,0,0,-28.292,21.475,25.733,20,2800,12,1.435,72.251,9,11,0,14.213,1,0.093,0.078,0,0,0,-54.267,1,14.213,0
9.208,intervention,0,0,-28.292,21.4,25.6,20,2800,12,1.433,71.99,9,11,0,14.213,1,0.073,0.086,0,0,0,-54.267,1,14.213,0
9.217,intervention,0,0,-28.292,21.325,25.467,20,2800,12,1.437,72.163,9,11,0,14.213,1,0.075,0.054,0,0,0,-54.267,1,14.213,0
9.225,intervention,0,0,-28.292,21.25,25.333,20,2800,12,1.434,71.962,9,11,0,14.213,1,0.097,0.075,0,0,0,-54.267,1,14.213,0
9.233,intervention,0,0,-28.292,21.175,25.2,20,2800,12,1.435,72.229,9,11,0,14.213,1,0.066,0.058,0,0,0,-54.267,1,14.213,0
9.242,intervention,0,0,-28.292,21.1,25.067,20,2800,12,1.436,72.155,9,11,0,14.213,1,0.108,0.069,0,0,0,-54.267,1,14.213,0
9.25,intervention,0,0,-28.292,21.025,24.933,20,2800,12,1.44,72.158,9,11,0,14.213,1,0.074,0.066,0,0,0,-54.267,1,14.213,0
9.258,intervention,0,0,-28.292,20.95,24.8,20,2800,12,1.44,71.988,9,11,0,14.213,1,0.096,0.089,0,0,0,-54.267,1,14.213,0
9.267,intervention,0,0,-28.292,20.875,24.667,20,2800,12,1.443,72.127,9,11,0,14.213,1,0.097,0.066,0,0,0,-54.267,1,14.213,0
9.275,intervention,0,0,-28.292,20.8,24.533,20,2800,12,1.439,72.105,9,11,0,14.213,1,0.086,0.072,0,0,0,-54.267,1,14.213,0
9.283,intervention,0,0,-28.292,20.725,24.4,20,2800,12,1.444,72.099,9,11,0,14.213,1,0.089,0.062,0,0,0,-54.267,1,14.213,0
9.292,intervention,0,0,-28.292,20.65,24.267,20,2800,12,1.444,72.199,9,11,0,14.213,1,0.104,0.075,0,0,0,-54.267,1,14.213,0
9.3,intervention,0,0,-28.292,20.575,24.133,20,2800,12,1.449,72.026,9,11,0,14.213,1,0.065,0.063,0,0,0,-54.267,1,14.213,0
9.308,intervention,0,0,-28.292,20.5,24,20,2800,12,1.444,72.129,9,11,0,14.213,1,0.077,0.082,0,0,0,-54.267,1,14.213,0
9.317,intervention,0,0,-28.292,20.425,23.867,20,2800,12,1.447,72.245,9,11,0,14.213,1,0.11,0.062,0,0,0,-54.267,1,14.213,0
9.325,intervention,0,0,-28.292,20.35,23.733,20,2800,12,1.449,72.049,9,11,0,14.213,1,0.085,0.086,0,0,0,-54.267,1,14.213,0
9.333,intervention,0,0,-28.292,20.275,23.6,20,2800,12,1.45,72.174,9,11,0,14.213,1,0.062,0.086,0,0,0,-54.267,1,14.213,0
9.342,intervention,0,0,-28.292,20.2,23.467,20,2800,12,1.45,72.222,9,11,0,14.213,1,0.087,0.087,0,0,0,-54.267,1,14.213,0
9.35,intervention,0,0,-28.292,20.125,23.333,20,2800,12,1.454,72.055,9,11,0,14.213,1,0.085,0.087,0,0,0,-54.267,1,14.213,0
9.358,intervention,0,0,-28.292,20.05,23.2,20,2800,12,1.452,72.072,9,11,0,14.213,1,0.107,0.063,0,0,0,-54.267,1,14.213,0
9.367,intervention,0,0,-28.292,19.975,23.067,20,2800,12,1.454,72.002,9,11,0,14.213,1,0.084,0.077,0,0,0,-54.267,1,14.213,0
9.375,intervention,0,0,-28.292,19.9,22.933,20,2800,12,1.46,72.193,9,11,0,14.213,1,0.087,0.084,0,0,0,-54.267,1,14.213,0
9.383,intervention,0,0,-28.292,19.825,22.8,20,2800,12,1.459,72.081,9,11,0,14.213,1,0.102,0.055,0,0,0,-54.267,1,14.213,0
9.392,intervention,0,0,-28.292,19.75,22.667,20,2800,12,1.457,72.05,9,11,0,14.213,1,0.081,0.073,0,0,0,-54.267,1,14.213,0
9.4,intervention,0,0,-28.292,19.675,22.533,20,2800,12,1.464,72.102,9,11,0,14.213,1,0.099,0.085,0,0,0,-54.267,1,14.213,0
9.408,intervention,0,0,-28.292,19.6,22.4,20,2800,12,1.459,72.059,9,11,0,14.213,1,0.099,0.052,0,0,0,-54.267,1,14.213,0
9.417,intervention,0,0,-28.292,19.525,22.267,20,2800,12,1.461,72.265,9,11,0,14.213,1,0.075,0.054,0,0,0,-54.267,1,14.213,0
9.425,intervention,0,0,-28.292,19.45,22.133,20,2800,12,1.465,72.172,9,11,0,14.213,1,0.105,0.067,0,0,0,-54.267,1,14.213,0
9.433,intervention,0,0,-28.292,19.375,22,20,2800,12,1.462,72.269,9,11,0,14.213,1,0.101,0.077,0,0,0,-54.267,1,14.213,0
9.442,intervention,0,0,-28.292,19.3,21.867,20,2800,12,1.464,72.2,9,11,0,14.213,1,0.077,0.064,0,0,0,-54.267,1,14.213,0
9.45,intervention,0,0,-28.292,19.225,21.733,20,2800,12,1.469,72.193,9,11,0,14.213,1,0.108,0.086,0,0,0,-54.267,1,14.213,0
9.458,intervention,0,0,-28.292,19.15,21.6,20,2800,12,1.47,72.17,9,11,0,14.213,1,0.102,0.067,0,0,0,-54.267,1,14.213,0
9.467,intervention,0,0,-28.292,19.075,21.467,20,2800,12,1.473,72.083,9,11,0,14.213,1,0.097,0.061,0,0,0,-54.267,1,14.213,0
9.475,intervention,0,0,-28.292,19,21.333,20,2800,12,1.474,72.244,9,11,0,14.213,1,0.072,0.071,0,0,0,-54.267,1,14.213,0
9.483,intervention,0,0,-28.292,18.925,21.2,20,2800,12,1.476,72.24,9,11,0,14.213,1,0.065,0.085,0,0,0,-54.267,1,14.213,0
9.492,intervention,0,0,-28.292,18.85,21.067,20,2800,12,1.476,72.249,9,11,0,14.213,1,0.069,0.053,0,0,0,-54.267,1,14.213,0
9.5,intervention,0,0,-28.292,18.775,20.933,20,2800,12,1.474,72.195,9,11,0,14.213,1,0.073,0.069,0,0,0,-54.267,1,14.213,0
9.508,intervention,0,0,-28.292,18.7,20.8,20,2800,12,1.473,72.112,9,11,0,14.213,1,0.068,0.069,0,0,0,-54.267,1,14.213,0
9.517,intervention,0,0,-28.292,18.625,20.667,20,2800,12,1.477,72.058,9,11,0,14.213,1,0.065,0.058,0,0,0,-54.267,1,14.213,0
9.525,intervention,0,0,-28.292,18.55,20.533,20,2800,12,1.48,72.051,9,11,0,14.213,1,0.09,0.051,0,0,0,-54.267,1,14.213,0
9.533,intervention,0,0,-28.292,18.475,20.4,20,2800,12,1.483,72.002,9,11,0,14.213,1,0.102,0.069,0,0,0,-54.267,1,14.213,0
9.542,intervention,0,0,-28.292,18.4,20.267,20,2800,12,1.484,72.175,9,11,0,14.213,1,0.079,0.088,0,0,0,-54.267,1,14.213,0
9.55,intervention,0,0,-28.292,18.325,20.133,20,2800,12,1.486,72.283,9,11,0,14.213,1,0.077,0.063,0,0,0,-54.267,1,14.213,0
9.558,intervention,0,0,-28.292,18.25,20,20,2800,12,1.485,72.035,9,11,0,14.213,1,0.074,0.073,0,0,0,-54.267,1,14.213,0
9.567,intervention,0,0,-28.292,18.175,19.867,20,2800,12,1.486,72.102,9,11,0,14.213,1,0.062,0.063,0,0,0,-54.267,1,14.213,0
9.575,intervention,0,0,-28.292,18.1,19.733,20,2800,12,1.488,72.019,9,11,0,14.213,1,0.066,0.068,0,0,0,-54.267,1,14.213,0
9.583,intervention,0,0,-28.292,18.025,19.6,20,2800,12,1.486,72.038,9,11,0,14.213,1,0.082,0.053,0,0,0,-54.267,1,14.213,0
9.592,intervention,0,0,-28.292,17.95,19.467,20,2800,12,1.487,72.025,9,11,0,14.213,1,0.103,0.084,0,0,0,-54.267,1,14.213,0
9.6,intervention,0,0,-28.292,17.875,19.333,20,2800,12,1.486,72.077,9,11,0,14.213,1,0.069,0.066,0,0,0,-54.267,1,14.213,0
9.608,intervention,0,0,-28.292,17.8,19.2,20,2800,12,1.494,72.117,9,11,0,14.213,1,0.086,0.075,0,0,0,-54.267,1,14.213,0
9.617,intervention,0,0,-28.292,17.725,19.067,20,2800,12,1.49,72.039,9,11,0,14.213,1,0.104,0.087,0,0,0,-54.267,1,14.213,0
9.625,intervention,0,0,-28.292,17.65,18.933,20,2800,12,1.49,72.104,9,11,0,14.213,1,0.067,0.055,0,0,0,-54.267,1,14.213,0
9.633,intervention,0,0,-28.292,17.575,18.8,20,2800,12,1.497,72.02,9,11,0,14.213,1,0.083,0.085,0,0,0,-54.267,1,14.213,0
9.642,intervention,0,0,-28.292,17.5,18.667,20,2800,12,1.496,72.028,9,11,0,14.213,1,0.064,0.08,0,0,0,-54.267,1,14.213,0
9.65,intervention,0,0,-28.292,17.425,18.533,20,2800,12,1.497,72.118,9,11,0,14.213,1,0.065,0.088,0,0,0,-54.267,1,14.213,0
9.658,intervention,0,0,-28.292,17.35,18.4,20,2800,12,1.5,72.156,9,11,0,14.213,1,0.089,0.089,0,0,0,-54.267,1,14.213,0
9.667,intervention,0,0,-28.292,17.275,18.267,20,2800,12,1.501,72.132,9,11,0,14.213,1,0.103,0.07,0,0,0,-54.267,1,14.213,0
9.675,intervention,0,0,-28.292,17.2,18.133,20,2800,12,1.497,72.098,9,11,0,14.213,1,0.094,0.078,0,0,0,-54.267,1,14.213,0
9.683,intervention,0,0,-28.292,17.125,18,20,2800,12,1.504,72.197,9,11,0,14.213,1,0.101,0.081,0,0,0,-54.267,1,14.213,0
9.692,intervention,0,0,-28.292,17.05,17.867,20,2800,12,1.504,72.134,9,11,0,14.213,1,0.105,0.058,0,0,0,-54.267,1,14.213,0
9.7,intervention,0,0,-28.292,16.975,17.733,20,2800,12,1.507,72.136,9,11,0,14.213,1,0.069,0.086,0,0,0,-54.267,1,14.213,0
9.708,intervention,0,0,-28.292,16.9,17.6,20,2800,12,1.506,72.305,9,11,0,14.213,1,0.098,0.073,0,0,0,-54.267,1,14.213,0
9.717,intervention,0,0,-28.292,16.825,17.467,20,2800,12,1.507,72.151,9,11,0,14.213,1,0.068,0.052,0,0,0,-54.267,1,14.213,0
9.725,intervention,0,0,-28.292,16.75,17.333,20,2800,12,1.508,72.078,9,11,0,14.213,1,0.106,0.074,0,0,0,-54.267,1,14.213,0
9.733,intervention,0,0,-28.292,16.675,17.2,20,2800,12,1.508,72.29,9,11,0,14.213,1,0.102,0.059,0,0,0,-54.267,1,14.213,0
9.742,intervention,0,0,-28.292,16.6,17.067,20,2800,12,1.512,72.299,9,11,0,14.213,1,0.06,0.07,0,0,0,-54.267,1,14.213,0
9.75,intervention,0,0,-28.292,16.525,16.933,20,2800,12,1.513,72.276,9,11,0,14.213,1,0.099,0.064,0,0,0,-54.267,1,14.213,0
9.758,intervention,0,0,-28.292,16.45,16.8,20,2800,12,1.513,72.314,9,11,0,14.213,1,0.102,0.064,0,0,0,-54.267,1,14.213,0
9.767,intervention,0,0,-28.292,16.375,16.667,20,2800,12,1.516,72.17,9,11,0,14.213,1,0.07,0.086,0,0,0,-54.267,1,14.213,0
9.775,intervention,0,0,-28.292,16.3,16.533,20,2800,12,1.516,72.076,9,11,0,14.213,1,0.067,0.064,0,0,0,-54.267,1,14.213,0
9.783,intervention,0,0,-28.292,16.225,16.4,20,2800,12,1.519,72.192,9,11,0,14.213,1,0.092,0.059,0,0,0,-54.267,1,14.213,0
9.792,intervention,0,0,-28.292,16.15,16.267,20,2800,12,1.517,72.12,9,11,0,14.213,1,0.089,0.089,0,0,0,-54.267,1,14.213,0
9.8,intervention,0,0,-28.292,16.075,16.133,20,2800,12,1.52,72.038,9,11,0,14.213,1,0.078,0.063,0,0,0,-54.267,1,14.213,0
9.808,intervention,0,0,-28.292,16,16,20,2800,12,1.516,72.272,9,11,0,14.213,1,0.099,0.07,0,0,0,-54.267,1,14.213,0
9.817,intervention,0,0,-28.292,16,15.867,20,2800,12,1.519,72.251,9,11,0,14.213,1,0.094,0.079,0,0,0,-54.267,1,14.213,0
9.825,intervention,0,0,-28.292,16,15.733,20,2800,12,1.517,72.06,9,11,0,14.213,1,0.073,0.055,0,0,0,-54.267,1,14.213,0
9.833,intervention,0,0,-28.292,16,15.6,20,2800,12,1.518,72.287,9,11,0,14.213,1,0.078,0.066,0,0,0,-54.267,1,14.213,0
9.842,intervention,0,0,-28.292,16,15.467,20,2800,12,1.523,72.271,9,11,0,14.213,1,0.091,0.056,0,0,0,-54.267,1,14.213,0
9.85,intervention,0,0,-28.292,16,15.333,20,2800,12,1.522,72.067,9,11,0,14.213,1,0.085,0.083,0,0,0,-54.267,1,14.213,0
9.858,intervention,0,0,-28.292,16,15.2,20,2800,12,1.524,72.118,9,11,0,14.213,1,0.101,0.05,0,0,0,-54.267,1,14.213,0
9.867,intervention,0,0,-28.292,16,15.067,20,2800,12,1.524,72.078,9,11,0,14.213,1,0.079,0.085,0,0,0,-54.267,1,14.213,0
9.875,intervention,0,0,-28.292,16,14.933,20,2800,12,1.525,72.221,9,11,0,14.213,1,0.085,0.073,0,0,0,-54.267,1,14.213,0
9.883,intervention,0,0,-28.292,16,14.8,20,2800,12,1.53,72.09,9,11,0,14.213,1,0.097,0.075,0,0,0,-54.267,1,14.213,0
9.892,intervention,0,0,-28.292,16,14.667,20,2800,12,1.525,72.158,9,11,0,14.213,1,0.063,0.061,0,0,0,-54.267,1,14.213,0
9.9,intervention,0,0,-28.292,16,14.533,20,2800,12,1.528,72.149,9,11,0,14.213,1,0.081,0.071,0,0,0,-54.267,1,14.213,0
9.908,intervention,0,0,-28.292,16,14.4,20,2800,12,1.533,72.061,9,11,0,14.213,1,0.083,0.077,0,0,0,-54.267,1,14.213,0
9.917,intervention,0,0,-28.292,16,14.267,20,2800,12,1.528,72.318,9,11,0,14.213,1,0.108,0.059,0,0,0,-54.267,1,14.213,0
9.925,intervention,0,0,-28.292,16,14.133,20,2800,12,1.533,72.086,9,11,0,14.213,1,0.074,0.075,0,0,0,-54.267,1,14.213,0
9.933,intervention,0,0,-28.292,16,14,20,2800,12,1.531,72.137,9,11,0,14.213,1,0.1,0.085,0,0,0,-54.267,1,14.213,0
9.942,intervention,0,0,-28.292,16,13.867,20,2800,12,1.536,72.19,9,11,0,14.213,1,0.064,0.083,0,0,0,-54.267,1,14.213,0
9.95,intervention,0,0,-28.292,16,13.733,20,2800,12,1.533,72.115,9,11,0,14.213,1,0.084,0.09,0,0,0,-54.267,1,14.213,0
9.958,intervention,0,0,-28.292,16,13.6,20,2800,12,1.536,72.255,9,11,0,14.213,1,0.084,0.062,0,0,0,-54.267,1,14.213,0
9.967,intervention,0,0,-28.292,16,13.467,20,2800,12,1.539,72.23,9,11,0,14.213,1,0.076,0.09,0,0,0,-54.267,1,14.213,0
9.975,intervention,0,0,-28.292,16,13.333,20,2800,12,1.541,72.295,9,11,0,14.213,1,0.107,0.063,0,0,0,-54.267,1,14.213,0
9.983,intervention,0,0,-28.292,16,13.2,20,2800,12,1.536,72.32,9,11,0,14.213,1,0.098,0.085,0,0,0,-54.267,1,14.213,0
9.992,intervention,0,0,-28.292,16,13.067,20,2800,12,1.537,72.267,9,11,0,14.213,1,0.064,0.057,0,0,0,-54.267,1,14.213,0
10,intervention,0,0,-28.292,16,12.933,20,2800,12,1.542,72.132,9,11,0,14.213,1,0.097,0.089,0,0,0,-54.267,1,14.213,0
10.008,intervention,0,0,-28.292,16,12.8,20,2800,12,1.543,72.196,9,11,0,14.213,1,0.065,0.083,0,0,0,-54.267,1,14.213,0
10.017,intervention,0,0,-28.292,16,12.667,20,2800,12,1.54,72.149,9,11,0,14.213,1,0.075,0.063,0,0,0,-54.267,1,14.213,0
10.025,intervention,0,0,-28.292,16,12.533,20,2800,12,1.539,72.342,9,11,0,14.213,1,0.061,0.069,0,0,0,-54.267,1,14.213,0
10.033,intervention,0,0,-28.292,16,12.4,20,2800,12,1.543,72.242,9,11,0,14.213,1,0.077,0.059,0,0,0,-54.267,1,14.213,0
10.042,intervention,0,0,-28.292,16,12.267,20,2800,12,1.543,72.205,9,11,0,14.213,1,0.077,0.058,0,0,0,-54.267,1,14.213,0
10.05,intervention,0,0,-28.292,16,12.133,20,2800,12,1.543,72.271,9,11,0,14.213,1,0.083,0.058,0,0,0,-54.267,1,14.213,0
10.058,intervention,0,0,-28.292,16,12,20,2800,12,1.549,72.356,9,11,0,14.213,1,0.063,0.078,0,0,0,-54.267,1,14.213,0
10.067,recovered,0,0,-28.375,16,11.867,20,2800,12,1.547,72.133,9,11,0,14.213,1,0.102,0.077,0,0,0,-54.267,1,14.213,0
10.075,recovered,0,0,-28.458,16,11.733,20,2800,12,1.55,72.282,9,11,0,14.213,1,0.107,0.083,0,0,0,-54.267,1,14.213,0
10.083,recovered,0,0,-28.542,16,11.6,20,2800,12,1.551,72.315,9,11,0,14.213,1,0.084,0.055,0,0,0,-54.267,1,14.213,0
10.092,recovered,0,0,-28.625,16,11.467,20,2800,12,1.548,72.248,9,11,0,14.213,1,0.09,0.087,0,0,0,-54.267,1,14.213,0
10.1,recovered,0,0,-28.708,16,11.333,20,2800,12,1.545,72.329,9,11,0,14.213,1,0.094,0.067,0,0,0,-54.267,1,14.213,0
10.108,recovered,0,0,-28.792,16,11.2,20,2800,12,1.544,72.078,9,11,0,14.213,1,0.092,0.057,0,0,0,-54.267,1,14.213,0
10.117,recovered,0,0,-28.875,16,11.067,20,2800,12,1.545,72.159,9,11,0,14.213,1,0.095,0.069,0,0,0,-54.267,1,14.213,0
10.125,recovered,0,0,-28.958,16,10.933,20,2800,12,1.548,72.309,9,11,0,14.213,1,0.092,0.088,0,0,0,-54.267,1,14.213,0
10.133,recovered,0,0,-29.042,16,10.8,20,2800,12,1.545,72.252,9,11,0,14.213,1,0.092,0.089,0,0,0,-54.267,1,14.213,0
10.142,recovered,0,0,-29.125,16,10.667,20,2800,12,1.55,72.227,9,11,0,14.213,1,0.107,0.085,0,0,0,-54.267,1,14.213,0
10.15,recovered,0,0,-29.208,16,10.533,20,2800,12,1.548,72.208,9,11,0,14.213,1,0.071,0.064,0,0,0,-54.267,1,14.213,0
10.158,recovered,0,0,-29.292,16,10.4,20,2800,12,1.549,72.215,9,11,0,14.213,1,0.065,0.055,0,0,0,-54.267,1,14.213,0
10.167,recovered,0,0,-29.375,16,10.267,20,2800,12,1.546,72.361,9,11,0,14.213,1,0.108,0.053,0,0,0,-54.267,1,14.213,0
10.175,recovered,0,0,-29.458,16,10.133,20,2800,12,1.552,72.239,9,11,0,14.213,1,0.097,0.05,0,0,0,-54.267,1,14.213,0
10.183,recovered,0,0,-29.542,16,10,20,2800,12,1.548,72.254,9,11,0,14.213,1,0.089,0.057,0,0,0,-54.267,1,14.213,0
10.192,recovered,0,0,-29.625,16,9.867,20,2800,12,1.551,72.252,9,11,0,14.213,1,0.08,0.077,0,0,0,-54.267,1,14.213,0
10.2,recovered,0,0,-29.708,16,9.733,20,2800,12,1.548,72.211,9,11,0,14.213,1,0.082,0.068,0,0,0,-54.267,1,14.213,0
10.208,recovered,0,0,-29.792,16,9.6,20,2800,12,1.553,72.361,9,11,0,14.213,1,0.06,0.084,0,0,0,-54.267,1,14.213,0
10.217,recovered,0,0,-29.875,16,9.467,20,2800,12,1.552,72.167,9,11,0,14.213,1,0.071,0.08,0,0,0,-54.267,1,14.213,0
10.225,recovered,0,0,-29.958,16,9.333,20,2800,12,1.548,72.149,9,11,0,14.213,1,0.104,0.068,0,0,0,-54.267,1,14.213,0
10.233,recovered,0,0,-30.042,16,9.2,20,2800,12,1.549,72.37,9,11,0,14.213,1,0.102,0.08,0,0,0,-54.267,1,14.213,0
10.242,recovered,0,0,-30.125,16,9.067,20,2800,12,1.548,72.106,9,11,0,14.213,1,0.067,0.069,0,0,0,-54.267,1,14.213,0
10.25,recovered,0,0,-30.208,16,8.933,20,2800,12,1.549,72.222,9,11,0,14.213,1,0.094,0.076,0,0,0,-54.267,1,14.213,0
10.258,recovered,0,0,-30.292,16,8.8,20,2800,12,1.552,72.181,9,11,0,14.213,1,0.101,0.061,0,0,0,-54.267,1,14.213,0
10.267,recovered,0,0,-30.375,16,8.667,20,2800,12,1.552,72.262,9,11,0,14.213,1,0.074,0.084,0,0,0,-54.267,1,14.213,0
10.275,recovered,0,0,-30.458,16,8.533,20,2800,12,1.555,72.17,9,11,0,14.213,1,0.109,0.061,0,0,0,-54.267,1,14.213,0
10.283,recovered,0,0,-30.542,16,8.4,20,2800,12,1.549,72.279,9,11,0,14.213,1,0.104,0.057,0,0,0,-54.267,1,14.213,0
10.292,recovered,0,0,-30.625,16,8.267,20,2800,12,1.553,72.101,9,11,0,14.213,1,0.096,0.07,0,0,0,-54.267,1,14.213,0
10.3,recovered,0,0,-30.708,16,8.133,20,2800,12,1.549,72.331,9,11,0,14.213,1,0.106,0.067,0,0,0,-54.267,1,14.213,0
10.308,recovered,0,0,-30.792,16,8,20,2800,12,1.554,72.135,9,11,0,14.213,1,0.109,0.081,0,0,0,-54.267,1,14.213,0
10.317,recovered,0,0,-30.875,16,8,20,2800,12,1.551,72.236,9,11,0,14.213,1,0.076,0.086,0,0,0,-54.267,1,14.213,0
10.325,recovered,0,0,-30.958,16,8,20,2800,12,1.553,72.238,9,11,0,14.213,1,0.06,0.085,0,0,0,-54.267,1,14.213,0
10.333,recovered,0,0,-31.042,16,8,20,2800,12,1.554,72.284,9,11,0,14.213,1,0.086,0.083,0,0,0,-54.267,1,14.213,0
10.342,recovered,0,0,-31.125,16,8,20,2800,12,1.547,72.24,9,11,0,14.213,1,0.062,0.078,0,0,0,-54.267,1,14.213,0
10.35,recovered,0,0,-31.208,16,8,20,2800,12,1.552,72.18,9,11,0,14.213,1,0.09,0.077,0,0,0,-54.267,1,14.213,0
10.358,recovered,0,0,-31.292,16,8,20,2800,12,1.548,72.185,9,11,0,14.213,1,0.068,0.075,0,0,0,-54.267,1,14.213,0
10.367,recovered,0,0,-31.375,16,8,20,2800,12,1.545,72.267,9,11,0,14.213,1,0.067,0.06,0,0,0,-54.267,1,14.213,0
10.375,recovered,0,0,-31.458,16,8,20,2800,12,1.544,72.119,9,11,0,14.213,1,0.096,0.066,0,0,0,-54.267,1,14.213,0
10.383,recovered,0,0,-31.542,16,8,20,2800,12,1.549,72.151,9,11,0,14.213,1,0.068,0.064,0,0,0,-54.267,1,14.213,0
10.392,recovered,0,0,-31.625,16,8,20,2800,12,1.541,72.36,9,11,0,14.213,1,0.086,0.076,0,0,0,-54.267,1,14.213,0
10.4,recovered,0,0,-31.708,16,8,20,2800,12,1.545,72.312,9,11,0,14.213,1,0.103,0.061,0,0,0,-54.267,1,14.213,0
10.408,recovered,0,0,-31.792,16,8,20,2800,12,1.546,72.395,9,11,0,14.213,1,0.063,0.072,0,0,0,-54.267,1,14.213,0
10.417,recovered,0,0,-31.875,16,8,20,2800,12,1.541,72.355,9,11,0,14.213,1,0.107,0.075,0,0,0,-54.267,1,14.213,0
10.425,recovered,0,0,-31.958,16,8,20,2800,12,1.544,72.169,9,11,0,14.213,1,0.1,0.076,0,0,0,-54.267,1,14.213,0
10.433,recovered,0,0,-32.042,16,8,20,2800,12,1.541,72.378,9,11,0,14.213,1,0.077,0.062,0,0,0,-54.267,1,14.213,0
10.442,recovered,0,0,-32.125,16,8,20,2800,12,1.541,72.188,9,11,0,14.213,1,0.082,0.053,0,0,0,-54.267,1,14.213,0
10.45,recovered,0,0,-32.208,16,8,20,2800,12,1.536,72.35,9,11,0,14.213,1,0.077,0.076,0,0,0,-54.267,1,14.213,0
10.458,recovered,0,0,-32.292,16,8,20,2800,12,1.535,72.356,9,11,0,14.213,1,0.073,0.078,0,0,0,-54.267,1,14.213,0
10.467,recovered,0,0,-32.375,16,8,20,2800,12,1.54,72.343,9,11,0,14.213,1,0.076,0.073,0,0,0,-54.267,1,14.213,0
10.475,recovered,0,0,-32.458,16,8,20,2800,12,1.541,72.257,9,11,0,14.213,1,0.075,0.088,0,0,0,-54.267,1,14.213,0
10.483,recovered,0,0,-32.542,16,8,20,2800,12,1.533,72.237,9,11,0,14.213,1,0.108,0.081,0,0,0,-54.267,1,14.213,0
10.492,recovered,0,0,-32.625,16,8,20,2800,12,1.538,72.319,9,11,0,14.213,1,0.073,0.053,0,0,0,-54.267,1,14.213,0
10.5,recovered,0,0,-32.708,16,8,20,2800,12,1.534,72.173,9,11,0,14.213,1,0.083,0.054,0,0,0,-54.267,1,14.213,0
10.508,recovered,0,0,-32.792,16,8,20,2800,12,1.537,72.172,9,11,0,14.213,1,0.075,0.07,0,0,0,-54.267,1,14.213,0
10.517,recovered,0,0,-32.875,16,8,20,2800,12,1.531,72.271,9,11,0,14.213,1,0.064,0.052,0,0,0,-54.267,1,14.213,0
10.525,recovered,0,0,-32.958,16,8,20,2800,12,1.535,72.202,9,11,0,14.213,1,0.085,0.078,0,0,0,-54.267,1,14.213,0
10.533,recovered,0,0,-33.042,16,8,20,2800,12,1.536,72.225,9,11,0,14.213,1,0.068,0.064,0,0,0,-54.267,1,14.213,0
10.542,recovered,0,0,-33.125,16,8,20,2800,12,1.53,72.244,9,11,0,14.213,1,0.093,0.057,0,0,0,-54.267,1,14.213,0
10.55,recovered,0,0,-33.208,16,8,20,2800,12,1.531,72.336,9,11,0,14.213,1,0.077,0.065,0,0,0,-54.267,1,14.213,0
10.558,recovered,0,0,-33.292,16,8,20,2800,12,1.533,72.14,9,11,0,14.213,1,0.088,0.076,0,0,0,-54.267,1,14.213,0
10.567,recovered,0,0,-33.375,16,8,20,2800,12,1.527,72.327,9,11,0,14.213,1,0.09,0.071,0,0,0,-54.267,1,14.213,0
10.575,recovered,0,0,-33.458,16,8,20,2800,12,1.529,72.171,9,11,0,14.213,1,0.081,0.069,0,0,0,-54.267,1,14.213,0
10.583,recovered,0,0,-33.542,16,8,20,2800,12,1.526,72.145,9,11,0,14.213,1,0.101,0.088,0,0,0,-54.267,1,14.213,0
10.592,recovered,0,0,-33.625,16,8,20,2800,12,1.53,72.169,9,11,0,14.213,1,0.07,0.068,0,0,0,-54.267,1,14.213,0
10.6,recovered,0,0,-33.708,16,8,20,2800,12,1.528,72.374,9,11,0,14.213,1,0.091,0.052,0,0,0,-54.267,1,14.213,0
10.608,recovered,0,0,-33.792,16,8,20,2800,12,1.527,72.399,9,11,0,14.213,1,0.098,0.073,0,0,0,-54.267,1,14.213,0
10.617,recovered,0,0,-33.875,16,8,20,2800,12,1.522,72.273,9,11,0,14.213,1,0.095,0.074,0,0,0,-54.267,1,14.213,0
10.625,recovered,0,0,-33.958,16,8,20,2800,12,1.527,72.159,9,11,0,14.213,1,0.063,0.059,0,0,0,-54.267,1,14.213,0
10.633,recovered,0,0,-34.042,16,8,20,2800,12,1.52,72.287,9,11,0,14.213,1,0.105,0.057,0,0,0,-54.267,1,14.213,0
10.642,recovered,0,0,-34.125,16,8,20,2800,12,1.521,72.344,9,11,0,14.213,1,0.062,0.067,0,0,0,-54.267,1,14.213,0
10.65,recovered,0,0,-34.208,16,8,20,2800,12,1.525,72.423,9,11,0,14.213,1,0.078,0.08,0,0,0,-54.267,1,14.213,0
10.658,recovered,0,0,-34.292,16,8,20,2800,12,1.525,72.391,9,11,0,14.213,1,0.095,0.071,0,0,0,-54.267,1,14.213,0
10.667,recovered,0,0,-34.375,16,8,20,2800,12,1.525,72.409,9,11,0,14.213,1,0.109,0.068,0,0,0,-54.267,1,14.213,0
10.675,recovered,0,0,-34.458,16,8,20,2800,12,1.52,72.385,9,11,0,14.213,1,0.092,0.074,0,0,0,-54.267,1,14.213,0
10.683,recovered,0,0,-34.542,16,8,20,2800,12,1.516,72.21,9,11,0,14.213,1,0.087,0.05,0,0,0,-54.267,1,14.213,0
10.692,recovered,0,0,-34.625,16,8,20,2800,12,1.517,72.307,9,11,0,14.213,1,0.093,0.06,0,0,0,-54.267,1,14.213,0
10.7,recovered,0,0,-34.708,16,8,20,2800,12,1.52,72.199,9,11,0,14.213,1,0.068,0.056,0,0,0,-54.267,1,14.213,0
10.708,recovered,0,0,-34.792,16,8,20,2800,12,1.515,72.394,9,11,0,14.213,1,0.097,0.052,0,0,0,-54.267,1,14.213,0
10.717,recovered,0,0,-34.875,16,8,20,2800,12,1.519,72.374,9,11,0,14.213,1,0.086,0.066,0,0,0,-54.267,1,14.213,0
10.725,recovered,0,0,-34.958,16,8,20,2800,12,1.519,72.17,9,11,0,14.213,1,0.082,0.057,0,0,0,-54.267,1,14.213,0
10.733,recovered,0,0,-35.042,16,8,20,2800,12,1.513,72.279,9,11,0,14.213,1,0.092,0.074,0,0,0,-54.267,1,14.213,0
10.742,recovered,0,0,-35.125,16,8,20,2800,12,1.516,72.316,9,11,0,14.213,1,0.098,0.073,0,0,0,-54.267,1,14.213,0
10.75,recovered,0,0,-35.208,16,8,20,2800,12,1.514,72.41,9,11,0,14.213,1,0.084,0.078,0,0,0,-54.267,1,14.213,0
10.758,recovered,0,0,-35.292,16,8,20,2800,12,1.513,72.387,9,11,0,14.213,1,0.106,0.062,0,0,0,-54.267,1,14.213,0
10.767,recovered,0,0,-35.375,16,8,20,2800,12,1.512,72.377,9,11,0,14.213,1,0.062,0.053,0,0,0,-54.267,1,14.213,0
10.775,recovered,0,0,-35.458,16,8,20,2800,12,1.513,72.433,9,11,0,14.213,1,0.062,0.053,0,0,0,-54.267,1,14.213,0
10.783,recovered,0,0,-35.542,16,8,20,2800,12,1.508,72.306,9,11,0,14.213,1,0.092,0.073,0,0,0,-54.267,1,14.213,0
10.792,recovered,0,0,-35.625,16,8,20,2800,12,1.51,72.39,9,11,0,14.213,1,0.065,0.067,0,0,0,-54.267,1,14.213,0
10.8,recovered,0,0,-35.708,16,8,20,2800,12,1.514,72.359,9,11,0,14.213,1,0.087,0.056,0,0,0,-54.267,1,14.213,0
10.808,recovered,0,0,-35.792,16,8,20,2800,12,1.509,72.341,9,11,0,14.213,1,0.066,0.069,0,0,0,-54.267,1,14.213,0
10.817,recovered,0,0,-35.875,16,8,20,2800,12,1.512,72.435,9,11,0,14.213,1,0.094,0.089,0,0,0,-54.267,1,14.213,0
10.825,recovered,0,0,-35.958,16,8,20,2800,12,1.507,72.336,9,11,0,14.213,1,0.093,0.083,0,0,0,-54.267,1,14.213,0
10.833,recovered,0,0,-36.042,16,8,20,2800,12,1.505,72.213,9,11,0,14.213,1,0.068,0.082,0,0,0,-54.267,1,14.213,0
10.842,recovered,0,0,-36.125,16,8,20,2800,12,1.504,72.439,9,11,0,14.213,1,0.065,0.06,0,0,0,-54.267,1,14.213,0
10.85,recovered,0,0,-36.208,16,8,20,2800,12,1.508,72.408,9,11,0,14.213,1,0.11,0.076,0,0,0,-54.267,1,14.213,0
10.858,recovered,0,0,-36.292,16,8,20,2800,12,1.504,72.174,9,11,0,14.213,1,0.073,0.071,0,0,0,-54.267,1,14.213,0
10.867,recovered,0,0,-36.375,16,8,20,2800,12,1.508,72.204,9,11,0,14.213,1,0.078,0.085,0,0,0,-54.267,1,14.213,0
10.875,recovered,0,0,-36.458,16,8,20,2800,12,1.502,72.229,9,11,0,14.213,1,0.097,0.054,0,0,0,-54.267,1,14.213,0
10.883,recovered,0,0,-36.542,16,8,20,2800,12,1.507,72.195,9,11,0,14.213,1,0.105,0.06,0,0,0,-54.267,1,14.213,0
10.892,recovered,0,0,-36.625,16,8,20,2800,12,1.501,72.209,9,11,0,14.213,1,0.072,0.086,0,0,0,-54.267,1,14.213,0
10.9,recovered,0,0,-36.708,16,8,20,2800,12,1.501,72.3,9,11,0,14.213,1,0.08,0.071,0,0,0,-54.267,1,14.213,0
10.908,recovered,0,0,-36.792,16,8,20,2800,12,1.505,72.368,9,11,0,14.213,1,0.096,0.085,0,0,0,-54.267,1,14.213,0
10.917,recovered,0,0,-36.875,16,8,20,2800,12,1.501,72.302,9,11,0,14.213,1,0.093,0.06,0,0,0,-54.267,1,14.213,0
10.925,recovered,0,0,-36.958,16,8,20,2800,12,1.497,72.459,9,11,0,14.213,1,0.064,0.071,0,0,0,-54.267,1,14.213,0
10.933,recovered,0,0,-37.042,16,8,20,2800,12,1.498,72.306,9,11,0,14.213,1,0.109,0.053,0,0,0,-54.267,1,14.213,0
10.942,recovered,0,0,-37.125,16,8,20,2800,12,1.497,72.347,9,11,0,14.213,1,0.098,0.058,0,0,0,-54.267,1,14.213,0
10.95,recovered,0,0,-37.208,16,8,20,2800,12,1.494,72.395,9,11,0,14.213,1,0.072,0.087,0,0,0,-54.267,1,14.213,0
10.958,recovered,0,0,-37.292,16,8,20,2800,12,1.498,72.373,9,11,0,14.213,1,0.064,0.054,0,0,0,-54.267,1,14.213,0
10.967,recovered,0,0,-37.375,16,8,20,2800,12,1.497,72.391,9,11,0,14.213,1,0.081,0.053,0,0,0,-54.267,1,14.213,0
10.975,recovered,0,0,-37.458,16,8,20,2800,12,1.494,72.451,9,11,0,14.213,1,0.107,0.088,0,0,0,-54.267,1,14.213,0
10.983,recovered,0,0,-37.542,16,8,20,2800,12,1.491,72.35,9,11,0,14.213,1,0.07,0.081,0,0,0,-54.267,1,14.213,0
10.992,recovered,0,0,-37.625,16,8,20,2800,12,1.496,72.323,9,11,0,14.213,1,0.076,0.06,0,0,0,-54.267,1,14.213,0
11,recovered,0,0,-37.708,16,8,20,2800,12,1.491,72.443,9,11,0,14.213,1,0.107,0.051,0,0,0,-54.267,1,14.213,0
11.008,recovered,0,0,-37.792,16,8,20,2800,12,1.492,72.372,9,11,0,14.213,1,0.073,0.061,0,0,0,-54.267,1,14.213,0
11.017,recovered,0,0,-37.875,16,8,20,2800,12,1.489,72.44,9,11,0,14.213,1,0.088,0.084,0,0,0,-54.267,1,14.213,0
11.025,recovered,0,0,-37.958,16,8,20,2800,12,1.49,72.414,9,11,0,14.213,1,0.108,0.074,0,0,0,-54.267,1,14.213,0
11.033,recovered,0,0,-38.042,16,8,20,2800,12,1.49,72.344,9,11,0,14.213,1,0.067,0.052,0,0,0,-54.267,1,14.213,0
11.042,recovered,0,0,-38.125,16,8,20,2800,12,1.492,72.442,9,11,0,14.213,1,0.098,0.086,0,0,0,-54.267,1,14.213,0
11.05,recovered,0,0,-38.208,16,8,20,2800,12,1.488,72.433,9,11,0,14.213,1,0.1,0.063,0,0,0,-54.267,1,14.213,0
11.058,recovered,0,0,-38.292,16,8,20,2800,12,1.489,72.331,9,11,0,14.213,1,0.068,0.077,0,0,0,-54.267,1,14.213,0
11.067,recovered,0,0,-38.375,16,8,20,2800,12,1.488,72.215,9,11,0,14.213,1,0.067,0.084,0,0,0,-54.267,1,14.213,0
11.075,recovered,0,0,-38.458,16,8,20,2800,12,1.488,72.308,9,11,0,14.213,1,0.082,0.07,0,0,0,-54.267,1,14.213,0
11.083,recovered,0,0,-38.542,16,8,20,2800,12,1.487,72.299,9,11,0,14.213,1,0.069,0.065,0,0,0,-54.267,1,14.213,0
11.092,recovered,0,0,-38.625,16,8,20,2800,12,1.486,72.206,9,11,0,14.213,1,0.066,0.057,0,0,0,-54.267,1,14.213,0
11.1,recovered,0,0,-38.708,16,8,20,2800,12,1.485,72.222,9,11,0,14.213,1,0.097,0.077,0,0,0,-54.267,1,14.213,0
11.108,recovered,0,0,-38.792,16,8,20,2800,12,1.488,72.471,9,11,0,14.213,1,0.101,0.055,0,0,0,-54.267,1,14.213,0
11.117,recovered,0,0,-38.875,16,8,20,2800,12,1.484,72.371,9,11,0,14.213,1,0.086,0.068,0,0,0,-54.267,1,14.213,0
11.125,recovered,0,0,-38.958,16,8,20,2800,12,1.482,72.377,9,11,0,14.213,1,0.099,0.051,0,0,0,-54.267,1,14.213,0
11.133,recovered,0,0,-39.042,16,8,20,2800,12,1.485,72.464,9,11,0,14.213,1,0.075,0.055,0,0,0,-54.267,1,14.213,0
11.142,recovered,0,0,-39.125,16,8,20,2800,12,1.481,72.452,9,11,0,14.213,1,0.075,0.087,0,0,0,-54.267,1,14.213,0
11.15,recovered,0,0,-39.208,16,8,20,2800,12,1.483,72.328,9,11,0,14.213,1,0.094,0.062,0,0,0,-54.267,1,14.213,0
11.158,recovered,0,0,-39.292,16,8,20,2800,12,1.484,72.396,9,11,0,14.213,1,0.076,0.075,0,0,0,-54.267,1,14.213,0
11.167,recovered,0,0,-39.375,16,8,20,2800,12,1.483,72.439,9,11,0,14.213,1,0.108,0.087,0,0,0,-54.267,1,14.213,0
11.175,recovered,0,0,-39.458,16,8,20,2800,12,1.477,72.317,9,11,0,14.213,1,0.096,0.07,0,0,0,-54.267,1,14.213,0
11.183,recovered,0,0,-39.542,16,8,20,2800,12,1.477,72.268,9,11,0,14.213,1,0.104,0.074,0,0,0,-54.267,1,14.213,0
11.192,recovered,0,0,-39.625,16,8,20,2800,12,1.482,72.286,9,11,0,14.213,1,0.102,0.07,0,0,0,-54.267,1,14.213,0
11.2,recovered,0,0,-39.708,16,8,20,2800,12,1.479,72.411,9,11,0,14.213,1,0.082,0.08,0,0,0,-54.267,1,14.213,0
11.208,recovered,0,0,-39.792,16,8,20,2800,12,1.481,72.263,9,11,0,14.213,1,0.103,0.058,0,0,0,-54.267,1,14.213,0
11.217,recovered,0,0,-39.875,16,8,20,2800,12,1.476,72.449,9,11,0,14.213,1,0.084,0.053,0,0,0,-54.267,1,14.213,0
11.225,recovered,0,0,-39.958,16,8,20,2800,12,1.477,72.271,9,11,0,14.213,1,0.091,0.07,0,0,0,-54.267,1,14.213,0
11.233,recovered,0,0,-40.042,16,8,20,2800,12,1.479,72.249,9,11,0,14.213,1,0.11,0.05,0,0,0,-54.267,1,14.213,0
11.242,recovered,0,0,-40.125,16,8,20,2800,12,1.477,72.43,9,11,0,14.213,1,0.1,0.069,0,0,0,-54.267,1,14.213,0
11.25,recovered,0,0,-40.208,16,8,20,2800,12,1.476,72.206,9,11,0,14.213,1,0.099,0.085,0,0,0,-54.267,1,14.213,0
11.258,recovered,0,0,-40.292,16,8,20,2800,12,1.471,72.475,9,11,0,14.213,1,0.067,0.081,0,0,0,-54.267,1,14.213,0
11.267,recovered,0,0,-40.375,16,8,20,2800,12,1.473,72.434,9,11,0,14.213,1,0.086,0.052,0,0,0,-54.267,1,14.213,0
11.275,recovered,0,0,-40.458,16,8,20,2800,12,1.471,72.262,9,11,0,14.213,1,0.062,0.082,0,0,0,-54.267,1,14.213,0
11.283,recovered,0,0,-40.542,16,8,20,2800,12,1.473,72.402,9,11,0,14.213,1,0.063,0.066,0,0,0,-54.267,1,14.213,0
11.292,recovered,0,0,-40.625,16,8,20,2800,12,1.471,72.217,9,11,0,14.213,1,0.105,0.084,0,0,0,-54.267,1,14.213,0
11.3,recovered,0,0,-40.708,16,8,20,2800,12,1.47,72.409,9,11,0,14.213,1,0.085,0.051,0,0,0,-54.267,1,14.213,0
11.308,recovered,0,0,-40.792,16,8,20,2800,12,1.471,72.416,9,11,0,14.213,1,0.075,0.073,0,0,0,-54.267,1,14.213,0
11.317,recovered,0,0,-40.875,16,8,20,2800,12,1.465,72.484,9,11,0,14.213,1,0.084,0.067,0,0,0,-54.267,1,14.213,0
11.325,recovered,0,0,-40.958,16,8,20,2800,12,1.465,72.29,9,11,0,14.213,1,0.095,0.087,0,0,0,-54.267,1,14.213,0
11.333,recovered,0,0,-41.042,16,8,20,2800,12,1.465,72.441,9,11,0,14.213,1,0.108,0.079,0,0,0,-54.267,1,14.213,0
11.342,recovered,0,0,-41.125,16,8,20,2800,12,1.463,72.459,9,11,0,14.213,1,0.063,0.06,0,0,0,-54.267,1,14.213,0
11.35,recovered,0,0,-41.208,16,8,20,2800,12,1.464,72.405,9,11,0,14.213,1,0.105,0.086,0,0,0,-54.267,1,14.213,0
11.358,recovered,0,0,-41.292,16,8,20,2800,12,1.465,72.241,9,11,0,14.213,1,0.069,0.063,0,0,0,-54.267,1,14.213,0
11.367,recovered,0,0,-41.375,16,8,20,2800,12,1.462,72.309,9,11,0,14.213,1,0.073,0.057,0,0,0,-54.267,1,14.213,0
11.375,recovered,0,0,-41.458,16,8,20,2800,12,1.462,72.222,9,11,0,14.213,1,0.099,0.08,0,0,0,-54.267,1,14.213,0
11.383,recovered,0,0,-41.542,16,8,20,2800,12,1.466,72.308,9,11,0,14.213,1,0.089,0.07,0,0,0,-54.267,1,14.213,0
11.392,recovered,0,0,-41.625,16,8,20,2800,12,1.462,72.279,9,11,0,14.213,1,0.088,0.085,0,0,0,-54.267,1,14.213,0
11.4,recovered,0,0,-41.708,16,8,20,2800,12,1.465,72.413,9,11,0,14.213,1,0.072,0.081,0,0,0,-54.267,1,14.213,0
11.408,recovered,0,0,-41.792,16,8,20,2800,12,1.458,72.239,9,11,0,14.213,1,0.086,0.073,0,0,0,-54.267,1,14.213,0
11.417,recovered,0,0,-41.875,16,8,20,2800,12,1.459,72.262,9,11,0,14.213,1,0.065,0.054,0,0,0,-54.267,1,14.213,0
11.425,recovered,0,0,-41.958,16,8,20,2800,12,1.462,72.266,9,11,0,14.213,1,0.067,0.078,0,0,0,-54.267,1,14.213,0
11.433,recovered,0,0,-42.042,16,8,20,2800,12,1.46,72.36,9,11,0,14.213,1,0.077,0.088,0,0,0,-54.267,1,14.213,0
11.442,recovered,0,0,-42.125,16,8,20,2800,12,1.46,72.273,9,11,0,14.213,1,0.062,0.051,0,0,0,-54.267,1,14.213,0
11.45,recovered,0,0,-42.208,16,8,20,2800,12,1.462,72.225,9,11,0,14.213,1,0.074,0.073,0,0,0,-54.267,1,14.213,0
11.458,recovered,0,0,-42.292,16,8,20,2800,12,1.456,72.478,9,11,0,14.213,1,0.068,0.053,0,0,0,-54.267,1,14.213,0
11.467,recovered,0,0,-42.375,16,8,20,2800,12,1.456,72.48,9,11,0,14.213,1,0.101,0.062,0,0,0,-54.267,1,14.213,0
11.475,recovered,0,0,-42.458,16,8,20,2800,12,1.454,72.354,9,11,0,14.213,1,0.096,0.078,0,0,0,-54.267,1,14.213,0
11.483,recovered,0,0,-42.542,16,8,20,2800,12,1.453,72.475,9,11,0,14.213,1,0.086,0.06,0,0,0,-54.267,1,14.213,0
11.492,recovered,0,0,-42.625,16,8,20,2800,12,1.456,72.28,9,11,0,14.213,1,0.083,0.084,0,0,0,-54.267,1,14.213,0
11.5,recovered,0,0,-42.708,16,8,20,2800,12,1.457,72.281,9,11,0,14.213,1,0.089,0.06,0,0,0,-54.267,1,14.213,0
11.508,recovered,0,0,-42.792,16,8,20,2800,12,1.456,72.247,9,11,0,14.213,1,0.102,0.053,0,0,0,-54.267,1,14.213,0
11.517,recovered,0,0,-42.875,16,8,20,2800,12,1.457,72.486,9,11,0,14.213,1,0.092,0.075,0,0,0,-54.267,1,14.213,0
11.525,recovered,0,0,-42.958,16,8,20,2800,12,1.452,72.261,9,11,0,14.213,1,0.075,0.057,0,0,0,-54.267,1,14.213,0
11.533,recovered,0,0,-43.042,16,8,20,2800,12,1.455,72.479,9,11,0,14.213,1,0.088,0.051,0,0,0,-54.267,1,14.213,0
11.542,recovered,0,0,-43.125,16,8,20,2800,12,1.449,72.372,9,11,0,14.213,1,0.099,0.077,0,0,0,-54.267,1,14.213,0
11.55,recovered,0,0,-43.208,16,8,20,2800,12,1.451,72.25,9,11,0,14.213,1,0.081,0.06,0,0,0,-54.267,1,14.213,0
11.558,recovered,0,0,-43.292,16,8,20,2800,12,1.454,72.287,9,11,0,14.213,1,0.104,0.08,0,0,0,-54.267,1,14.213,0
11.567,recovered,0,0,-43.375,16,8,20,2800,12,1.447,72.397,9,11,0,14.213,1,0.074,0.086,0,0,0,-54.267,1,14.213,0
11.575,recovered,0,0,-43.458,16,8,20,2800,12,1.45,72.456,9,11,0,14.213,1,0.081,0.072,0,0,0,-54.267,1,14.213,0
11.583,recovered,0,0,-43.542,16,8,20,2800,12,1.446,72.51,9,11,0,14.213,1,0.093,0.083,0,0,0,-54.267,1,14.213,0
11.592,recovered,0,0,-43.625,16,8,20,2800,12,1.452,72.351,9,11,0,14.213,1,0.069,0.086,0,0,0,-54.267,1,14.213,0
11.6,recovered,0,0,-43.708,16,8,20,2800,12,1.449,72.533,9,11,0,14.213,1,0.074,0.054,0,0,0,-54.267,1,14.213,0
11.608,recovered,0,0,-43.792,16,8,20,2800,12,1.446,72.45,9,11,0,14.213,1,0.084,0.063,0,0,0,-54.267,1,14.213,0
11.617,recovered,0,0,-43.875,16,8,20,2800,12,1.445,72.37,9,11,0,14.213,1,0.081,0.056,0,0,0,-54.267,1,14.213,0
11.625,recovered,0,0,-43.958,16,8,20,2800,12,1.449,72.508,9,11,0,14.213,1,0.065,0.065,0,0,0,-54.267,1,14.213,0
11.633,recovered,0,0,-44.042,16,8,20,2800,12,1.441,72.493,9,11,0,14.213,1,0.085,0.061,0,0,0,-54.267,1,14.213,0
11.642,recovered,0,0,-44.125,16,8,20,2800,12,1.448,72.411,9,11,0,14.213,1,0.067,0.058,0,0,0,-54.267,1,14.213,0
11.65,recovered,0,0,-44.208,16,8,20,2800,12,1.446,72.307,9,11,0,14.213,1,0.096,0.06,0,0,0,-54.267,1,14.213,0
11.658,recovered,0,0,-44.292,16,8,20,2800,12,1.44,72.375,9,11,0,14.213,1,0.061,0.082,0,0,0,-54.267,1,14.213,0
11.667,recovered,0,0,-44.375,16,8,20,2800,12,1.444,72.536,9,11,0,14.213,1,0.11,0.082,0,0,0,-54.267,1,14.213,0
11.675,recovered,0,0,-44.458,16,8,20,2800,12,1.441,72.408,9,11,0,14.213,1,0.065,0.05,0,0,0,-54.267,1,14.213,0
11.683,recovered,0,0,-44.542,16,8,20,2800,12,1.442,72.415,9,11,0,14.213,1,0.104,0.052,0,0,0,-54.267,1,14.213,0
11.692,recovered,0,0,-44.625,16,8,20,2800,12,1.44,72.387,9,11,0,14.213,1,0.062,0.063,0,0,0,-54.267,1,14.213,0
11.7,recovered,0,0,-44.708,16,8,20,2800,12,1.439,72.318,9,11,0,14.213,1,0.098,0.073,0,0,0,-54.267,1,14.213,0
11.708,recovered,0,0,-44.792,16,8,20,2800,12,1.441,72.286,9,11,0,14.213,1,0.07,0.073,0,0,0,-54.267,1,14.213,0
11.717,recovered,0,0,-44.875,16,8,20,2800,12,1.442,72.535,9,11,0,14.213,1,0.108,0.084,0,0,0,-54.267,1,14.213,0
11.725,recovered,0,0,-44.958,16,8,20,2800,12,1.439,72.341,9,11,0,14.213,1,0.096,0.087,0,0,0,-54.267,1,14.213,0
11.733,recovered,0,0,-45.042,16,8,20,2800,12,1.441,72.397,9,11,0,14.213,1,0.083,0.065,0,0,0,-54.267,1,14.213,0
11.742,recovered,0,0,-45.125,16,8,20,2800,12,1.439,72.414,9,11,0,14.213,1,0.063,0.056,0,0,0,-54.267,1,14.213,0
11.75,recovered,0,0,-45.208,16,8,20,2800,12,1.441,72.523,9,11,0,14.213,1,0.083,0.056,0,0,0,-54.267,1,14.213,0
11.758,recovered,0,0,-45.292,16,8,20,2800,12,1.435,72.367,9,11,0,14.213,1,0.108,0.057,0,0,0,-54.267,1,14.213,0
11.767,recovered,0,0,-45.375,16,8,20,2800,12,1.437,72.454,9,11,0,14.213,1,0.07,0.076,0,0,0,-54.267,1,14.213,0
11.775,recovered,0,0,-45.458,16,8,20,2800,12,1.436,72.312,9,11,0,14.213,1,0.092,0.074,0,0,0,-54.267,1,14.213,0
11.783,recovered,0,0,-45.542,16,8,20,2800,12,1.434,72.4,9,11,0,14.213,1,0.063,0.063,0,0,0,-54.267,1,14.213,0
11.792,recovered,0,0,-45.625,16,8,20,2800,12,1.433,72.488,9,11,0,14.213,1,0.104,0.073,0,0,0,-54.267,1,14.213,0
11.8,recovered,0,0,-45.708,16,8,20,2800,12,1.437,72.268,9,11,0,14.213,1,0.088,0.063,0,0,0,-54.267,1,14.213,0
11.808,recovered,0,0,-45.792,16,8,20,2800,12,1.431,72.299,9,11,0,14.213,1,0.096,0.087,0,0,0,-54.267,1,14.213,0
11.817,recovered,0,0,-45.875,16,8,20,2800,12,1.435,72.561,9,11,0,14.213,1,0.069,0.081,0,0,0,-54.267,1,14.213,0
11.825,recovered,0,0,-45.958,16,8,20,2800,12,1.428,72.494,9,11,0,14.213,1,0.1,0.082,0,0,0,-54.267,1,14.213,0
11.833,recovered,0,0,-46.042,16,8,20,2800,12,1.43,72.475,9,11,0,14.213,1,0.099,0.06,0,0,0,-54.267,1,14.213,0
11.842,recovered,0,0,-46.125,16,8,20,2800,12,1.429,72.408,9,11,0,14.213,1,0.095,0.061,0,0,0,-54.267,1,14.213,0
11.85,recovered,0,0,-46.208,16,8,20,2800,12,1.43,72.539,9,11,0,14.213,1,0.079,0.065,0,0,0,-54.267,1,14.213,0
11.858,recovered,0,0,-46.292,16,8,20,2800,12,1.429,72.401,9,11,0,14.213,1,0.063,0.069,0,0,0,-54.267,1,14.213,0
11.867,recovered,0,0,-46.375,16,8,20,2800,12,1.432,72.321,9,11,0,14.213,1,0.103,0.06,0,0,0,-54.267,1,14.213,0
11.875,recovered,0,0,-46.458,16,8,20,2800,12,1.429,72.309,9,11,0,14.213,1,0.09,0.063,0,0,0,-54.267,1,14.213,0
11.883,recovered,0,0,-46.542,16,8,20,2800,12,1.424,72.562,9,11,0,14.213,1,0.074,0.052,0,0,0,-54.267,1,14.213,0
11.892,recovered,0,0,-46.625,16,8,20,2800,12,1.425,72.413,9,11,0,14.213,1,0.1,0.06,0,0,0,-54.267,1,14.213,0
11.9,recovered,0,0,-46.708,16,8,20,2800,12,1.423,72.51,9,11,0,14.213,1,0.076,0.085,0,0,0,-54.267,1,14.213,0
11.908,recovered,0,0,-46.792,16,8,20,2800,12,1.423,72.395,9,11,0,14.213,1,0.107,0.084,0,0,0,-54.267,1,14.213,0
11.917,recovered,0,0,-46.875,16,8,20,2800,12,1.427,72.33,9,11,0,14.213,1,0.07,0.076,0,0,0,-54.267,1,14.213,0
11.925,recovered,0,0,-46.958,16,8,20,2800,12,1.423,72.58,9,11,0,14.213,1,0.081,0.062,0,0,0,-54.267,1,14.213,0
11.933,recovered,0,0,-47.042,16,8,20,2800,12,1.421,72.548,9,11,0,14.213,1,0.074,0.076,0,0,0,-54.267,1,14.213,0
11.942,recovered,0,0,-47.125,16,8,20,2800,12,1.424,72.531,9,11,0,14.213,1,0.096,0.086,0,0,0,-54.267,1,14.213,0
11.95,recovered,0,0,-47.208,16,8,20,2800,12,1.422,72.392,9,11,0,14.213,1,0.097,0.087,0,0,0,-54.267,1,14.213,0
11.958,recovered,0,0,-47.292,16,8,20,2800,12,1.421,72.391,9,11,0,14.213,1,0.098,0.09,0,0,0,-54.267,1,14.213,0
11.967,recovered,0,0,-47.375,16,8,20,2800,12,1.422,72.425,9,11,0,14.213,1,0.081,0.063,0,0,0,-54.267,1,14.213,0
11.975,recovered,0,0,-47.458,16,8,20,2800,12,1.42,72.446,9,11,0,14.213,1,0.088,0.082,0,0,0,-54.267,1,14.213,0
11.983,recovered,0,0,-47.542,16,8,20,2800,12,1.42,72.518,9,11,0,14.213,1,0.062,0.059,0,0,0,-54.267,1,14.213,0
11.992,recovered,0,0,-47.625,16,8,20,2800,12,1.42,72.398,9,11,0,14.213,1,0.08,0.082,0,0,0,-54.267,1,14.213,0
12,recovered,0,0,-47.708,16,8,20,2800,12,1.416,72.589,9,11,0,14.213,1,0.107,0.059,0,0,0,-54.267,1,14.213,0
12.008,recovered,0,0,-47.792,16,8,20,2800,12,1.422,72.476,9,11,0,14.213,1,0.085,0.066,0,0,0,-54.267,1,14.213,0
12.017,recovered,0,0,-47.875,16,8,20,2800,12,1.418,72.519,9,11,0,14.213,1,0.095,0.062,0,0,0,-54.267,1,14.213,0
12.025,recovered,0,0,-47.958,16,8,20,2800,12,1.421,72.577,9,11,0,14.213,1,0.089,0.07,0,0,0,-54.267,1,14.213,0
12.033,recovered,0,0,-48.042,16,8,20,2800,12,1.419,72.39,9,11,0,14.213,1,0.08,0.063,0,0,0,-54.267,1,14.213,0
12.042,recovered,0,0,-48.125,16,8,20,2800,12,1.418,72.443,9,11,0,14.213,1,0.097,0.073,0,0,0,-54.267,1,14.213,0
12.05,recovered,0,0,-48.208,16,8,20,2800,12,1.416,72.422,9,11,0,14.213,1,0.105,0.069,0,0,0,-54.267,1,14.213,0
12.058,recovered,0,0,-48.292,16,8,20,2800,12,1.417,72.454,9,11,0,14.213,1,0.062,0.084,0,0,0,-54.267,1,14.213,0
12.067,recovered,0,0,-48.375,16,8,20,2800,12,1.418,72.437,9,11,0,14.213,1,0.076,0.079,0,0,0,-54.267,1,14.213,0
12.075,recovered,0,0,-48.458,16,8,20,2800,12,1.413,72.307,9,11,0,14.213,1,0.103,0.089,0,0,0,-54.267,1,14.213,0
12.083,recovered,0,0,-48.542,16,8,20,2800,12,1.412,72.497,9,11,0,14.213,1,0.076,0.053,0,0,0,-54.267,1,14.213,0
12.092,recovered,0,0,-48.625,16,8,20,2800,12,1.415,72.491,9,11,0,14.213,1,0.103,0.053,0,0,0,-54.267,1,14.213,0
12.1,recovered,0,0,-48.708,16,8,20,2800,12,1.414,72.322,9,11,0,14.213,1,0.096,0.065,0,0,0,-54.267,1,14.213,0
12.108,recovered,0,0,-48.792,16,8,20,2800,12,1.414,72.336,9,11,0,14.213,1,0.075,0.057,0,0,0,-54.267,1,14.213,0
12.117,recovered,0,0,-48.875,16,8,20,2800,12,1.415,72.496,9,11,0,14.213,1,0.077,0.057,0,0,0,-54.267,1,14.213,0
12.125,recovered,0,0,-48.958,16,8,20,2800,12,1.409,72.562,9,11,0,14.213,1,0.079,0.083,0,0,0,-54.267,1,14.213,0
12.133,recovered,0,0,-49.042,16,8,20,2800,12,1.414,72.488,9,11,0,14.213,1,0.088,0.059,0,0,0,-54.267,1,14.213,0
12.142,recovered,0,0,-49.125,16,8,20,2800,12,1.411,72.532,9,11,0,14.213,1,0.099,0.053,0,0,0,-54.267,1,14.213,0
12.15,recovered,0,0,-49.208,16,8,20,2800,12,1.412,72.57,9,11,0,14.213,1,0.086,0.081,0,0,0,-54.267,1,14.213,0
12.158,recovered,0,0,-49.292,16,8,20,2800,12,1.406,72.381,9,11,0,14.213,1,0.105,0.069,0,0,0,-54.267,1,14.213,0
12.167,recovered,0,0,-49.375,16,8,20,2800,12,1.412,72.333,9,11,0,14.213,1,0.077,0.08,0,0,0,-54.267,1,14.213,0
12.175,recovered,0,0,-49.458,16,8,20,2800,12,1.406,72.347,9,11,0,14.213,1,0.076,0.069,0,0,0,-54.267,1,14.213,0
12.183,recovered,0,0,-49.542,16,8,20,2800,12,1.405,72.516,9,11,0,14.213,1,0.069,0.075,0,0,0,-54.267,1,14.213,0
12.192,recovered,0,0,-49.625,16,8,20,2800,12,1.41,72.569,9,11,0,14.213,1,0.097,0.08,0,0,0,-54.267,1,14.213,0
12.2,recovered,0,0,-49.708,16,8,20,2800,12,1.408,72.465,9,11,0,14.213,1,0.097,0.061,0,0,0,-54.267,1,14.213,0
12.208,recovered,0,0,-49.792,16,8,20,2800,12,1.406,72.329,9,11,0,14.213,1,0.066,0.081,0,0,0,-54.267,1,14.213,0
12.217,recovered,0,0,-49.875,16,8,20,2800,12,1.405,72.538,9,11,0,14.213,1,0.095,0.07,0,0,0,-54.267,1,14.213,0
12.225,recovered,0,0,-49.958,16,8,20,2800,12,1.403,72.358,9,11,0,14.213,1,0.068,0.053,0,0,0,-54.267,1,14.213,0
12.233,recovered,0,0,-50.042,16,8,20,2800,12,1.407,72.499,9,11,0,14.213,1,0.082,0.055,0,0,0,-54.267,1,14.213,0
12.242,recovered,0,0,-50.125,16,8,20,2800,12,1.402,72.378,9,11,0,14.213,1,0.094,0.071,0,0,0,-54.267,1,14.213,0
12.25,recovered,0,0,-50.208,16,8,20,2800,12,1.399,72.465,9,11,0,14.213,1,0.067,0.089,0,0,0,-54.267,1,14.213,0
12.258,recovered,0,0,-50.292,16,8,20,2800,12,1.403,72.554,9,11,0,14.213,1,0.073,0.052,0,0,0,-54.267,1,14.213,0
12.267,recovered,0,0,-50.375,16,8,20,2800,12,1.405,72.61,9,11,0,14.213,1,0.106,0.06,0,0,0,-54.267,1,14.213,0
12.275,recovered,0,0,-50.458,16,8,20,2800,12,1.402,72.364,9,11,0,14.213,1,0.07,0.087,0,0,0,-54.267,1,14.213,0
12.283,recovered,0,0,-50.542,16,8,20,2800,12,1.4,72.53,9,11,0,14.213,1,0.062,0.086,0,0,0,-54.267,1,14.213,0
12.292,recovered,0,0,-50.625,16,8,20,2800,12,1.401,72.403,9,11,0,14.213,1,0.079,0.06,0,0,0,-54.267,1,14.213,0
12.3,recovered,0,0,-50.708,16,8,20,2800,12,1.401,72.568,9,11,0,14.213,1,0.108,0.088,0,0,0,-54.267,1,14.213,0
12.308,recovered,0,0,-50.792,16,8,20,2800,12,1.4,72.376,9,11,0,14.213,1,0.067,0.066,0,0,0,-54.267,1,14.213,0
12.317,recovered,0,0,-50.875,16,8,20,2800,12,1.402,72.475,9,11,0,14.213,1,0.09,0.069,0,0,0,-54.267,1,14.213,0
12.325,recovered,0,0,-50.958,16,8,20,2800,12,1.4,72.552,9,11,0,14.213,1,0.076,0.052,0,0,0,-54.267,1,14.213,0
12.333,recovered,0,0,-51.042,16,8,20,2800,12,1.394,72.423,9,11,0,14.213,1,0.103,0.08,0,0,0,-54.267,1,14.213,0
12.342,recovered,0,0,-51.125,16,8,20,2800,12,1.397,72.549,9,11,0,14.213,1,0.107,0.082,0,0,0,-54.267,1,14.213,0
12.35,recovered,0,0,-51.208,16,8,20,2800,12,1.397,72.41,9,11,0,14.213,1,0.1,0.055,0,0,0,-54.267,1,14.213,0
12.358,recovered,0,0,-51.292,16,8,20,2800,12,1.393,72.401,9,11,0,14.213,1,0.071,0.076,0,0,0,-54.267,1,14.213,0
12.367,recovered,0,0,-51.375,16,8,20,2800,12,1.394,72.523,9,11,0,14.213,1,0.088,0.055,0,0,0,-54.267,1,14.213,0
12.375,recovered,0,0,-51.458,16,8,20,2800,12,1.397,72.386,9,11,0,14.213,1,0.095,0.056,0,0,0,-54.267,1,14.213,0
12.383,recovered,0,0,-51.542,16,8,20,2800,12,1.39,72.397,9,11,0,14.213,1,0.106,0.067,0,0,0,-54.267,1,14.213,0
12.392,recovered,0,0,-51.625,16,8,20,2800,12,1.397,72.541,9,11,0,14.213,1,0.067,0.076,0,0,0,-54.267,1,14.213,0
12.4,recovered,0,0,-51.708,16,8,20,2800,12,1.392,72.588,9,11,0,14.213,1,0.071,0.084,0,0,0,-54.267,1,14.213,0
12.408,recovered,0,0,-51.792,16,8,20,2800,12,1.389,72.478,9,11,0,14.213,1,0.07,0.064,0,0,0,-54.267,1,14.213,0
12.417,recovered,0,0,-51.875,16,8,20,2800,12,1.39,72.568,9,11,0,14.213,1,0.072,0.073,0,0,0,-54.267,1,14.213,0
12.425,recovered,0,0,-51.958,16,8,20,2800,12,1.394,72.391,9,11,0,14.213,1,0.081,0.078,0,0,0,-54.267,1,14.213,0
12.433,recovered,0,0,-52.042,16,8,20,2800,12,1.395,72.527,9,11,0,14.213,1,0.106,0.085,0,0,0,-54.267,1,14.213,0
12.442,recovered,0,0,-52.125,16,8,20,2800,12,1.387,72.505,9,11,0,14.213,1,0.097,0.089,0,0,0,-54.267,1,14.213,0
12.45,recovered,0,0,-52.208,16,8,20,2800,12,1.392,72.5,9,11,0,14.213,1,0.069,0.057,0,0,0,-54.267,1,14.213,0
12.458,recovered,0,0,-52.292,16,8,20,2800,12,1.386,72.409,9,11,0,14.213,1,0.081,0.071,0,0,0,-54.267,1,14.213,0
12.467,recovered,0,0,-52.375,16,8,20,2800,12,1.385,72.4,9,11,0,14.213,1,0.099,0.067,0,0,0,-54.267,1,14.213,0
12.475,recovered,0,0,-52.458,16,8,20,2800,12,1.387,72.526,9,11,0,14.213,1,0.094,0.08,0,0,0,-54.267,1,14.213,0
12.483,recovered,0,0,-52.542,16,8,20,2800,12,1.389,72.468,9,11,0,14.213,1,0.081,0.086,0,0,0,-54.267,1,14.213,0
12.492,recovered,0,0,-52.625,16,8,20,2800,12,1.388,72.453,9,11,0,14.213,1,0.062,0.057,0,0,0,-54.267,1,14.213,0
12.5,recovered,0,0,-52.708,16,8,20,2800,12,1.391,72.384,9,11,0,14.213,1,0.069,0.053,0,0,0,-54.267,1,14.213,0
12.508,recovered,0,0,-52.792,16,8,20,2800,12,1.384,72.4,9,11,0,14.213,1,0.106,0.063,0,0,0,-54.267,1,14.213,0
12.517,recovered,0,0,-52.875,16,8,20,2800,12,1.386,72.601,9,11,0,14.213,1,0.066,0.06,0,0,0,-54.267,1,14.213,0
12.525,recovered,0,0,-52.958,16,8,20,2800,12,1.386,72.603,9,11,0,14.213,1,0.08,0.087,0,0,0,-54.267,1,14.213,0
12.533,recovered,0,0,-53.042,16,8,20,2800,12,1.383,72.492,9,11,0,14.213,1,0.093,0.058,0,0,0,-54.267,1,14.213,0
12.542,recovered,0,0,-53.125,16,8,20,2800,12,1.383,72.636,9,11,0,14.213,1,0.076,0.073,0,0,0,-54.267,1,14.213,0
12.55,recovered,0,0,-53.208,16,8,20,2800,12,1.382,72.557,9,11,0,14.213,1,0.072,0.077,0,0,0,-54.267,1,14.213,0
12.558,recovered,0,0,-53.292,16,8,20,2800,12,1.387,72.643,9,11,0,14.213,1,0.086,0.069,0,0,0,-54.267,1,14.213,0
12.567,recovered,0,0,-53.375,16,8,20,2800,12,1.386,72.398,9,11,0,14.213,1,0.096,0.087,0,0,0,-54.267,1,14.213,0
12.575,recovered,0,0,-53.458,16,8,20,2800,12,1.382,72.609,9,11,0,14.213,1,0.1,0.057,0,0,0,-54.267,1,14.213,0
12.583,recovered,0,0,-53.542,16,8,20,2800,12,1.386,72.476,9,11,0,14.213,1,0.064,0.059,0,0,0,-54.267,1,14.213,0
12.592,recovered,0,0,-53.625,16,8,20,2800,12,1.38,72.378,9,11,0,14.213,1,0.099,0.055,0,0,0,-54.267,1,14.213,0
12.6,recovered,0,0,-53.708,16,8,20,2800,12,1.38,72.633,9,11,0,14.213,1,0.084,0.056,0,0,0,-54.267,1,14.213,0
12.608,recovered,0,0,-53.792,16,8,20,2800,12,1.383,72.372,9,11,0,14.213,1,0.109,0.061,0,0,0,-54.267,1,14.213,0
12.617,recovered,0,0,-53.875,16,8,20,2800,12,1.383,72.507,9,11,0,14.213,1,0.084,0.078,0,0,0,-54.267,1,14.213,0
12.625,recovered,0,0,-53.958,16,8,20,2800,12,1.38,72.541,9,11,0,14.213,1,0.08,0.069,0,0,0,-54.267,1,14.213,0
12.633,recovered,0,0,-54.042,16,8,20,2800,12,1.379,72.612,9,11,0,14.213,1,0.103,0.053,0,0,0,-54.267,1,14.213,0
12.642,recovered,0,0,-54.125,16,8,20,2800,12,1.381,72.45,9,11,0,14.213,1,0.069,0.07,0,0,0,-54.267,1,14.213,0
12.65,recovered,0,0,-54.208,16,8,20,2800,12,1.378,72.466,9,11,0,14.213,1,0.065,0.081,0,0,0,-54.267,1,14.213,0
12.658,recovered,0,0,-54.292,16,8,20,2800,12,1.374,72.377,9,11,0,14.213,1,0.092,0.055,0,0,0,-54.267,1,14.213,0
12.667,recovered,0,0,-54.375,16,8,20,2800,12,1.377,72.505,9,11,0,14.213,1,0.08,0.074,0,0,0,-54.267,1,14.213,0
12.675,recovered,0,0,-54.458,16,8,20,2800,12,1.374,72.547,9,11,0,14.213,1,0.081,0.053,0,0,0,-54.267,1,14.213,0
12.683,recovered,0,0,-54.542,16,8,20,2800,12,1.372,72.657,9,11,0,14.213,1,0.081,0.066,0,0,0,-54.267,1,14.213,0
12.692,recovered,0,0,-54.625,16,8,20,2800,12,1.374,72.421,9,11,0,14.213,1,0.088,0.077,0,0,0,-54.267,1,14.213,0
12.7,recovered,0,0,-54.708,16,8,20,2800,12,1.373,72.399,9,11,0,14.213,1,0.098,0.083,0,0,0,-54.267,1,14.213,0
12.708,recovered,0,0,-54.792,16,8,20,2800,12,1.375,72.416,9,11,0,14.213,1,0.082,0.075,0,0,0,-54.267,1,14.213,0
12.717,recovered,0,0,-54.875,16,8,20,2800,12,1.377,72.392,9,11,0,14.213,1,0.093,0.057,0,0,0,-54.267,1,14.213,0
12.725,recovered,0,0,-54.958,16,8,20,2800,12,1.375,72.598,9,11,0,14.213,1,0.075,0.057,0,0,0,-54.267,1,14.213,0
12.733,recovered,0,0,-55.042,16,8,20,2800,12,1.372,72.644,9,11,0,14.213,1,0.07,0.086,0,0,0,-54.267,1,14.213,0
12.742,recovered,0,0,-55.125,16,8,20,2800,12,1.374,72.538,9,11,0,14.213,1,0.105,0.087,0,0,0,-54.267,1,14.213,0
12.75,recovered,0,0,-55.208,16,8,20,2800,12,1.373,72.456,9,11,0,14.213,1,0.065,0.086,0,0,0,-54.267,1,14.213,0
12.758,recovered,0,0,-55.292,16,8,20,2800,12,1.372,72.616,9,11,0,14.213,1,0.082,0.071,0,0,0,-54.267,1,14.213,0
12.767,recovered,0,0,-55.375,16,8,20,2800,12,1.37,72.652,9,11,0,14.213,1,0.073,0.059,0,0,0,-54.267,1,14.213,0
12.775,recovered,0,0,-55.458,16,8,20,2800,12,1.371,72.426,9,11,0,14.213,1,0.089,0.059,0,0,0,-54.267,1,14.213,0
12.783,recovered,0,0,-55.542,16,8,20,2800,12,1.367,72.558,9,11,0,14.213,1,0.105,0.072,0,0,0,-54.267,1,14.213,0
12.792,recovered,0,0,-55.625,16,8,20,2800,12,1.369,72.49,9,11,0,14.213,1,0.085,0.088,0,0,0,-54.267,1,14.213,0
12.8,recovered,0,0,-55.708,16,8,20,2800,12,1.367,72.418,9,11,0,14.213,1,0.073,0.079,0,0,0,-54.267,1,14.213,0
12.808,recovered,0,0,-55.792,16,8,20,2800,12,1.365,72.679,9,11,0,14.213,1,0.09,0.052,0,0,0,-54.267,1,14.213,0
12.817,recovered,0,0,-55.875,16,8,20,2800,12,1.37,72.624,9,11,0,14.213,1,0.1,0.067,0,0,0,-54.267,1,14.213,0
12.825,recovered,0,0,-55.958,16,8,20,2800,12,1.37,72.454,9,11,0,14.213,1,0.07,0.06,0,0,0,-54.267,1,14.213,0
12.833,recovered,0,0,-56.042,16,8,20,2800,12,1.368,72.591,9,11,0,14.213,1,0.08,0.078,0,0,0,-54.267,1,14.213,0
12.842,recovered,0,0,-56.125,16,8,20,2800,12,1.364,72.536,9,11,0,14.213,1,0.074,0.086,0,0,0,-54.267,1,14.213,0
12.85,recovered,0,0,-56.208,16,8,20,2800,12,1.362,72.457,9,11,0,14.213,1,0.078,0.06,0,0,0,-54.267,1,14.213,0
12.858,recovered,0,0,-56.292,16,8,20,2800,12,1.363,72.485,9,11,0,14.213,1,0.07,0.065,0,0,0,-54.267,1,14.213,0
12.867,recovered,0,0,-56.375,16,8,20,2800,12,1.366,72.676,9,11,0,14.213,1,0.108,0.069,0,0,0,-54.267,1,14.213,0
12.875,recovered,0,0,-56.458,16,8,20,2800,12,1.366,72.596,9,11,0,14.213,1,0.109,0.076,0,0,0,-54.267,1,14.213,0
12.883,recovered,0,0,-56.542,16,8,20,2800,12,1.364,72.668,9,11,0,14.213,1,0.082,0.069,0,0,0,-54.267,1,14.213,0
12.892,recovered,0,0,-56.625,16,8,20,2800,12,1.361,72.557,9,11,0,14.213,1,0.098,0.055,0,0,0,-54.267,1,14.213,0
12.9,recovered,0,0,-56.708,16,8,20,2800,12,1.361,72.604,9,11,0,14.213,1,0.085,0.088,0,0,0,-54.267,1,14.213,0
12.908,recovered,0,0,-56.792,16,8,20,2800,12,1.366,72.562,9,11,0,14.213,1,0.099,0.088,0,0,0,-54.267,1,14.213,0
12.917,recovered,0,0,-56.875,16,8,20,2800,12,1.364,72.516,9,11,0,14.213,1,0.073,0.06,0,0,0,-54.267,1,14.213,0
12.925,recovered,0,0,-56.958,16,8,20,2800,12,1.359,72.505,9,11,0,14.213,1,0.102,0.065,0,0,0,-54.267,1,14.213,0
12.933,recovered,0,0,-57.042,16,8,20,2800,12,1.363,72.51,9,11,0,14.213,1,0.091,0.06,0,0,0,-54.267,1,14.213,0
12.942,recovered,0,0,-57.125,16,8,20,2800,12,1.361,72.434,9,11,0,14.213,1,0.109,0.082,0,0,0,-54.267,1,14.213,0
12.95,recovered,0,0,-57.208,16,8,20,2800,12,1.363,72.525,9,11,0,14.213,1,0.088,0.089,0,0,0,-54.267,1,14.213,0
12.958,recovered,0,0,-57.292,16,8,20,2800,12,1.363,72.458,9,11,0,14.213,1,0.075,0.058,0,0,0,-54.267,1,14.213,0
12.967,recovered,0,0,-57.375,16,8,20,2800,12,1.36,72.419,9,11,0,14.213,1,0.093,0.051,0,0,0,-54.267,1,14.213,0
12.975,recovered,0,0,-57.458,16,8,20,2800,12,1.356,72.59,9,11,0,14.213,1,0.088,0.056,0,0,0,-54.267,1,14.213,0
12.983,recovered,0,0,-57.542,16,8,20,2800,12,1.355,72.612,9,11,0,14.213,1,0.082,0.073,0,0,0,-54.267,1,14.213,0
12.992,recovered,0,0,-57.625,16,8,20,2800,12,1.362,72.423,9,11,0,14.213,1,0.104,0.082,0,0,0,-54.267,1,14.213,0
13,recovered,0,0,-57.708,16,8,20,2800,12,1.355,72.527,9,11,0,14.213,1,0.076,0.078,0,0,0,-54.267,1,14.213,0
13.008,recovered,0,0,-57.792,16,8,20,2800,12,1.361,72.437,9,11,0,14.213,1,0.069,0.063,0,0,0,-54.267,1,14.213,0
13.017,recovered,0,0,-57.875,16,8,20,2800,12,1.354,72.628,9,11,0,14.213,1,0.062,0.089,0,0,0,-54.267,1,14.213,0
13.025,recovered,0,0,-57.958,16,8,20,2800,12,1.356,72.694,9,11,0,14.213,1,0.106,0.077,0,0,0,-54.267,1,14.213,0
13.033,recovered,0,0,-58.042,16,8,20,2800,12,1.353,72.524,9,11,0,14.213,1,0.071,0.056,0,0,0,-54.267,1,14.213,0
13.042,recovered,0,0,-58.125,16,8,20,2800,12,1.357,72.563,9,11,0,14.213,1,0.079,0.064,0,0,0,-54.267,1,14.213,0
13.05,recovered,0,0,-58.208,16,8,20,2800,12,1.356,72.698,9,11,0,14.213,1,0.068,0.081,0,0,0,-54.267,1,14.213,0
13.058,recovered,0,0,-58.292,16,8,20,2800,12,1.353,72.571,9,11,0,14.213,1,0.071,0.088,0,0,0,-54.267,1,14.213,0
13.067,recovered,0,0,-58.375,16,8,20,2800,12,1.355,72.531,9,11,0,14.213,1,0.078,0.071,0,0,0,-54.267,1,14.213,0
13.075,recovered,0,0,-58.458,16,8,20,2800,12,1.358,72.668,9,11,0,14.213,1,0.095,0.088,0,0,0,-54.267,1,14.213,0
13.083,recovered,0,0,-58.542,16,8,20,2800,12,1.35,72.546,9,11,0,14.213,1,0.068,0.075,0,0,0,-54.267,1,14.213,0
13.092,recovered,0,0,-58.625,16,8,20,2800,12,1.354,72.533,9,11,0,14.213,1,0.066,0.075,0,0,0,-54.267,1,14.213,0
13.1,recovered,0,0,-58.708,16,8,20,2800,12,1.349,72.655,9,11,0,14.213,1,0.092,0.085,0,0,0,-54.267,1,14.213,0
13.108,recovered,0,0,-58.792,16,8,20,2800,12,1.356,72.715,9,11,0,14.213,1,0.082,0.057,0,0,0,-54.267,1,14.213,0
13.117,recovered,0,0,-58.875,16,8,20,2800,12,1.352,72.477,9,11,0,14.213,1,0.066,0.071,0,0,0,-54.267,1,14.213,0
13.125,recovered,0,0,-58.958,16,8,20,2800,12,1.355,72.664,9,11,0,14.213,1,0.082,0.051,0,0,0,-54.267,1,14.213,0
13.133,recovered,0,0,-59.042,16,8,20,2800,12,1.353,72.516,9,11,0,14.213,1,0.107,0.075,0,0,0,-54.267,1,14.213,0
13.142,recovered,0,0,-59.125,16,8,20,2800,12,1.348,72.691,9,11,0,14.213,1,0.076,0.077,0,0,0,-54.267,1,14.213,0
13.15,recovered,0,0,-59.208,16,8,20,2800,12,1.346,72.656,9,11,0,14.213,1,0.104,0.079,0,0,0,-54.267,1,14.213,0
13.158,recovered,0,0,-59.292,16,8,20,2800,12,1.351,72.649,9,11,0,14.213,1,0.079,0.09,0,0,0,-54.267,1,14.213,0
13.167,recovered,0,0,-59.375,16,8,20,2800,12,1.352,72.544,9,11,0,14.213,1,0.074,0.085,0,0,0,-54.267,1,14.213,0
13.175,recovered,0,0,-59.458,16,8,20,2800,12,1.351,72.543,9,11,0,14.213,1,0.069,0.059,0,0,0,-54.267,1,14.213,0
13.183,recovered,0,0,-59.542,16,8,20,2800,12,1.352,72.595,9,11,0,14.213,1,0.067,0.065,0,0,0,-54.267,1,14.213,0
13.192,recovered,0,0,-59.625,16,8,20,2800,12,1.347,72.461,9,11,0,14.213,1,0.097,0.085,0,0,0,-54.267,1,14.213,0
13.2,recovered,0,0,-59.708,16,8,20,2800,12,1.346,72.59,9,11,0,14.213,1,0.061,0.07,0,0,0,-54.267,1,14.213,0
13.208,recovered,0,0,-59.792,16,8,20,2800,12,1.348,72.647,9,11,0,14.213,1,0.106,0.089,0,0,0,-54.267,1,14.213,0
13.217,recovered,0,0,-59.875,16,8,20,2800,12,1.346,72.62,9,11,0,14.213,1,0.07,0.06,0,0,0,-54.267,1,14.213,0
13.225,recovered,0,0,-59.958,16,8,20,2800,12,1.348,72.49,9,11,0,14.213,1,0.101,0.083,0,0,0,-54.267,1,14.213,0
13.233,recovered,0,0,-60.042,16,8,20,2800,12,1.342,72.558,9,11,0,14.213,1,0.076,0.079,0,0,0,-54.267,1,14.213,0
13.242,recovered,0,0,-60.125,16,8,20,2800,12,1.343,72.731,9,11,0,14.213,1,0.062,0.064,0,0,0,-54.267,1,14.213,0
13.25,recovered,0,0,-60.208,16,8,20,2800,12,1.343,72.451,9,11,0,14.213,1,0.073,0.068,0,0,0,-54.267,1,14.213,0
13.258,recovered,0,0,-60.292,16,8,20,2800,12,1.344,72.444,9,11,0,14.213,1,0.084,0.058,0,0,0,-54.267,1,14.213,0
13.267,recovered,0,0,-60.375,16,8,20,2800,12,1.346,72.726,9,11,0,14.213,1,0.096,0.088,0,0,0,-54.267,1,14.213,0
13.275,recovered,0,0,-60.458,16,8,20,2800,12,1.343,72.602,9,11,0,14.213,1,0.097,0.08,0,0,0,-54.267,1,14.213,0
13.283,recovered,0,0,-60.542,16,8,20,2800,12,1.339,72.613,9,11,0,14.213,1,0.083,0.079,0,0,0,-54.267,1,14.213,0
13.292,recovered,0,0,-60.625,16,8,20,2800,12,1.346,72.609,9,11,0,14.213,1,0.081,0.052,0,0,0,-54.267,1,14.213,0
13.3,recovered,0,0,-60.708,16,8,20,2800,12,1.343,72.493,9,11,0,14.213,1,0.099,0.083,0,0,0,-54.267,1,14.213,0
13.308,recovered,0,0,-60.792,16,8,20,2800,12,1.339,72.582,9,11,0,14.213,1,0.087,0.077,0,0,0,-54.267,1,14.213,0
13.317,recovered,0,0,-60.875,16,8,20,2800,12,1.339,72.541,9,11,0,14.213,1,0.09,0.072,0,0,0,-54.267,1,14.213,0
13.325,recovered,0,0,-60.958,16,8,20,2800,12,1.34,72.49,9,11,0,14.213,1,0.091,0.076,0,0,0,-54.267,1,14.213,0
13.333,recovered,0,0,-61.042,16,8,20,2800,12,1.344,72.623,9,11,0,14.213,1,0.097,0.055,0,0,0,-54.267,1,14.213,0
13.342,recovered,0,0,-61.125,16,8,20,2800,12,1.344,72.587,9,11,0,14.213,1,0.071,0.07,0,0,0,-54.267,1,14.213,0
13.35,recovered,0,0,-61.208,16,8,20,2800,12,1.337,72.5,9,11,0,14.213,1,0.091,0.067,0,0,0,-54.267,1,14.213,0
13.358,recovered,0,0,-61.292,16,8,20,2800,12,1.336,72.597,9,11,0,14.213,1,0.091,0.064,0,0,0,-54.267,1,14.213,0
13.367,recovered,0,0,-61.375,16,8,20,2800,12,1.336,72.465,9,11,0,14.213,1,0.091,0.065,0,0,0,-54.267,1,14.213,0
13.375,recovered,0,0,-61.458,16,8,20,2800,12,1.338,72.577,9,11,0,14.213,1,0.062,0.06,0,0,0,-54.267,1,14.213,0
13.383,recovered,0,0,-61.542,16,8,20,2800,12,1.335,72.57,9,11,0,14.213,1,0.077,0.055,0,0,0,-54.267,1,14.213,0
13.392,recovered,0,0,-61.625,16,8,20,2800,12,1.341,72.718,9,11,0,14.213,1,0.065,0.067,0,0,0,-54.267,1,14.213,0
13.4,recovered,0,0,-61.708,16,8,20,2800,12,1.339,72.685,9,11,0,14.213,1,0.105,0.074,0,0,0,-54.267,1,14.213,0
13.408,recovered,0,0,-61.792,16,8,20,2800,12,1.337,72.598,9,11,0,14.213,1,0.074,0.072,0,0,0,-54.267,1,14.213,0
13.417,recovered,0,0,-61.875,16,8,20,2800,12,1.336,72.627,9,11,0,14.213,1,0.1,0.072,0,0,0,-54.267,1,14.213,0
13.425,recovered,0,0,-61.958,16,8,20,2800,12,1.336,72.694,9,11,0,14.213,1,0.076,0.06,0,0,0,-54.267,1,14.213,0
13.433,recovered,0,0,-62.042,16,8,20,2800,12,1.335,72.72,9,11,0,14.213,1,0.066,0.058,0,0,0,-54.267,1,14.213,0
13.442,recovered,0,0,-62.125,16,8,20,2800,12,1.334,72.634,9,11,0,14.213,1,0.107,0.065,0,0,0,-54.267,1,14.213,0
13.45,recovered,0,0,-62.208,16,8,20,2800,12,1.336,72.56,9,11,0,14.213,1,0.094,0.051,0,0,0,-54.267,1,14.213,0
13.458,recovered,0,0,-62.292,16,8,20,2800,12,1.332,72.644,9,11,0,14.213,1,0.105,0.064,0,0,0,-54.267,1,14.213,0
13.467,recovered,0,0,-62.375,16,8,20,2800,12,1.338,72.748,9,11,0,14.213,1,0.071,0.067,0,0,0,-54.267,1,14.213,0
13.475,recovered,0,0,-62.458,16,8,20,2800,12,1.333,72.601,9,11,0,14.213,1,0.102,0.089,0,0,0,-54.267,1,14.213,0
13.483,recovered,0,0,-62.542,16,8,20,2800,12,1.33,72.68,9,11,0,14.213,1,0.08,0.072,0,0,0,-54.267,1,14.213,0
13.492,recovered,0,0,-62.625,16,8,20,2800,12,1.333,72.725,9,11,0,14.213,1,0.106,0.077,0,0,0,-54.267,1,14.213,0
13.5,recovered,0,0,-62.708,16,8,20,2800,12,1.329,72.577,9,11,0,14.213,1,0.099,0.083,0,0,0,-54.267,1,14.213,0
13.508,recovered,0,0,-62.792,16,8,20,2800,12,1.329,72.508,9,11,0,14.213,1,0.108,0.076,0,0,0,-54.267,1,14.213,0
13.517,recovered,0,0,-62.875,16,8,20,2800,12,1.333,72.522,9,11,0,14.213,1,0.077,0.054,0,0,0,-54.267,1,14.213,0
13.525,recovered,0,0,-62.958,16,8,20,2800,12,1.328,72.708,9,11,0,14.213,1,0.066,0.053,0,0,0,-54.267,1,14.213,0
13.533,recovered,0,0,-63.042,16,8,20,2800,12,1.332,72.502,9,11,0,14.213,1,0.106,0.066,0,0,0,-54.267,1,14.213,0
13.542,recovered,0,0,-63.125,16,8,20,2800,12,1.329,72.519,9,11,0,14.213,1,0.099,0.072,0,0,0,-54.267,1,14.213,0
13.55,recovered,0,0,-63.208,16,8,20,2800,12,1.332,72.61,9,11,0,14.213,1,0.103,0.064,0,0,0,-54.267,1,14.213,0
13.558,recovered,0,0,-63.292,16,8,20,2800,12,1.331,72.636,9,11,0,14.213,1,0.071,0.086,0,0,0,-54.267,1,14.213,0
13.567,recovered,0,0,-63.375,16,8,20,2800,12,1.332,72.75,9,11,0,14.213,1,0.085,0.084,0,0,0,-54.267,1,14.213,0
13.575,recovered,0,0,-63.458,16,8,20,2800,12,1.33,72.651,9,11,0,14.213,1,0.081,0.053,0,0,0,-54.267,1,14.213,0
13.583,recovered,0,0,-63.542,16,8,20,2800,12,1.326,72.487,9,11,0,14.213,1,0.064,0.062,0,0,0,-54.267,1,14.213,0
13.592,recovered,0,0,-63.625,16,8,20,2800,12,1.325,72.774,9,11,0,14.213,1,0.092,0.074,0,0,0,-54.267,1,14.213,0
13.6,recovered,0,0,-63.708,16,8,20,2800,12,1.326,72.512,9,11,0,14.213,1,0.065,0.072,0,0,0,-54.267,1,14.213,0
13.608,recovered,0,0,-63.792,16,8,20,2800,12,1.324,72.496,9,11,0,14.213,1,0.096,0.053,0,0,0,-54.267,1,14.213,0
13.617,recovered,0,0,-63.875,16,8,20,2800,12,1.327,72.621,9,11,0,14.213,1,0.106,0.072,0,0,0,-54.267,1,14.213,0
13.625,recovered,0,0,-63.958,16,8,20,2800,12,1.326,72.497,9,11,0,14.213,1,0.084,0.087,0,0,0,-54.267,1,14.213,0
13.633,recovered,0,0,-64.042,16,8,20,2800,12,1.327,72.487,9,11,0,14.213,1,0.093,0.079,0,0,0,-54.267,1,14.213,0
13.642,recovered,0,0,-64.125,16,8,20,2800,12,1.326,72.728,9,11,0,14.213,1,0.074,0.055,0,0,0,-54.267,1,14.213,0
13.65,recovered,0,0,-64.208,16,8,20,2800,12,1.325,72.492,9,11,0,14.213,1,0.084,0.078,0,0,0,-54.267,1,14.213,0
13.658,recovered,0,0,-64.292,16,8,20,2800,12,1.326,72.569,9,11,0,14.213,1,0.075,0.087,0,0,0,-54.267,1,14.213,0
13.667,recovered,0,0,-64.375,16,8,20,2800,12,1.329,72.763,9,11,0,14.213,1,0.095,0.06,0,0,0,-54.267,1,14.213,0
13.675,recovered,0,0,-64.458,16,8,20,2800,12,1.322,72.635,9,11,0,14.213,1,0.099,0.084,0,0,0,-54.267,1,14.213,0
13.683,recovered,0,0,-64.542,16,8,20,2800,12,1.323,72.507,9,11,0,14.213,1,0.088,0.088,0,0,0,-54.267,1,14.213,0
13.692,recovered,0,0,-64.625,16,8,20,2800,12,1.323,72.569,9,11,0,14.213,1,0.085,0.068,0,0,0,-54.267,1,14.213,0
13.7,recovered,0,0,-64.708,16,8,20,2800,12,1.324,72.663,9,11,0,14.213,1,0.104,0.073,0,0,0,-54.267,1,14.213,0
13.708,recovered,0,0,-64.792,16,8,20,2800,12,1.327,72.76,9,11,0,14.213,1,0.093,0.087,0,0,0,-54.267,1,14.213,0
13.717,recovered,0,0,-64.875,16,8,20,2800,12,1.323,72.55,9,11,0,14.213,1,0.064,0.088,0,0,0,-54.267,1,14.213,0
13.725,recovered,0,0,-64.958,16,8,20,2800,12,1.32,72.697,9,11,0,14.213,1,0.09,0.069,0,0,0,-54.267,1,14.213,0
13.733,recovered,0,0,-65.042,16,8,20,2800,12,1.321,72.589,9,11,0,14.213,1,0.095,0.065,0,0,0,-54.267,1,14.213,0
13.742,recovered,0,0,-65.125,16,8,20,2800,12,1.323,72.715,9,11,0,14.213,1,0.078,0.078,0,0,0,-54.267,1,14.213,0
13.75,recovered,0,0,-65.208,16,8,20,2800,12,1.321,72.576,9,11,0,14.213,1,0.066,0.084,0,0,0,-54.267,1,14.213,0
13.758,recovered,0,0,-65.292,16,8,20,2800,12,1.325,72.659,9,11,0,14.213,1,0.08,0.085,0,0,0,-54.267,1,14.213,0
13.767,recovered,0,0,-65.375,16,8,20,2800,12,1.319,72.632,9,11,0,14.213,1,0.107,0.057,0,0,0,-54.267,1,14.213,0
13.775,recovered,0,0,-65.458,16,8,20,2800,12,1.317,72.717,9,11,0,14.213,1,0.085,0.06,0,0,0,-54.267,1,14.213,0
13.783,recovered,0,0,-65.542,16,8,20,2800,12,1.321,72.67,9,11,0,14.213,1,0.099,0.055,0,0,0,-54.267,1,14.213,0
13.792,recovered,0,0,-65.625,16,8,20,2800,12,1.319,72.556,9,11,0,14.213,1,0.083,0.083,0,0,0,-54.267,1,14.213,0
13.8,recovered,0,0,-65.708,16,8,20,2800,12,1.32,72.791,9,11,0,14.213,1,0.108,0.065,0,0,0,-54.267,1,14.213,0
13.808,recovered,0,0,-65.792,16,8,20,2800,12,1.322,72.69,9,11,0,14.213,1,0.093,0.074,0,0,0,-54.267,1,14.213,0
13.817,recovered,0,0,-65.875,16,8,20,2800,12,1.317,72.574,9,11,0,14.213,1,0.073,0.079,0,0,0,-54.267,1,14.213,0
13.825,recovered,0,0,-65.958,16,8,20,2800,12,1.319,72.625,9,11,0,14.213,1,0.066,0.06,0,0,0,-54.267,1,14.213,0
13.833,recovered,0,0,-66.042,16,8,20,2800,12,1.319,72.656,9,11,0,14.213,1,0.085,0.063,0,0,0,-54.267,1,14.213,0
13.842,recovered,0,0,-66.125,16,8,20,2800,12,1.314,72.767,9,11,0,14.213,1,0.108,0.06,0,0,0,-54.267,1,14.213,0
13.85,recovered,0,0,-66.208,16,8,20,2800,12,1.316,72.765,9,11,0,14.213,1,0.101,0.06,0,0,0,-54.267,1,14.213,0
13.858,recovered,0,0,-66.292,16,8,20,2800,12,1.319,72.68,9,11,0,14.213,1,0.091,0.078,0,0,0,-54.267,1,14.213,0
13.867,recovered,0,0,-66.375,16,8,20,2800,12,1.319,72.602,9,11,0,14.213,1,0.061,0.054,0,0,0,-54.267,1,14.213,0
13.875,recovered,0,0,-66.458,16,8,20,2800,12,1.317,72.66,9,11,0,14.213,1,0.105,0.09,0,0,0,-54.267,1,14.213,0
13.883,recovered,0,0,-66.542,16,8,20,2800,12,1.317,72.562,9,11,0,14.213,1,0.096,0.063,0,0,0,-54.267,1,14.213,0
13.892,recovered,0,0,-66.625,16,8,20,2800,12,1.313,72.574,9,11,0,14.213,1,0.109,0.05,0,0,0,-54.267,1,14.213,0
13.9,recovered,0,0,-66.708,16,8,20,2800,12,1.314,72.795,9,11,0,14.213,1,0.086,0.052,0,0,0,-54.267,1,14.213,0
13.908,recovered,0,0,-66.792,16,8,20,2800,12,1.316,72.745,9,11,0,14.213,1,0.078,0.069,0,0,0,-54.267,1,14.213,0
13.917,recovered,0,0,-66.875,16,8,20,2800,12,1.311,72.559,9,11,0,14.213,1,0.107,0.087,0,0,0,-54.267,1,14.213,0
13.925,recovered,0,0,-66.958,16,8,20,2800,12,1.316,72.758,9,11,0,14.213,1,0.066,0.059,0,0,0,-54.267,1,14.213,0
13.933,recovered,0,0,-67.042,16,8,20,2800,12,1.315,72.631,9,11,0,14.213,1,0.09,0.078,0,0,0,-54.267,1,14.213,0
13.942,recovered,0,0,-67.125,16,8,20,2800,12,1.315,72.642,9,11,0,14.213,1,0.109,0.066,0,0,0,-54.267,1,14.213,0
13.95,recovered,0,0,-67.208,16,8,20,2800,12,1.314,72.722,9,11,0,14.213,1,0.081,0.089,0,0,0,-54.267,1,14.213,0
13.958,recovered,0,0,-67.292,16,8,20,2800,12,1.31,72.649,9,11,0,14.213,1,0.092,0.076,0,0,0,-54.267,1,14.213,0
13.967,recovered,0,0,-67.375,16,8,20,2800,12,1.316,72.616,9,11,0,14.213,1,0.107,0.078,0,0,0,-54.267,1,14.213,0
13.975,recovered,0,0,-67.458,16,8,20,2800,12,1.313,72.597,9,11,0,14.213,1,0.062,0.085,0,0,0,-54.267,1,14.213,0
13.983,recovered,0,0,-67.542,16,8,20,2800,12,1.313,72.559,9,11,0,14.213,1,0.096,0.052,0,0,0,-54.267,1,14.213,0
13.992,recovered,0,0,-67.625,16,8,20,2800,12,1.316,72.549,9,11,0,14.213,1,0.091,0.079,0,0,0,-54.267,1,14.213,0
14,recovered,0,0,-67.708,16,8,20,2800,12,1.312,72.647,9,11,0,14.213,1,0.078,0.079,0,0,0,-54.267,1,14.213,0
14.008,recovered,0,0,-67.792,16,8,20,2800,12,1.311,72.694,9,11,0,14.213,1,0.073,0.088,0,0,0,-54.267,1,14.213,0
14.017,recovered,0,0,-67.875,16,8,20,2800,12,1.311,72.643,9,11,0,14.213,1,0.095,0.067,0,0,0,-54.267,1,14.213,0
14.025,recovered,0,0,-67.958,16,8,20,2800,12,1.312,72.695,9,11,0,14.213,1,0.075,0.084,0,0,0,-54.267,1,14.213,0
14.033,recovered,0,0,-68.042,16,8,20,2800,12,1.308,72.753,9,11,0,14.213,1,0.083,0.079,0,0,0,-54.267,1,14.213,0
14.042,recovered,0,0,-68.125,16,8,20,2800,12,1.311,72.609,9,11,0,14.213,1,0.067,0.051,0,0,0,-54.267,1,14.213,0
14.05,recovered,0,0,-68.208,16,8,20,2800,12,1.312,72.596,9,11,0,14.213,1,0.102,0.052,0,0,0,-54.267,1,14.213,0
14.058,recovered,0,0,-68.292,16,8,20,2800,12,1.308,72.624,9,11,0,14.213,1,0.071,0.086,0,0,0,-54.267,1,14.213,0
14.067,recovered,0,0,-68.375,16,8,20,2800,12,1.31,72.616,9,11,0,14.213,1,0.097,0.057,0,0,0,-54.267,1,14.213,0
14.075,recovered,0,0,-68.458,16,8,20,2800,12,1.311,72.571,9,11,0,14.213,1,0.06,0.063,0,0,0,-54.267,1,14.213,0
14.083,recovered,0,0,-68.542,16,8,20,2800,12,1.309,72.817,9,11,0,14.213,1,0.077,0.06,0,0,0,-54.267,1,14.213,0
14.092,recovered,0,0,-68.625,16,8,20,2800,12,1.306,72.57,9,11,0,14.213,1,0.078,0.085,0,0,0,-54.267,1,14.213,0
14.1,recovered,0,0,-68.708,16,8,20,2800,12,1.305,72.6,9,11,0,14.213,1,0.099,0.051,0,0,0,-54.267,1,14.213,0
14.108,recovered,0,0,-68.792,16,8,20,2800,12,1.309,72.587,9,11,0,14.213,1,0.109,0.084,0,0,0,-54.267,1,14.213,0
14.117,recovered,0,0,-68.875,16,8,20,2800,12,1.304,72.673,9,11,0,14.213,1,0.086,0.081,0,0,0,-54.267,1,14.213,0
14.125,recovered,0,0,-68.958,16,8,20,2800,12,1.305,72.84,9,11,0,14.213,1,0.099,0.088,0,0,0,-54.267,1,14.213,0
14.133,recovered,0,0,-69.042,16,8,20,2800,12,1.307,72.59,9,11,0,14.213,1,0.106,0.057,0,0,0,-54.267,1,14.213,0
14.142,recovered,0,0,-69.125,16,8,20,2800,12,1.305,72.773,9,11,0,14.213,1,0.087,0.077,0,0,0,-54.267,1,14.213,0
14.15,recovered,0,0,-69.208,16,8,20,2800,12,1.302,72.578,9,11,0,14.213,1,0.068,0.082,0,0,0,-54.267,1,14.213,0
14.158,recovered,0,0,-69.292,16,8,20,2800,12,1.305,72.819,9,11,0,14.213,1,0.105,0.087,0,0,0,-54.267,1,14.213,0
14.167,recovered,0,0,-69.375,16,8,20,2800,12,1.306,72.691,9,11,0,14.213,1,0.069,0.072,0,0,0,-54.267,1,14.213,0
14.175,recovered,0,0,-69.458,16,8,20,2800,12,1.303,72.671,9,11,0,14.213,1,0.09,0.051,0,0,0,-54.267,1,14.213,0
14.183,recovered,0,0,-69.542,16,8,20,2800,12,1.303,72.746,9,11,0,14.213,1,0.093,0.061,0,0,0,-54.267,1,14.213,0
14.192,recovered,0,0,-69.625,16,8,20,2800,12,1.304,72.746,9,11,0,14.213,1,0.07,0.056,0,0,0,-54.267,1,14.213,0
14.2,recovered,0,0,-69.708,16,8,20,2800,12,1.3,72.722,9,11,0,14.213,1,0.068,0.061,0,0,0,-54.267,1,14.213,0
14.208,recovered,0,0,-69.792,16,8,20,2800,12,1.307,72.638,9,11,0,14.213,1,0.092,0.055,0,0,0,-54.267,1,14.213,0
14.217,recovered,0,0,-69.875,16,8,20,2800,12,1.306,72.689,9,11,0,14.213,1,0.083,0.051,0,0,0,-54.267,1,14.213,0
14.225,recovered,0,0,-69.958,16,8,20,2800,12,1.302,72.713,9,11,0,14.213,1,0.108,0.059,0,0,0,-54.267,1,14.213,0
14.233,recovered,0,0,-70.042,16,8,20,2800,12,1.305,72.839,9,11,0,14.213,1,0.086,0.081,0,0,0,-54.267,1,14.213,0
14.242,recovered,0,0,-70.125,16,8,20,2800,12,1.303,72.774,9,11,0,14.213,1,0.084,0.072,0,0,0,-54.267,1,14.213,0
14.25,recovered,0,0,-70.208,16,8,20,2800,12,1.301,72.852,9,11,0,14.213,1,0.07,0.061,0,0,0,-54.267,1,14.213,0
14.258,recovered,0,0,-70.292,16,8,20,2800,12,1.301,72.848,9,11,0,14.213,1,0.063,0.076,0,0,0,-54.267,1,14.213,0
14.267,recovered,0,0,-70.375,16,8,20,2800,12,1.305,72.792,9,11,0,14.213,1,0.091,0.09,0,0,0,-54.267,1,14.213,0
14.275,recovered,0,0,-70.458,16,8,20,2800,12,1.298,72.85,9,11,0,14.213,1,0.102,0.089,0,0,0,-54.267,1,14.213,0
14.283,recovered,0,0,-70.542,16,8,20,2800,12,1.303,72.609,9,11,0,14.213,1,0.094,0.082,0,0,0,-54.267,1,14.213,0
14.292,recovered,0,0,-70.625,16,8,20,2800,12,1.297,72.729,9,11,0,14.213,1,0.07,0.081,0,0,0,-54.267,1,14.213,0
14.3,recovered,0,0,-70.708,16,8,20,2800,12,1.298,72.795,9,11,0,14.213,1,0.081,0.08,0,0,0,-54.267,1,14.213,0
14.308,recovered,0,0,-70.792,16,8,20,2800,12,1.304,72.711,9,11,0,14.213,1,0.076,0.086,0,0,0,-54.267,1,14.213,0
14.317,recovered,0,0,-70.875,16,8,20,2800,12,1.303,72.691,9,11,0,14.213,1,0.105,0.061,0,0,0,-54.267,1,14.213,0
14.325,recovered,0,0,-70.958,16,8,20,2800,12,1.303,72.776,9,11,0,14.213,1,0.093,0.082,0,0,0,-54.267,1,14.213,0
14.333,recovered,0,0,-71.042,16,8,20,2800,12,1.297,72.673,9,11,0,14.213,1,0.074,0.06,0,0,0,-54.267,1,14.213,0
14.342,recovered,0,0,-71.125,16,8,20,2800,12,1.297,72.604,9,11,0,14.213,1,0.076,0.089,0,0,0,-54.267,1,14.213,0
14.35,recovered,0,0,-71.208,16,8,20,2800,12,1.299,72.732,9,11,0,14.213,1,0.073,0.063,0,0,0,-54.267,1,14.213,0
14.358,recovered,0,0,-71.292,16,8,20,2800,12,1.295,72.667,9,11,0,14.213,1,0.092,0.051,0,0,0,-54.267,1,14.213,0
14.367,recovered,0,0,-71.375,16,8,20,2800,12,1.294,72.83,9,11,0,14.213,1,0.071,0.066,0,0,0,-54.267,1,14.213,0
14.375,recovered,0,0,-71.458,16,8,20,2800,12,1.296,72.805,9,11,0,14.213,1,0.076,0.067,0,0,0,-54.267,1,14.213,0
14.383,recovered,0,0,-71.542,16,8,20,2800,12,1.299,72.73,9,11,0,14.213,1,0.099,0.067,0,0,0,-54.267,1,14.213,0
14.392,recovered,0,0,-71.625,16,8,20,2800,12,1.3,72.708,9,11,0,14.213,1,0.102,0.06,0,0,0,-54.267,1,14.213,0
14.4,recovered,0,0,-71.708,16,8,20,2800,12,1.295,72.664,9,11,0,14.213,1,0.105,0.055,0,0,0,-54.267,1,14.213,0
14.408,recovered,0,0,-71.792,16,8,20,2800,12,1.293,72.823,9,11,0,14.213,1,0.072,0.064,0,0,0,-54.267,1,14.213,0
14.417,recovered,0,0,-71.875,16,8,20,2800,12,1.3,72.796,9,11,0,14.213,1,0.085,0.078,0,0,0,-54.267,1,14.213,0
14.425,recovered,0,0,-71.958,16,8,20,2800,12,1.297,72.829,9,11,0,14.213,1,0.076,0.064,0,0,0,-54.267,1,14.213,0
14.433,recovered,0,0,-72.042,16,8,20,2800,12,1.298,72.711,9,11,0,14.213,1,0.065,0.064,0,0,0,-54.267,1,14.213,0
14.442,recovered,0,0,-72.125,16,8,20,2800,12,1.298,72.819,9,11,0,14.213,1,0.085,0.087,0,0,0,-54.267,1,14.213,0
14.45,recovered,0,0,-72.208,16,8,20,2800,12,1.298,72.617,9,11,0,14.213,1,0.074,0.062,0,0,0,-54.267,1,14.213,0
14.458,recovered,0,0,-72.292,16,8,20,2800,12,1.299,72.883,9,11,0,14.213,1,0.079,0.059,0,0,0,-54.267,1,14.213,0
14.467,recovered,0,0,-72.375,16,8,20,2800,12,1.298,72.779,9,11,0,14.213,1,0.062,0.066,0,0,0,-54.267,1,14.213,0
14.475,recovered,0,0,-72.458,16,8,20,2800,12,1.296,72.774,9,11,0,14.213,1,0.073,0.066,0,0,0,-54.267,1,14.213,0
14.483,recovered,0,0,-72.542,16,8,20,2800,12,1.298,72.595,9,11,0,14.213,1,0.084,0.059,0,0,0,-54.267,1,14.213,0
14.492,recovered,0,0,-72.625,16,8,20,2800,12,1.292,72.715,9,11,0,14.213,1,0.065,0.063,0,0,0,-54.267,1,14.213,0
14.5,recovered,0,0,-72.708,16,8,20,2800,12,1.296,72.725,9,11,0,14.213,1,0.088,0.084,0,0,0,-54.267,1,14.213,0
14.508,recovered,0,0,-72.792,16,8,20,2800,12,1.292,72.822,9,11,0,14.213,1,0.066,0.066,0,0,0,-54.267,1,14.213,0
14.517,recovered,0,0,-72.875,16,8,20,2800,12,1.297,72.85,9,11,0,14.213,1,0.071,0.082,0,0,0,-54.267,1,14.213,0
14.525,recovered,0,0,-72.958,16,8,20,2800,12,1.292,72.721,9,11,0,14.213,1,0.082,0.068,0,0,0,-54.267,1,14.213,0
14.533,recovered,0,0,-73.042,16,8,20,2800,12,1.292,72.636,9,11,0,14.213,1,0.061,0.085,0,0,0,-54.267,1,14.213,0
14.542,recovered,0,0,-73.125,16,8,20,2800,12,1.29,72.709,9,11,0,14.213,1,0.089,0.063,0,0,0,-54.267,1,14.213,0
14.55,recovered,0,0,-73.208,16,8,20,2800,12,1.295,72.761,9,11,0,14.213,1,0.069,0.065,0,0,0,-54.267,1,14.213,0
14.558,recovered,0,0,-73.292,16,8,20,2800,12,1.295,72.622,9,11,0,14.213,1,0.068,0.082,0,0,0,-54.267,1,14.213,0
14.567,recovered,0,0,-73.375,16,8,20,2800,12,1.293,72.88,9,11,0,14.213,1,0.091,0.059,0,0,0,-54.267,1,14.213,0
14.575,recovered,0,0,-73.458,16,8,20,2800,12,1.291,72.75,9,11,0,14.213,1,0.103,0.079,0,0,0,-54.267,1,14.213,0
14.583,recovered,0,0,-73.542,16,8,20,2800,12,1.295,72.844,9,11,0,14.213,1,0.1,0.06,0,0,0,-54.267,1,14.213,0
14.592,recovered,0,0,-73.625,16,8,20,2800,12,1.295,72.632,9,11,0,14.213,1,0.104,0.057,0,0,0,-54.267,1,14.213,0
14.6,recovered,0,0,-73.708,16,8,20,2800,12,1.294,72.745,9,11,0,14.213,1,0.066,0.055,0,0,0,-54.267,1,14.213,0
14.608,recovered,0,0,-73.792,16,8,20,2800,12,1.288,72.683,9,11,0,14.213,1,0.063,0.088,0,0,0,-54.267,1,14.213,0
14.617,recovered,0,0,-73.875,16,8,20,2800,12,1.292,72.855,9,11,0,14.213,1,0.08,0.074,0,0,0,-54.267,1,14.213,0
14.625,recovered,0,0,-73.958,16,8,20,2800,12,1.288,72.664,9,11,0,14.213,1,0.078,0.082,0,0,0,-54.267,1,14.213,0
14.633,recovered,0,0,-74.042,16,8,20,2800,12,1.286,72.786,9,11,0,14.213,1,0.073,0.066,0,0,0,-54.267,1,14.213,0
14.642,recovered,0,0,-74.125,16,8,20,2800,12,1.288,72.677,9,11,0,14.213,1,0.107,0.088,0,0,0,-54.267,1,14.213,0
14.65,recovered,0,0,-74.208,16,8,20,2800,12,1.293,72.781,9,11,0,14.213,1,0.073,0.056,0,0,0,-54.267,1,14.213,0
14.658,recovered,0,0,-74.292,16,8,20,2800,12,1.293,72.907,9,11,0,14.213,1,0.08,0.057,0,0,0,-54.267,1,14.213,0
14.667,recovered,0,0,-74.375,16,8,20,2800,12,1.288,72.786,9,11,0,14.213,1,0.107,0.056,0,0,0,-54.267,1,14.213,0
14.675,recovered,0,0,-74.458,16,8,20,2800,12,1.292,72.804,9,11,0,14.213,1,0.08,0.051,0,0,0,-54.267,1,14.213,0
14.683,recovered,0,0,-74.542,16,8,20,2800,12,1.287,72.899,9,11,0,14.213,1,0.082,0.084,0,0,0,-54.267,1,14.213,0
14.692,recovered,0,0,-74.625,16,8,20,2800,12,1.286,72.781,9,11,0,14.213,1,0.105,0.059,0,0,0,-54.267,1,14.213,0
14.7,recovered,0,0,-74.708,16,8,20,2800,12,1.291,72.684,9,11,0,14.213,1,0.062,0.064,0,0,0,-54.267,1,14.213,0
14.708,recovered,0,0,-74.792,16,8,20,2800,12,1.288,72.903,9,11,0,14.213,1,0.09,0.067,0,0,0,-54.267,1,14.213,0
14.717,recovered,0,0,-74.875,16,8,20,2800,12,1.289,72.706,9,11,0,14.213,1,0.061,0.086,0,0,0,-54.267,1,14.213,0
14.725,recovered,0,0,-74.958,16,8,20,2800,12,1.289,72.663,9,11,0,14.213,1,0.061,0.05,0,0,0,-54.267,1,14.213,0
14.733,recovered,0,0,-75.042,16,8,20,2800,12,1.287,72.852,9,11,0,14.213,1,0.071,0.07,0,0,0,-54.267,1,14.213,0
14.742,recovered,0,0,-75.125,16,8,20,2800,12,1.285,72.748,9,11,0,14.213,1,0.085,0.06,0,0,0,-54.267,1,14.213,0
14.75,recovered,0,0,-75.208,16,8,20,2800,12,1.289,72.816,9,11,0,14.213,1,0.103,0.089,0,0,0,-54.267,1,14.213,0
14.758,recovered,0,0,-75.292,16,8,20,2800,12,1.289,72.895,9,11,0,14.213,1,0.069,0.055,0,0,0,-54.267,1,14.213,0
14.767,recovered,0,0,-75.375,16,8,20,2800,12,1.286,72.819,9,11,0,14.213,1,0.075,0.082,0,0,0,-54.267,1,14.213,0
14.775,recovered,0,0,-75.458,16,8,20,2800,12,1.283,72.899,9,11,0,14.213,1,0.075,0.07,0,0,0,-54.267,1,14.213,0
14.783,recovered,0,0,-75.542,16,8,20,2800,12,1.282,72.754,9,11,0,14.213,1,0.074,0.056,0,0,0,-54.267,1,14.213,0
14.792,recovered,0,0,-75.625,16,8,20,2800,12,1.282,72.678,9,11,0,14.213,1,0.105,0.08,0,0,0,-54.267,1,14.213,0
14.8,recovered,0,0,-75.708,16,8,20,2800,12,1.284,72.762,9,11,0,14.213,1,0.09,0.085,0,0,0,-54.267,1,14.213,0
14.808,recovered,0,0,-75.792,16,8,20,2800,12,1.285,72.766,9,11,0,14.213,1,0.062,0.077,0,0,0,-54.267,1,14.213,0
14.817,recovered,0,0,-75.875,16,8,20,2800,12,1.288,72.846,9,11,0,14.213,1,0.075,0.065,0,0,0,-54.267,1,14.213,0
14.825,recovered,0,0,-75.958,16,8,20,2800,12,1.281,72.737,9,11,0,14.213,1,0.079,0.06,0,0,0,-54.267,1,14.213,0
14.833,recovered,0,0,-76.042,16,8,20,2800,12,1.287,72.702,9,11,0,14.213,1,0.102,0.083,0,0,0,-54.267,1,14.213,0
14.842,recovered,0,0,-76.125,16,8,20,2800,12,1.284,72.641,9,11,0,14.213,1,0.075,0.052,0,0,0,-54.267,1,14.213,0
14.85,recovered,0,0,-76.208,16,8,20,2800,12,1.282,72.812,9,11,0,14.213,1,0.084,0.068,0,0,0,-54.267,1,14.213,0
14.858,recovered,0,0,-76.292,16,8,20,2800,12,1.284,72.771,9,11,0,14.213,1,0.09,0.056,0,0,0,-54.267,1,14.213,0
14.867,recovered,0,0,-76.375,16,8,20,2800,12,1.284,72.752,9,11,0,14.213,1,0.085,0.068,0,0,0,-54.267,1,14.213,0
14.875,recovered,0,0,-76.458,16,8,20,2800,12,1.285,72.651,9,11,0,14.213,1,0.068,0.089,0,0,0,-54.267,1,14.213,0
14.883,recovered,0,0,-76.542,16,8,20,2800,12,1.28,72.794,9,11,0,14.213,1,0.088,0.073,0,0,0,-54.267,1,14.213,0
14.892,recovered,0,0,-76.625,16,8,20,2800,12,1.282,72.715,9,11,0,14.213,1,0.108,0.05,0,0,0,-54.267,1,14.213,0
14.9,recovered,0,0,-76.708,16,8,20,2800,12,1.28,72.644,9,11,0,14.213,1,0.093,0.061,0,0,0,-54.267,1,14.213,0
14.908,recovered,0,0,-76.792,16,8,20,2800,12,1.283,72.744,9,11,0,14.213,1,0.093,0.06,0,0,0,-54.267,1,14.213,0
14.917,recovered,0,0,-76.875,16,8,20,2800,12,1.286,72.888,9,11,0,14.213,1,0.105,0.079,0,0,0,-54.267,1,14.213,0
14.925,recovered,0,0,-76.958,16,8,20,2800,12,1.284,72.921,9,11,0,14.213,1,0.109,0.087,0,0,0,-54.267,1,14.213,0
14.933,recovered,0,0,-77.042,16,8,20,2800,12,1.284,72.797,9,11,0,14.213,1,0.089,0.055,0,0,0,-54.267,1,14.213,0
14.942,recovered,0,0,-77.125,16,8,20,2800,12,1.286,72.714,9,11,0,14.213,1,0.096,0.065,0,0,0,-54.267,1,14.213,0
14.95,recovered,0,0,-77.208,16,8,20,2800,12,1.279,72.683,9,11,0,14.213,1,0.094,0.064,0,0,0,-54.267,1,14.213,0
14.958,recovered,0,0,-77.292,16,8,20,2800,12,1.278,72.893,9,11,0,14.213,1,0.069,0.077,0,0,0,-54.267,1,14.213,0
14.967,recovered,0,0,-77.375,16,8,20,2800,12,1.281,72.941,9,11,0,14.213,1,0.071,0.067,0,0,0,-54.267,1,14.213,0
14.975,recovered,0,0,-77.458,16,8,20,2800,12,1.281,72.665,9,11,0,14.213,1,0.078,0.054,0,0,0,-54.267,1,14.213,0
14.983,recovered,0,0,-77.542,16,8,20,2800,12,1.285,72.8,9,11,0,14.213,1,0.105,0.067,0,0,0,-54.267,1,14.213,0
14.992,recovered,0,0,-77.625,16,8,20,2800,12,1.279,72.912,9,11,0,14.213,1,0.099,0.087,0,0,0,-54.267,1,14.213,0
15,recovered,0,0,-77.708,16,8,20,2800,12,1.279,72.803,9,11,0,14.213,1,0.106,0.073,0,0,0,-54.267,1,14.213,0
15.008,recovered,0,0,-77.792,16,8,20,2800,12,1.28,72.673,9,11,0,14.213,1,0.086,0.072,0,0,0,-54.267,1,14.213,0
15.017,recovered,0,0,-77.875,16,8,20,2800,12,1.282,72.872,9,11,0,14.213,1,0.062,0.086,0,0,0,-54.267,1,14.213,0
15.025,recovered,0,0,-77.958,16,8,20,2800,12,1.278,72.654,9,11,0,14.213,1,0.1,0.086,0,0,0,-54.267,1,14.213,0
15.033,recovered,0,0,-78.042,16,8,20,2800,12,1.284,72.942,9,11,0,14.213,1,0.062,0.081,0,0,0,-54.267,1,14.213,0
15.042,recovered,0,0,-78.125,16,8,20,2800,12,1.278,72.829,9,11,0,14.213,1,0.081,0.061,0,0,0,-54.267,1,14.213,0
15.05,recovered,0,0,-78.208,16,8,20,2800,12,1.277,72.809,9,11,0,14.213,1,0.064,0.066,0,0,0,-54.267,1,14.213,0
15.058,recovered,0,0,-78.292,16,8,20,2800,12,1.284,72.869,9,11,0,14.213,1,0.073,0.068,0,0,0,-54.267,1,14.213,0
15.067,recovered,0,0,-78.375,16,8,20,2800,12,1.283,72.761,9,11,0,14.213,1,0.067,0.063,0,0,0,-54.267,1,14.213,0
15.075,recovered,0,0,-78.458,16,8,20,2800,12,1.283,72.74,9,11,0,14.213,1,0.082,0.081,0,0,0,-54.267,1,14.213,0
15.083,recovered,0,0,-78.542,16,8,20,2800,12,1.28,72.678,9,11,0,14.213,1,0.089,0.071,0,0,0,-54.267,1,14.213,0
15.092,recovered,0,0,-78.625,16,8,20,2800,12,1.283,72.881,9,11,0,14.213,1,0.098,0.065,0,0,0,-54.267,1,14.213,0
15.1,recovered,0,0,-78.708,16,8,20,2800,12,1.281,72.947,9,11,0,14.213,1,0.091,0.075,0,0,0,-54.267,1,14.213,0
15.108,recovered,0,0,-78.792,16,8,20,2800,12,1.282,72.95,9,11,0,14.213,1,0.089,0.077,0,0,0,-54.267,1,14.213,0
15.117,recovered,0,0,-78.875,16,8,20,2800,12,1.28,72.696,9,11,0,14.213,1,0.092,0.071,0,0,0,-54.267,1,14.213,0
15.125,recovered,0,0,-78.958,16,8,20,2800,12,1.279,72.912,9,11,0,14.213,1,0.067,0.064,0,0,0,-54.267,1,14.213,0
15.133,recovered,0,0,-79.042,16,8,20,2800,12,1.278,72.852,9,11,0,14.213,1,0.077,0.063,0,0,0,-54.267,1,14.213,0
15.142,recovered,0,0,-79.125,16,8,20,2800,12,1.281,72.834,9,11,0,14.213,1,0.109,0.066,0,0,0,-54.267,1,14.213,0
15.15,recovered,0,0,-79.208,16,8,20,2800,12,1.274,72.873,9,11,0,14.213,1,0.093,0.055,0,0,0,-54.267,1,14.213,0
15.158,recovered,0,0,-79.292,16,8,20,2800,12,1.275,72.778,9,11,0,14.213,1,0.072,0.072,0,0,0,-54.267,1,14.213,0
15.167,recovered,0,0,-79.375,16,8,20,2800,12,1.276,72.729,9,11,0,14.213,1,0.072,0.077,0,0,0,-54.267,1,14.213,0
15.175,recovered,0,0,-79.458,16,8,20,2800,12,1.276,72.895,9,11,0,14.213,1,0.065,0.07,0,0,0,-54.267,1,14.213,0
15.183,recovered,0,0,-79.542,16,8,20,2800,12,1.273,72.726,9,11,0,14.213,1,0.08,0.075,0,0,0,-54.267,1,14.213,0
15.192,recovered,0,0,-79.625,16,8,20,2800,12,1.281,72.682,9,11,0,14.213,1,0.06,0.052,0,0,0,-54.267,1,14.213,0
15.2,recovered,0,0,-79.708,16,8,20,2800,12,1.276,72.834,9,11,0,14.213,1,0.099,0.078,0,0,0,-54.267,1,14.213,0
15.208,recovered,0,0,-79.792,16,8,20,2800,12,1.278,72.803,9,11,0,14.213,1,0.096,0.067,0,0,0,-54.267,1,14.213,0
15.217,recovered,0,0,-79.875,16,8,20,2800,12,1.279,72.752,9,11,0,14.213,1,0.08,0.066,0,0,0,-54.267,1,14.213,0
15.225,recovered,0,0,-79.958,16,8,20,2800,12,1.273,72.805,9,11,0,14.213,1,0.106,0.084,0,0,0,-54.267,1,14.213,0
15.233,recovered,0,0,-80.042,16,8,20,2800,12,1.278,72.874,9,11,0,14.213,1,0.092,0.088,0,0,0,-54.267,1,14.213,0
15.242,recovered,0,0,-80.125,16,8,20,2800,12,1.274,72.736,9,11,0,14.213,1,0.079,0.057,0,0,0,-54.267,1,14.213,0
15.25,recovered,0,0,-80.208,16,8,20,2800,12,1.279,72.757,9,11,0,14.213,1,0.076,0.088,0,0,0,-54.267,1,14.213,0
15.258,recovered,0,0,-80.292,16,8,20,2800,12,1.273,72.776,9,11,0,14.213,1,0.068,0.054,0,0,0,-54.267,1,14.213,0
15.267,recovered,0,0,-80.375,16,8,20,2800,12,1.279,72.849,9,11,0,14.213,1,0.074,0.066,0,0,0,-54.267,1,14.213,0
15.275,recovered,0,0,-80.458,16,8,20,2800,12,1.276,72.947,9,11,0,14.213,1,0.103,0.062,0,0,0,-54.267,1,14.213,0
15.283,recovered,0,0,-80.542,16,8,20,2800,12,1.272,72.757,9,11,0,14.213,1,0.061,0.065,0,0,0,-54.267,1,14.213,0
15.292,recovered,0,0,-80.625,16,8,20,2800,12,1.277,72.874,9,11,0,14.213,1,0.092,0.071,0,0,0,-54.267,1,14.213,0
15.3,recovered,0,0,-80.708,16,8,20,2800,12,1.274,72.885,9,11,0,14.213,1,0.109,0.052,0,0,0,-54.267,1,14.213,0
15.308,recovered,0,0,-80.792,16,8,20,2800,12,1.273,72.888,9,11,0,14.213,1,0.061,0.072,0,0,0,-54.267,1,14.213,0
15.317,recovered,0,0,-80.875,16,8,20,2800,12,1.277,72.888,9,11,0,14.213,1,0.075,0.086,0,0,0,-54.267,1,14.213,0
15.325,recovered,0,0,-80.958,16,8,20,2800,12,1.276,72.772,9,11,0,14.213,1,0.104,0.071,0,0,0,-54.267,1,14.213,0
15.333,recovered,0,0,-81.042,16,8,20,2800,12,1.276,72.728,9,11,0,14.213,1,0.107,0.068,0,0,0,-54.267,1,14.213,0
15.342,recovered,0,0,-81.125,16,8,20,2800,12,1.271,72.927,9,11,0,14.213,1,0.108,0.08,0,0,0,-54.267,1,14.213,0
15.35,recovered,0,0,-81.208,16,8,20,2800,12,1.275,72.882,9,11,0,14.213,1,0.065,0.089,0,0,0,-54.267,1,14.213,0
15.358,recovered,0,0,-81.292,16,8,20,2800,12,1.272,72.863,9,11,0,14.213,1,0.089,0.082,0,0,0,-54.267,1,14.213,0
15.367,recovered,0,0,-81.375,16,8,20,2800,12,1.277,72.709,9,11,0,14.213,1,0.081,0.071,0,0,0,-54.267,1,14.213,0
15.375,recovered,0,0,-81.458,16,8,20,2800,12,1.272,72.738,9,11,0,14.213,1,0.083,0.082,0,0,0,-54.267,1,14.213,0
15.383,recovered,0,0,-81.542,16,8,20,2800,12,1.273,72.848,9,11,0,14.213,1,0.085,0.074,0,0,0,-54.267,1,14.213,0
15.392,recovered,0,0,-81.625,16,8,20,2800,12,1.276,72.902,9,11,0,14.213,1,0.065,0.082,0,0,0,-54.267,1,14.213,0
15.4,recovered,0,0,-81.708,16,8,20,2800,12,1.274,72.72,9,11,0,14.213,1,0.086,0.079,0,0,0,-54.267,1,14.213,0
15.408,recovered,0,0,-81.792,16,8,20,2800,12,1.276,72.894,9,11,0,14.213,1,0.092,0.057,0,0,0,-54.267,1,14.213,0
15.417,recovered,0,0,-81.875,16,8,20,2800,12,1.272,72.904,9,11,0,14.213,1,0.076,0.087,0,0,0,-54.267,1,14.213,0
15.425,recovered,0,0,-81.958,16,8,20,2800,12,1.277,72.871,9,11,0,14.213,1,0.069,0.087,0,0,0,-54.267,1,14.213,0
15.433,recovered,0,0,-82.042,16,8,20,2800,12,1.277,72.874,9,11,0,14.213,1,0.075,0.071,0,0,0,-54.267,1,14.213,0
15.442,recovered,0,0,-82.125,16,8,20,2800,12,1.272,72.906,9,11,0,14.213,1,0.088,0.082,0,0,0,-54.267,1,14.213,0
15.45,recovered,0,0,-82.208,16,8,20,2800,12,1.271,72.918,9,11,0,14.213,1,0.073,0.079,0,0,0,-54.267,1,14.213,0
15.458,recovered,0,0,-82.292,16,8,20,2800,12,1.271,72.751,9,11,0,14.213,1,0.1,0.078,0,0,0,-54.267,1,14.213,0
15.467,recovered,0,0,-82.375,16,8,20,2800,12,1.272,72.921,9,11,0,14.213,1,0.105,0.064,0,0,0,-54.267,1,14.213,0
15.475,recovered,0,0,-82.458,16,8,20,2800,12,1.274,72.971,9,11,0,14.213,1,0.081,0.066,0,0,0,-54.267,1,14.213,0
15.483,recovered,0,0,-82.542,16,8,20,2800,12,1.273,72.74,9,11,0,14.213,1,0.106,0.083,0,0,0,-54.267,1,14.213,0
15.492,recovered,0,0,-82.625,16,8,20,2800,12,1.271,72.926,9,11,0,14.213,1,0.065,0.054,0,0,0,-54.267,1,14.213,0
15.5,recovered,0,0,-82.708,16,8,20,2800,12,1.276,72.712,9,11,0,14.213,1,0.069,0.083,0,0,0,-54.267,1,14.213,0
15.508,recovered,0,0,-82.792,16,8,20,2800,12,1.276,72.849,9,11,0,14.213,1,0.096,0.08,0,0,0,-54.267,1,14.213,0
15.517,recovered,0,0,-82.875,16,8,20,2800,12,1.271,72.896,9,11,0,14.213,1,0.097,0.086,0,0,0,-54.267,1,14.213,0
15.525,recovered,0,0,-82.958,16,8,20,2800,12,1.27,72.759,9,11,0,14.213,1,0.086,0.063,0,0,0,-54.267,1,14.213,0
15.533,recovered,0,0,-83.042,16,8,20,2800,12,1.27,72.988,9,11,0,14.213,1,0.091,0.076,0,0,0,-54.267,1,14.213,0
15.542,recovered,0,0,-83.125,16,8,20,2800,12,1.273,72.836,9,11,0,14.213,1,0.063,0.079,0,0,0,-54.267,1,14.213,0
15.55,recovered,0,0,-83.208,16,8,20,2800,12,1.273,72.92,9,11,0,14.213,1,0.079,0.054,0,0,0,-54.267,1,14.213,0
15.558,recovered,0,0,-83.292,16,8,20,2800,12,1.268,72.724,9,11,0,14.213,1,0.074,0.073,0,0,0,-54.267,1,14.213,0
15.567,recovered,0,0,-83.375,16,8,20,2800,12,1.269,72.759,9,11,0,14.213,1,0.072,0.062,0,0,0,-54.267,1,14.213,0
15.575,recovered,0,0,-83.458,16,8,20,2800,12,1.271,72.988,9,11,0,14.213,1,0.101,0.088,0,0,0,-54.267,1,14.213,0
15.583,recovered,0,0,-83.542,16,8,20,2800,12,1.269,72.752,9,11,0,14.213,1,0.082,0.089,0,0,0,-54.267,1,14.213,0
15.592,recovered,0,0,-83.625,16,8,20,2800,12,1.273,72.759,9,11,0,14.213,1,0.07,0.074,0,0,0,-54.267,1,14.213,0
15.6,recovered,0,0,-83.708,16,8,20,2800,12,1.274,72.972,9,11,0,14.213,1,0.089,0.085,0,0,0,-54.267,1,14.213,0
15.608,recovered,0,0,-83.792,16,8,20,2800,12,1.267,72.994,9,11,0,14.213,1,0.071,0.072,0,0,0,-54.267,1,14.213,0
15.617,recovered,0,0,-83.875,16,8,20,2800,12,1.271,72.785,9,11,0,14.213,1,0.08,0.069,0,0,0,-54.267,1,14.213,0
15.625,recovered,0,0,-83.958,16,8,20,2800,12,1.27,72.983,9,11,0,14.213,1,0.088,0.066,0,0,0,-54.267,1,14.213,0
15.633,recovered,0,0,-84.042,16,8,20,2800,12,1.273,72.877,9,11,0,14.213,1,0.06,0.073,0,0,0,-54.267,1,14.213,0
15.642,recovered,0,0,-84.125,16,8,20,2800,12,1.268,72.829,9,11,0,14.213,1,0.064,0.081,0,0,0,-54.267,1,14.213,0
15.65,recovered,0,0,-84.208,16,8,20,2800,12,1.274,72.893,9,11,0,14.213,1,0.093,0.059,0,0,0,-54.267,1,14.213,0
15.658,recovered,0,0,-84.292,16,8,20,2800,12,1.269,72.885,9,11,0,14.213,1,0.066,0.055,0,0,0,-54.267,1,14.213,0
15.667,recovered,0,0,-84.375,16,8,20,2800,12,1.272,72.883,9,11,0,14.213,1,0.061,0.068,0,0,0,-54.267,1,14.213,0
15.675,recovered,0,0,-84.458,16,8,20,2800,12,1.271,72.939,9,11,0,14.213,1,0.092,0.055,0,0,0,-54.267,1,14.213,0
15.683,recovered,0,0,-84.542,16,8,20,2800,12,1.273,72.998,9,11,0,14.213,1,0.103,0.087,0,0,0,-54.267,1,14.213,0
15.692,recovered,0,0,-84.625,16,8,20,2800,12,1.271,72.927,9,11,0,14.213,1,0.063,0.055,0,0,0,-54.267,1,14.213,0
15.7,recovered,0,0,-84.708,16,8,20,2800,12,1.268,72.903,9,11,0,14.213,1,0.08,0.067,0,0,0,-54.267,1,14.213,0
15.708,recovered,0,0,-84.792,16,8,20,2800,12,1.27,72.908,9,11,0,14.213,1,0.087,0.069,0,0,0,-54.267,1,14.213,0
15.717,recovered,0,0,-84.875,16,8,20,2800,12,1.272,72.863,9,11,0,14.213,1,0.097,0.08,0,0,0,-54.267,1,14.213,0
15.725,recovered,0,0,-84.958,16,8,20,2800,12,1.273,72.903,9,11,0,14.213,1,0.106,0.084,0,0,0,-54.267,1,14.213,0
15.733,recovered,0,0,-85.042,16,8,20,2800,12,1.268,73.01,9,11,0,14.213,1,0.067,0.057,0,0,0,-54.267,1,14.213,0
15.742,recovered,0,0,-85.125,16,8,20,2800,12,1.27,73.026,9,11,0,14.213,1,0.079,0.076,0,0,0,-54.267,1,14.213,0
15.75,recovered,0,0,-85.208,16,8,20,2800,12,1.272,72.953,9,11,0,14.213,1,0.11,0.064,0,0,0,-54.267,1,14.213,0
15.758,recovered,0,0,-85.292,16,8,20,2800,12,1.268,72.952,9,11,0,14.213,1,0.071,0.055,0,0,0,-54.267,1,14.213,0
15.767,recovered,0,0,-85.375,16,8,20,2800,12,1.272,73.018,9,11,0,14.213,1,0.098,0.056,0,0,0,-54.267,1,14.213,0
15.775,recovered,0,0,-85.458,16,8,20,2800,12,1.272,72.856,9,11,0,14.213,1,0.092,0.086,0,0,0,-54.267,1,14.213,0
15.783,recovered,0,0,-85.542,16,8,20,2800,12,1.272,72.788,9,11,0,14.213,1,0.082,0.069,0,0,0,-54.267,1,14.213,0
15.792,recovered,0,0,-85.625,16,8,20,2800,12,1.271,73.028,9,11,0,14.213,1,0.109,0.076,0,0,0,-54.267,1,14.213,0
15.8,recovered,0,0,-85.708,16,8,20,2800,12,1.271,72.95,9,11,0,14.213,1,0.081,0.069,0,0,0,-54.267,1,14.213,0
15.808,recovered,0,0,-85.792,16,8,20,2800,12,1.272,72.789,9,11,0,14.213,1,0.083,0.063,0,0,0,-54.267,1,14.213,0
15.817,recovered,0,0,-85.875,16,8,20,2800,12,1.271,72.831,9,11,0,14.213,1,0.088,0.06,0,0,0,-54.267,1,14.213,0
15.825,recovered,0,0,-85.958,16,8,20,2800,12,1.272,72.993,9,11,0,14.213,1,0.087,0.073,0,0,0,-54.267,1,14.213,0
15.833,recovered,0,0,-86.042,16,8,20,2800,12,1.265,72.759,9,11,0,14.213,1,0.073,0.085,0,0,0,-54.267,1,14.213,0
15.842,recovered,0,0,-86.125,16,8,20,2800,12,1.27,73,9,11,0,14.213,1,0.095,0.05,0,0,0,-54.267,1,14.213,0
15.85,recovered,0,0,-86.208,16,8,20,2800,12,1.265,72.875,9,11,0,14.213,1,0.1,0.062,0,0,0,-54.267,1,14.213,0
15.858,recovered,0,0,-86.292,16,8,20,2800,12,1.265,72.841,9,11,0,14.213,1,0.096,0.08,0,0,0,-54.267,1,14.213,0
15.867,recovered,0,0,-86.375,16,8,20,2800,12,1.273,72.774,9,11,0,14.213,1,0.098,0.071,0,0,0,-54.267,1,14.213,0
15.875,recovered,0,0,-86.458,16,8,20,2800,12,1.267,72.88,9,11,0,14.213,1,0.099,0.061,0,0,0,-54.267,1,14.213,0
15.883,recovered,0,0,-86.542,16,8,20,2800,12,1.273,72.979,9,11,0,14.213,1,0.088,0.076,0,0,0,-54.267,1,14.213,0
15.892,recovered,0,0,-86.625,16,8,20,2800,12,1.272,73.033,9,11,0,14.213,1,0.102,0.053,0,0,0,-54.267,1,14.213,0
15.9,recovered,0,0,-86.708,16,8,20,2800,12,1.27,72.832,9,11,0,14.213,1,0.07,0.057,0,0,0,-54.267,1,14.213,0
15.908,recovered,0,0,-86.792,16,8,20,2800,12,1.267,73.02,9,11,0,14.213,1,0.061,0.07,0,0,0,-54.267,1,14.213,0
15.917,recovered,0,0,-86.875,16,8,20,2800,12,1.271,72.968,9,11,0,14.213,1,0.101,0.086,0,0,0,-54.267,1,14.213,0
15.925,recovered,0,0,-86.958,16,8,20,2800,12,1.27,73.025,9,11,0,14.213,1,0.107,0.069,0,0,0,-54.267,1,14.213,0
15.933,recovered,0,0,-87.042,16,8,20,2800,12,1.272,73.029,9,11,0,14.213,1,0.089,0.056,0,0,0,-54.267,1,14.213,0
15.942,recovered,0,0,-87.125,16,8,20,2800,12,1.268,72.918,9,11,0,14.213,1,0.088,0.051,0,0,0,-54.267,1,14.213,0
15.95,recovered,0,0,-87.208,16,8,20,2800,12,1.269,72.876,9,11,0,14.213,1,0.08,0.09,0,0,0,-54.267,1,14.213,0
15.958,recovered,0,0,-87.292,16,8,20,2800,12,1.268,72.98,9,11,0,14.213,1,0.085,0.072,0,0,0,-54.267,1,14.213,0
15.967,recovered,0,0,-87.375,16,8,20,2800,12,1.267,73.057,9,11,0,14.213,1,0.093,0.061,0,0,0,-54.267,1,14.213,0
15.975,recovered,0,0,-87.458,16,8,20,2800,12,1.269,73.036,9,11,0,14.213,1,0.075,0.057,0,0,0,-54.267,1,14.213,0
15.983,recovered,0,0,-87.542,16,8,20,2800,12,1.271,72.864,9,11,0,14.213,1,0.088,0.088,0,0,0,-54.267,1,14.213,0
15.992,recovered,0,0,-87.625,16,8,20,2800,12,1.266,72.783,9,11,0,14.213,1,0.068,0.074,0,0,0,-54.267,1,14.213,0
16,recovered,0,0,-87.708,16,8,20,2800,12,1.27,72.804,9,11,0,14.213,1,0.089,0.073,0,0,0,-54.267,1,14.213,0
16.008,recovered,0,0,-87.792,16,8,20,2800,12,1.268,72.803,9,11,0,14.213,1,0.102,0.071,0,0,0,-54.267,1,14.213,0
16.017,recovered,0,0,-87.875,16,8,20,2800,12,1.267,73.05,9,11,0,14.213,1,0.074,0.073,0,0,0,-54.267,1,14.213,0
16.025,recovered,0,0,-87.958,16,8,20,2800,12,1.266,72.89,9,11,0,14.213,1,0.103,0.065,0,0,0,-54.267,1,14.213,0
16.033,recovered,0,0,-88.042,16,8,20,2800,12,1.268,72.797,9,11,0,14.213,1,0.068,0.074,0,0,0,-54.267,1,14.213,0
16.042,recovered,0,0,-88.125,16,8,20,2800,12,1.268,73.051,9,11,0,14.213,1,0.082,0.072,0,0,0,-54.267,1,14.213,0
16.05,recovered,0,0,-88.208,16,8,20,2800,12,1.27,72.899,9,11,0,14.213,1,0.095,0.073,0,0,0,-54.267,1,14.213,0
16.058,recovered,0,0,-88.292,16,8,20,2800,12,1.265,72.98,9,11,0,14.213,1,0.084,0.051,0,0,0,-54.267,1,14.213,0
16.067,recovered,0,0,-88.375,16,8,20,2800,12,1.268,72.924,9,11,0,14.213,1,0.067,0.074,0,0,0,-54.267,1,14.213,0
16.075,recovered,0,0,-88.458,16,8,20,2800,12,1.268,72.86,9,11,0,14.213,1,0.105,0.081,0,0,0,-54.267,1,14.213,0
16.083,recovered,0,0,-88.542,16,8,20,2800,12,1.271,72.983,9,11,0,14.213,1,0.087,0.089,0,0,0,-54.267,1,14.213,0
16.092,recovered,0,0,-88.625,16,8,20,2800,12,1.271,73.058,9,11,0,14.213,1,0.069,0.09,0,0,0,-54.267,1,14.213,0
16.1,recovered,0,0,-88.708,16,8,20,2800,12,1.27,72.909,9,11,0,14.213,1,0.078,0.069,0,0,0,-54.267,1,14.213,0
16.108,recovered,0,0,-88.792,16,8,20,2800,12,1.269,73.03,9,11,0,14.213,1,0.084,0.056,0,0,0,-54.267,1,14.213,0
16.117,recovered,0,0,-88.875,16,8,20,2800,12,1.268,73.014,9,11,0,14.213,1,0.085,0.084,0,0,0,-54.267,1,14.213,0
16.125,recovered,0,0,-88.958,16,8,20,2800,12,1.267,72.835,9,11,0,14.213,1,0.066,0.08,0,0,0,-54.267,1,14.213,0
16.133,recovered,0,0,-89.042,16,8,20,2800,12,1.268,72.792,9,11,0,14.213,1,0.103,0.064,0,0,0,-54.267,1,14.213,0
16.142,recovered,0,0,-89.125,16,8,20,2800,12,1.266,73.074,9,11,0,14.213,1,0.062,0.086,0,0,0,-54.267,1,14.213,0
16.15,recovered,0,0,-89.208,16,8,20,2800,12,1.27,72.802,9,11,0,14.213,1,0.066,0.064,0,0,0,-54.267,1,14.213,0
16.158,recovered,0,0,-89.292,16,8,20,2800,12,1.267,72.825,9,11,0,14.213,1,0.075,0.078,0,0,0,-54.267,1,14.213,0
16.167,recovered,0,0,-89.375,16,8,20,2800,12,1.265,72.799,9,11,0,14.213,1,0.061,0.057,0,0,0,-54.267,1,14.213,0
16.175,recovered,0,0,-89.458,16,8,20,2800,12,1.269,72.887,9,11,0,14.213,1,0.104,0.065,0,0,0,-54.267,1,14.213,0
16.183,recovered,0,0,-89.542,16,8,20,2800,12,1.265,72.815,9,11,0,14.213,1,0.061,0.065,0,0,0,-54.267,1,14.213,0
16.192,recovered,0,0,-89.625,16,8,20,2800,12,1.266,72.984,9,11,0,14.213,1,0.08,0.068,0,0,0,-54.267,1,14.213,0
16.2,recovered,0,0,-89.708,16,8,20,2800,12,1.27,72.89,9,11,0,14.213,1,0.061,0.06,0,0,0,-54.267,1,14.213,0
16.208,recovered,0,0,-89.792,16,8,20,2800,12,1.265,72.83,9,11,0,14.213,1,0.076,0.072,0,0,0,-54.267,1,14.213,0
16.217,recovered,0,0,-89.875,16,8,20,2800,12,1.27,72.904,9,11,0,14.213,1,0.089,0.085,0,0,0,-54.267,1,14.213,0
16.225,recovered,0,0,-89.958,16,8,20,2800,12,1.267,72.896,9,11,0,14.213,1,0.063,0.054,0,0,0,-54.267,1,14.213,0
16.233,recovered,0,0,-90.042,16,8,20,2800,12,1.27,73.071,9,11,0,14.213,1,0.066,0.05,0,0,0,-54.267,1,14.213,0
16.242,recovered,0,0,-90.125,16,8,20,2800,12,1.269,72.909,9,11,0,14.213,1,0.064,0.082,0,0,0,-54.267,1,14.213,0
16.25,recovered,0,0,-90.208,16,8,20,2800,12,1.264,73.072,9,11,0,14.213,1,0.091,0.062,0,0,0,-54.267,1,14.213,0
16.258,recovered,0,0,-90.292,16,8,20,2800,12,1.271,73.099,9,11,0,14.213,1,0.098,0.078,0,0,0,-54.267,1,14.213,0
16.267,recovered,0,0,-90.375,16,8,20,2800,12,1.267,73.004,9,11,0,14.213,1,0.078,0.065,0,0,0,-54.267,1,14.213,0
16.275,recovered,0,0,-90.458,16,8,20,2800,12,1.264,73.095,9,11,0,14.213,1,0.089,0.056,0,0,0,-54.267,1,14.213,0
16.283,recovered,0,0,-90.542,16,8,20,2800,12,1.271,72.91,9,11,0,14.213,1,0.106,0.086,0,0,0,-54.267,1,14.213,0
16.292,recovered,0,0,-90.625,16,8,20,2800,12,1.265,72.913,9,11,0,14.213,1,0.082,0.059,0,0,0,-54.267,1,14.213,0
16.3,recovered,0,0,-90.708,16,8,20,2800,12,1.267,72.908,9,11,0,14.213,1,0.076,0.06,0,0,0,-54.267,1,14.213,0
16.308,recovered,0,0,-90.792,16,8,20,2800,12,1.266,72.896,9,11,0,14.213,1,0.098,0.051,0,0,0,-54.267,1,14.213,0
16.317,recovered,0,0,-90.875,16,8,20,2800,12,1.266,72.813,9,11,0,14.213,1,0.062,0.069,0,0,0,-54.267,1,14.213,0
16.325,recovered,0,0,-90.958,16,8,20,2800,12,1.272,72.844,9,11,0,14.213,1,0.074,0.077,0,0,0,-54.267,1,14.213,0
16.333,recovered,0,0,-91.042,16,8,20,2800,12,1.269,72.992,9,11,0,14.213,1,0.072,0.076,0,0,0,-54.267,1,14.213,0
16.342,recovered,0,0,-91.125,16,8,20,2800,12,1.269,73.022,9,11,0,14.213,1,0.076,0.076,0,0,0,-54.267,1,14.213,0
16.35,recovered,0,0,-91.208,16,8,20,2800,12,1.268,72.911,9,11,0,14.213,1,0.069,0.079,0,0,0,-54.267,1,14.213,0
16.358,recovered,0,0,-91.292,16,8,20,2800,12,1.264,72.858,9,11,0,14.213,1,0.093,0.09,0,0,0,-54.267,1,14.213,0
16.367,recovered,0,0,-91.375,16,8,20,2800,12,1.271,72.894,9,11,0,14.213,1,0.067,0.083,0,0,0,-54.267,1,14.213,0
16.375,recovered,0,0,-91.458,16,8,20,2800,12,1.268,72.941,9,11,0,14.213,1,0.093,0.089,0,0,0,-54.267,1,14.213,0
16.383,recovered,0,0,-91.542,16,8,20,2800,12,1.269,72.851,9,11,0,14.213,1,0.065,0.075,0,0,0,-54.267,1,14.213,0
16.392,recovered,0,0,-91.625,16,8,20,2800,12,1.267,72.917,9,11,0,14.213,1,0.1,0.057,0,0,0,-54.267,1,14.213,0
16.4,recovered,0,0,-91.708,16,8,20,2800,12,1.27,72.837,9,11,0,14.213,1,0.098,0.053,0,0,0,-54.267,1,14.213,0
16.408,recovered,0,0,-91.792,16,8,20,2800,12,1.264,73.071,9,11,0,14.213,1,0.072,0.053,0,0,0,-54.267,1,14.213,0
16.417,recovered,0,0,-91.875,16,8,20,2800,12,1.268,72.985,9,11,0,14.213,1,0.101,0.059,0,0,0,-54.267,1,14.213,0
16.425,recovered,0,0,-91.958,16,8,20,2800,12,1.271,73.095,9,11,0,14.213,1,0.09,0.06,0,0,0,-54.267,1,14.213,0
16.433,recovered,0,0,-92.042,16,8,20,2800,12,1.266,72.888,9,11,0,14.213,1,0.087,0.05,0,0,0,-54.267,1,14.213,0
16.442,recovered,0,0,-92.125,16,8,20,2800,12,1.267,73.035,9,11,0,14.213,1,0.082,0.072,0,0,0,-54.267,1,14.213,0
16.45,recovered,0,0,-92.208,16,8,20,2800,12,1.272,72.953,9,11,0,14.213,1,0.097,0.059,0,0,0,-54.267,1,14.213,0
16.458,recovered,0,0,-92.292,16,8,20,2800,12,1.268,73.04,9,11,0,14.213,1,0.092,0.057,0,0,0,-54.267,1,14.213,0
16.467,recovered,0,0,-92.375,16,8,20,2800,12,1.271,72.892,9,11,0,14.213,1,0.11,0.061,0,0,0,-54.267,1,14.213,0
16.475,recovered,0,0,-92.458,16,8,20,2800,12,1.265,72.889,9,11,0,14.213,1,0.068,0.078,0,0,0,-54.267,1,14.213,0
16.483,recovered,0,0,-92.542,16,8,20,2800,12,1.27,72.878,9,11,0,14.213,1,0.07,0.066,0,0,0,-54.267,1,14.213,0
16.492,recovered,0,0,-92.625,16,8,20,2800,12,1.271,73.01,9,11,0,14.213,1,0.093,0.056,0,0,0,-54.267,1,14.213,0
16.5,recovered,0,0,-92.708,16,8,20,2800,12,1.27,73.079,9,11,0,14.213,1,0.076,0.088,0,0,0,-54.267,1,14.213,0
16.508,recovered,0,0,-92.792,16,8,20,2800,12,1.265,72.91,9,11,0,14.213,1,0.097,0.08,0,0,0,-54.267,1,14.213,0
16.517,recovered,0,0,-92.875,16,8,20,2800,12,1.266,72.925,9,11,0,14.213,1,0.106,0.06,0,0,0,-54.267,1,14.213,0
16.525,recovered,0,0,-92.958,16,8,20,2800,12,1.272,73.123,9,11,0,14.213,1,0.076,0.051,0,0,0,-54.267,1,14.213,0
16.533,recovered,0,0,-93.042,16,8,20,2800,12,1.269,73.133,9,11,0,14.213,1,0.061,0.051,0,0,0,-54.267,1,14.213,0
16.542,recovered,0,0,-93.125,16,8,20,2800,12,1.272,73.024,9,11,0,14.213,1,0.11,0.085,0,0,0,-54.267,1,14.213,0
16.55,recovered,0,0,-93.208,16,8,20,2800,12,1.269,72.901,9,11,0,14.213,1,0.06,0.061,0,0,0,-54.267,1,14.213,0
16.558,recovered,0,0,-93.292,16,8,20,2800,12,1.269,73.04,9,11,0,14.213,1,0.093,0.076,0,0,0,-54.267,1,14.213,0
16.567,recovered,0,0,-93.375,16,8,20,2800,12,1.271,72.947,9,11,0,14.213,1,0.084,0.062,0,0,0,-54.267,1,14.213,0
16.575,recovered,0,0,-93.458,16,8,20,2800,12,1.265,72.974,9,11,0,14.213,1,0.106,0.064,0,0,0,-54.267,1,14.213,0
16.583,recovered,0,0,-93.542,16,8,20,2800,12,1.266,73.076,9,11,0,14.213,1,0.074,0.07,0,0,0,-54.267,1,14.213,0
16.592,recovered,0,0,-93.625,16,8,20,2800,12,1.269,72.939,9,11,0,14.213,1,0.107,0.069,0,0,0,-54.267,1,14.213,0
16.6,recovered,0,0,-93.708,16,8,20,2800,12,1.27,72.849,9,11,0,14.213,1,0.103,0.082,0,0,0,-54.267,1,14.213,0
16.608,recovered,0,0,-93.792,16,8,20,2800,12,1.267,73.142,9,11,0,14.213,1,0.099,0.069,0,0,0,-54.267,1,14.213,0
16.617,recovered,0,0,-93.875,16,8,20,2800,12,1.269,72.965,9,11,0,14.213,1,0.061,0.073,0,0,0,-54.267,1,14.213,0
16.625,recovered,0,0,-93.958,16,8,20,2800,12,1.271,72.851,9,11,0,14.213,1,0.093,0.057,0,0,0,-54.267,1,14.213,0
16.633,recovered,0,0,-94.042,16,8,20,2800,12,1.268,72.98,9,11,0,14.213,1,0.06,0.064,0,0,0,-54.267,1,14.213,0
16.642,recovered,0,0,-94.125,16,8,20,2800,12,1.269,72.901,9,11,0,14.213,1,0.073,0.07,0,0,0,-54.267,1,14.213,0
16.65,recovered,0,0,-94.208,16,8,20,2800,12,1.269,72.999,9,11,0,14.213,1,0.081,0.067,0,0,0,-54.267,1,14.213,0
16.658,recovered,0,0,-94.292,16,8,20,2800,12,1.266,73.115,9,11,0,14.213,1,0.101,0.065,0,0,0,-54.267,1,14.213,0
16.667,recovered,0,0,-94.375,16,8,20,2800,12,1.272,73.038,9,11,0,14.213,1,0.064,0.069,0,0,0,-54.267,1,14.213,0
16.675,recovered,0,0,-94.458,16,8,20,2800,12,1.272,73.013,9,11,0,14.213,1,0.092,0.07,0,0,0,-54.267,1,14.213,0
16.683,recovered,0,0,-94.542,16,8,20,2800,12,1.267,73.145,9,11,0,14.213,1,0.073,0.078,0,0,0,-54.267,1,14.213,0
16.692,recovered,0,0,-94.625,16,8,20,2800,12,1.272,72.886,9,11,0,14.213,1,0.08,0.085,0,0,0,-54.267,1,14.213,0
16.7,recovered,0,0,-94.708,16,8,20,2800,12,1.267,73.094,9,11,0,14.213,1,0.072,0.057,0,0,0,-54.267,1,14.213,0
16.708,recovered,0,0,-94.792,16,8,20,2800,12,1.273,73.031,9,11,0,14.213,1,0.064,0.062,0,0,0,-54.267,1,14.213,0
16.717,recovered,0,0,-94.875,16,8,20,2800,12,1.267,72.887,9,11,0,14.213,1,0.085,0.05,0,0,0,-54.267,1,14.213,0
16.725,recovered,0,0,-94.958,16,8,20,2800,12,1.269,72.89,9,11,0,14.213,1,0.089,0.078,0,0,0,-54.267,1,14.213,0
16.733,recovered,0,0,-95,16,8,20,2800,12,1.269,73.036,9,11,0,14.213,1,0.068,0.06,0,0,0,-54.267,1,14.213,0
16.742,recovered,0,0,-95,16,8,20,2800,12,1.27,73.13,9,11,0,14.213,1,0.101,0.064,0,0,0,-54.267,1,14.213,0
16.75,recovered,0,0,-95,16,8,20,2800,12,1.267,72.89,9,11,0,14.213,1,0.108,0.058,0,0,0,-54.267,1,14.213,0
16.758,recovered,0,0,-95,16,8,20,2800,12,1.271,73.097,9,11,0,14.213,1,0.093,0.079,0,0,0,-54.267,1,14.213,0
16.767,recovered,0,0,-95,16,8,20,2800,12,1.269,72.969,9,11,0,14.213,1,0.099,0.087,0,0,0,-54.267,1,14.213,0
16.775,recovered,0,0,-95,16,8,20,2800,12,1.27,72.915,9,11,0,14.213,1,0.1,0.064,0,0,0,-54.267,1,14.213,0
16.783,recovered,0,0,-95,16,8,20,2800,12,1.268,73.105,9,11,0,14.213,1,0.098,0.055,0,0,0,-54.267,1,14.213,0
16.792,recovered,0,0,-95,16,8,20,2800,12,1.27,72.965,9,11,0,14.213,1,0.106,0.084,0,0,0,-54.267,1,14.213,0
16.8,recovered,0,0,-95,16,8,20,2800,12,1.269,73.082,9,11,0,14.213,1,0.066,0.054,0,0,0,-54.267,1,14.213,0
16.808,recovered,0,0,-95,16,8,20,2800,12,1.273,72.987,9,11,0,14.213,1,0.067,0.087,0,0,0,-54.267,1,14.213,0
16.817,recovered,0,0,-95,16,8,20,2800,12,1.27,72.957,9,11,0,14.213,1,0.067,0.056,0,0,0,-54.267,1,14.213,0
16.825,recovered,0,0,-95,16,8,20,2800,12,1.273,72.988,9,11,0,14.213,1,0.078,0.071,0,0,0,-54.267,1,14.213,0
16.833,recovered,0,0,-95,16,8,20,2800,12,1.272,72.893,9,11,0,14.213,1,0.099,0.056,0,0,0,-54.267,1,14.213,0
16.842,recovered,0,0,-95,16,8,20,2800,12,1.268,73.003,9,11,0,14.213,1,0.08,0.056,0,0,0,-54.267,1,14.213,0
16.85,recovered,0,0,-95,16,8,20,2800,12,1.271,72.969,9,11,0,14.213,1,0.061,0.055,0,0,0,-54.267,1,14.213,0
16.858,recovered,0,0,-95,16,8,20,2800,12,1.269,73.048,9,11,0,14.213,1,0.077,0.079,0,0,0,-54.267,1,14.213,0
16.867,recovered,0,0,-95,16,8,20,2800,12,1.272,72.934,9,11,0,14.213,1,0.094,0.079,0,0,0,-54.267,1,14.213,0
16.875,recovered,0,0,-95,16,8,20,2800,12,1.27,73.068,9,11,0,14.213,1,0.101,0.051,0,0,0,-54.267,1,14.213,0
16.883,recovered,0,0,-95,16,8,20,2800,12,1.267,72.97,9,11,0,14.213,1,0.104,0.086,0,0,0,-54.267,1,14.213,0
16.892,recovered,0,0,-95,16,8,20,2800,12,1.267,73.176,9,11,0,14.213,1,0.104,0.057,0,0,0,-54.267,1,14.213,0
16.9,recovered,0,0,-95,16,8,20,2800,12,1.269,73.021,9,11,0,14.213,1,0.094,0.054,0,0,0,-54.267,1,14.213,0
16.908,recovered,0,0,-95,16,8,20,2800,12,1.266,72.921,9,11,0,14.213,1,0.075,0.077,0,0,0,-54.267,1,14.213,0
16.917,recovered,0,0,-95,16,8,20,2800,12,1.266,72.95,9,11,0,14.213,1,0.078,0.089,0,0,0,-54.267,1,14.213,0
16.925,recovered,0,0,-95,16,8,20,2800,12,1.267,72.928,9,11,0,14.213,1,0.089,0.084,0,0,0,-54.267,1,14.213,0
16.933,recovered,0,0,-95,16,8,20,2800,12,1.27,73.137,9,11,0,14.213,1,0.062,0.056,0,0,0,-54.267,1,14.213,0
16.942,recovered,0,0,-95,16,8,20,2800,12,1.269,72.942,9,11,0,14.213,1,0.109,0.069,0,0,0,-54.267,1,14.213,0
16.95,recovered,0,0,-95,16,8,20,2800,12,1.272,73.016,9,11,0,14.213,1,0.078,0.067,0,0,0,-54.267,1,14.213,0
16.958,recovered,0,0,-95,16,8,20,2800,12,1.269,73.173,9,11,0,14.213,1,0.092,0.054,0,0,0,-54.267,1,14.213,0
16.967,recovered,0,0,-95,16,8,20,2800,12,1.266,73.152,9,11,0,14.213,1,0.065,0.056,0,0,0,-54.267,1,14.213,0
16.975,recovered,0,0,-95,16,8,20,2800,12,1.267,73.171,9,11,0,14.213,1,0.104,0.078,0,0,0,-54.267,1,14.213,0
16.983,recovered,0,0,-95,16,8,20,2800,12,1.273,73.169,9,11,0,14.213,1,0.076,0.058,0,0,0,-54.267,1,14.213,0
16.992,recovered,0,0,-95,16,8,20,2800,12,1.268,72.906,9,11,0,14.213,1,0.098,0.054,0,0,0,-54.267,1,14.213,0
17,recovered,0,0,-95,16,8,20,2800,12,1.269,73.138,9,11,0,14.213,1,0.081,0.064,0,0,0,-54.267,1,14.213,0
17.008,recovered,0,0,-95,16,8,20,2800,12,1.266,73.106,9,11,0,14.213,1,0.069,0.07,0,0,0,-54.267,1,14.213,0
17.017,recovered,0,0,-95,16,8,20,2800,12,1.267,72.977,9,11,0,14.213,1,0.064,0.077,0,0,0,-54.267,1,14.213,0
17.025,recovered,0,0,-95,16,8,20,2800,12,1.27,73.062,9,11,0,14.213,1,0.065,0.084,0,0,0,-54.267,1,14.213,0
17.033,recovered,0,0,-95,16,8,20,2800,12,1.27,72.961,9,11,0,14.213,1,0.062,0.065,0,0,0,-54.267,1,14.213,0
17.042,recovered,0,0,-95,16,8,20,2800,12,1.274,72.922,9,11,0,14.213,1,0.104,0.053,0,0,0,-54.267,1,14.213,0
17.05,recovered,0,0,-95,16,8,20,2800,12,1.273,73.006,9,11,0,14.213,1,0.084,0.068,0,0,0,-54.267,1,14.213,0
17.058,recovered,0,0,-95,16,8,20,2800,12,1.272,72.909,9,11,0,14.213,1,0.085,0.057,0,0,0,-54.267,1,14.213,0
17.067,recovered,0,0,-95,16,8,20,2800,12,1.272,72.905,9,11,0,14.213,1,0.087,0.073,0,0,0,-54.267,1,14.213,0
17.075,recovered,0,0,-95,16,8,20,2800,12,1.274,73.08,9,11,0,14.213,1,0.11,0.066,0,0,0,-54.267,1,14.213,0
17.083,recovered,0,0,-95,16,8,20,2800,12,1.267,72.965,9,11,0,14.213,1,0.07,0.057,0,0,0,-54.267,1,14.213,0
17.092,recovered,0,0,-95,16,8,20,2800,12,1.273,72.903,9,11,0,14.213,1,0.078,0.05,0,0,0,-54.267,1,14.213,0
17.1,recovered,0,0,-95,16,8,20,2800,12,1.268,72.974,9,11,0,14.213,1,0.068,0.067,0,0,0,-54.267,1,14.213,0
17.108,recovered,0,0,-95,16,8,20,2800,12,1.27,72.945,9,11,0,14.213,1,0.095,0.079,0,0,0,-54.267,1,14.213,0
17.117,recovered,0,0,-95,16,8,20,2800,12,1.269,73.008,9,11,0,14.213,1,0.077,0.054,0,0,0,-54.267,1,14.213,0
17.125,recovered,0,0,-95,16,8,20,2800,12,1.269,73.004,9,11,0,14.213,1,0.101,0.062,0,0,0,-54.267,1,14.213,0
17.133,recovered,0,0,-95,16,8,20,2800,12,1.272,73.184,9,11,0,14.213,1,0.069,0.081,0,0,0,-54.267,1,14.213,0
17.142,recovered,0,0,-95,16,8,20,2800,12,1.267,73.194,9,11,0,14.213,1,0.093,0.08,0,0,0,-54.267,1,14.213,0
17.15,recovered,0,0,-95,16,8,20,2800,12,1.266,73.127,9,11,0,14.213,1,0.06,0.073,0,0,0,-54.267,1,14.213,0
17.158,recovered,0,0,-95,16,8,20,2800,12,1.27,72.956,9,11,0,14.213,1,0.089,0.089,0,0,0,-54.267,1,14.213,0
17.167,recovered,0,0,-95,16,8,20,2800,12,1.267,72.969,9,11,0,14.213,1,0.106,0.074,0,0,0,-54.267,1,14.213,0
17.175,recovered,0,0,-95,16,8,20,2800,12,1.27,73.178,9,11,0,14.213,1,0.095,0.089,0,0,0,-54.267,1,14.213,0
17.183,recovered,0,0,-95,16,8,20,2800,12,1.272,73.059,9,11,0,14.213,1,0.063,0.061,0,0,0,-54.267,1,14.213,0
17.192,recovered,0,0,-95,16,8,20,2800,12,1.27,73.165,9,11,0,14.213,1,0.1,0.07,0,0,0,-54.267,1,14.213,0
17.2,recovered,0,0,-95,16,8,20,2800,12,1.273,73.027,9,11,0,14.213,1,0.105,0.055,0,0,0,-54.267,1,14.213,0
17.208,recovered,0,0,-95,16,8,20,2800,12,1.269,72.988,9,11,0,14.213,1,0.11,0.076,0,0,0,-54.267,1,14.213,0
17.217,recovered,0,0,-95,16,8,20,2800,12,1.27,73.038,9,11,0,14.213,1,0.082,0.087,0,0,0,-54.267,1,14.213,0
17.225,recovered,0,0,-95,16,8,20,2800,12,1.271,73.109,9,11,0,14.213,1,0.068,0.077,0,0,0,-54.267,1,14.213,0
17.233,recovered,0,0,-95,16,8,20,2800,12,1.268,72.982,9,11,0,14.213,1,0.075,0.065,0,0,0,-54.267,1,14.213,0
17.242,recovered,0,0,-95,16,8,20,2800,12,1.272,73.155,9,11,0,14.213,1,0.109,0.057,0,0,0,-54.267,1,14.213,0
17.25,recovered,0,0,-95,16,8,20,2800,12,1.271,73.057,9,11,0,14.213,1,0.08,0.057,0,0,0,-54.267,1,14.213,0
17.258,recovered,0,0,-95,16,8,20,2800,12,1.274,72.959,9,11,0,14.213,1,0.084,0.069,0,0,0,-54.267,1,14.213,0
17.267,recovered,0,0,-95,16,8,20,2800,12,1.271,72.97,9,11,0,14.213,1,0.106,0.08,0,0,0,-54.267,1,14.213,0
17.275,recovered,0,0,-95,16,8,20,2800,12,1.271,73.195,9,11,0,14.213,1,0.085,0.079,0,0,0,-54.267,1,14.213,0
17.283,recovered,0,0,-95,16,8,20,2800,12,1.266,73.047,9,11,0,14.213,1,0.065,0.087,0,0,0,-54.267,1,14.213,0
17.292,recovered,0,0,-95,16,8,20,2800,12,1.271,73.135,9,11,0,14.213,1,0.06,0.055,0,0,0,-54.267,1,14.213,0
17.3,recovered,0,0,-95,16,8,20,2800,12,1.273,73.171,9,11,0,14.213,1,0.101,0.089,0,0,0,-54.267,1,14.213,0
17.308,recovered,0,0,-95,16,8,20,2800,12,1.269,73.157,9,11,0,14.213,1,0.083,0.055,0,0,0,-54.267,1,14.213,0
17.317,recovered,0,0,-95,16,8,20,2800,12,1.268,72.946,9,11,0,14.213,1,0.061,0.071,0,0,0,-54.267,1,14.213,0
17.325,recovered,0,0,-95,16,8,20,2800,12,1.266,73.036,9,11,0,14.213,1,0.086,0.089,0,0,0,-54.267,1,14.213,0
17.333,recovered,0,0,-95,16,8,20,2800,12,1.266,72.984,9,11,0,14.213,1,0.079,0.066,0,0,0,-54.267,1,14.213,0
17.342,recovered,0,0,-95,16,8,20,2800,12,1.268,73.192,9,11,0,14.213,1,0.072,0.052,0,0,0,-54.267,1,14.213,0
17.35,recovered,0,0,-95,16,8,20,2800,12,1.268,72.948,9,11,0,14.213,1,0.075,0.057,0,0,0,-54.267,1,14.213,0
17.358,recovered,0,0,-95,16,8,20,2800,12,1.268,73.21,9,11,0,14.213,1,0.088,0.052,0,0,0,-54.267,1,14.213,0
17.367,recovered,0,0,-95,16,8,20,2800,12,1.267,72.971,9,11,0,14.213,1,0.061,0.082,0,0,0,-54.267,1,14.213,0
17.375,recovered,0,0,-95,16,8,20,2800,12,1.268,73.078,9,11,0,14.213,1,0.067,0.058,0,0,0,-54.267,1,14.213,0
17.383,recovered,0,0,-95,16,8,20,2800,12,1.27,73.057,9,11,0,14.213,1,0.103,0.085,0,0,0,-54.267,1,14.213,0
17.392,recovered,0,0,-95,16,8,20,2800,12,1.269,73.103,9,11,0,14.213,1,0.084,0.073,0,0,0,-54.267,1,14.213,0
17.4,recovered,0,0,-95,16,8,20,2800,12,1.267,73.159,9,11,0,14.213,1,0.106,0.079,0,0,0,-54.267,1,14.213,0
17.408,recovered,0,0,-95,16,8,20,2800,12,1.273,72.95,9,11,0,14.213,1,0.086,0.089,0,0,0,-54.267,1,14.213,0
17.417,recovered,0,0,-95,16,8,20,2800,12,1.27,73.047,9,11,0,14.213,1,0.104,0.059,0,0,0,-54.267,1,14.213,0
17.425,recovered,0,0,-95,16,8,20,2800,12,1.27,73.139,9,11,0,14.213,1,0.09,0.051,0,0,0,-54.267,1,14.213,0
17.433,recovered,0,0,-95,16,8,20,2800,12,1.272,73.24,9,11,0,14.213,1,0.071,0.071,0,0,0,-54.267,1,14.213,0
17.442,recovered,0,0,-95,16,8,20,2800,12,1.273,72.999,9,11,0,14.213,1,0.087,0.079,0,0,0,-54.267,1,14.213,0
17.45,recovered,0,0,-95,16,8,20,2800,12,1.269,73.066,9,11,0,14.213,1,0.08,0.05,0,0,0,-54.267,1,14.213,0
17.458,recovered,0,0,-95,16,8,20,2800,12,1.268,72.996,9,11,0,14.213,1,0.106,0.089,0,0,0,-54.267,1,14.213,0
17.467,recovered,0,0,-95,16,8,20,2800,12,1.274,72.972,9,11,0,14.213,1,0.103,0.078,0,0,0,-54.267,1,14.213,0
17.475,recovered,0,0,-95,16,8,20,2800,12,1.272,72.974,9,11,0,14.213,1,0.101,0.073,0,0,0,-54.267,1,14.213,0
17.483,recovered,0,0,-95,16,8,20,2800,12,1.268,73.024,9,11,0,14.213,1,0.1,0.071,0,0,0,-54.267,1,14.213,0
17.492,recovered,0,0,-95,16,8,20,2800,12,1.268,73.048,9,11,0,14.213,1,0.098,0.063,0,0,0,-54.267,1,14.213,0
17.5,recovered,0,0,-95,16,8,20,2800,12,1.27,72.956,9,11,0,14.213,1,0.07,0.07,0,0,0,-54.267,1,14.213,0
17.508,recovered,0,0,-95,16,8,20,2800,12,1.27,72.984,9,11,0,14.213,1,0.073,0.057,0,0,0,-54.267,1,14.213,0
17.517,recovered,0,0,-95,16,8,20,2800,12,1.268,73.049,9,11,0,14.213,1,0.093,0.071,0,0,0,-54.267,1,14.213,0
17.525,recovered,0,0,-95,16,8,20,2800,12,1.267,73.043,9,11,0,14.213,1,0.083,0.053,0,0,0,-54.267,1,14.213,0
17.533,recovered,0,0,-95,16,8,20,2800,12,1.268,73.117,9,11,0,14.213,1,0.105,0.084,0,0,0,-54.267,1,14.213,0
17.542,recovered,0,0,-95,16,8,20,2800,12,1.273,73.066,9,11,0,14.213,1,0.1,0.063,0,0,0,-54.267,1,14.213,0
17.55,recovered,0,0,-95,16,8,20,2800,12,1.268,73.017,9,11,0,14.213,1,0.094,0.079,0,0,0,-54.267,1,14.213,0
17.558,recovered,0,0,-95,16,8,20,2800,12,1.269,72.963,9,11,0,14.213,1,0.075,0.072,0,0,0,-54.267,1,14.213,0
17.567,recovered,0,0,-95,16,8,20,2800,12,1.27,73.026,9,11,0,14.213,1,0.104,0.06,0,0,0,-54.267,1,14.213,0
17.575,recovered,0,0,-95,16,8,20,2800,12,1.268,73.036,9,11,0,14.213,1,0.095,0.078,0,0,0,-54.267,1,14.213,0
17.583,recovered,0,0,-95,16,8,20,2800,12,1.27,73.031,9,11,0,14.213,1,0.095,0.074,0,0,0,-54.267,1,14.213,0
17.592,recovered,0,0,-95,16,8,20,2800,12,1.27,73.182,9,11,0,14.213,1,0.06,0.083,0,0,0,-54.267,1,14.213,0
17.6,recovered,0,0,-95,16,8,20,2800,12,1.268,73.106,9,11,0,14.213,1,0.077,0.079,0,0,0,-54.267,1,14.213,0
17.608,recovered,0,0,-95,16,8,20,2800,12,1.269,73.05,9,11,0,14.213,1,0.088,0.072,0,0,0,-54.267,1,14.213,0
17.617,recovered,0,0,-95,16,8,20,2800,12,1.271,73.158,9,11,0,14.213,1,0.078,0.07,0,0,0,-54.267,1,14.213,0
17.625,recovered,0,0,-95,16,8,20,2800,12,1.268,73.222,9,11,0,14.213,1,0.105,0.074,0,0,0,-54.267,1,14.213,0
17.633,recovered,0,0,-95,16,8,20,2800,12,1.266,73.208,9,11,0,14.213,1,0.076,0.071,0,0,0,-54.267,1,14.213,0
17.642,recovered,0,0,-95,16,8,20,2800,12,1.27,72.988,9,11,0,14.213,1,0.094,0.086,0,0,0,-54.267,1,14.213,0
17.65,recovered,0,0,-95,16,8,20,2800,12,1.27,73.242,9,11,0,14.213,1,0.078,0.075,0,0,0,-54.267,1,14.213,0
17.658,recovered,0,0,-95,16,8,20,2800,12,1.27,73.076,9,11,0,14.213,1,0.061,0.076,0,0,0,-54.267,1,14.213,0
17.667,recovered,0,0,-95,16,8,20,2800,12,1.266,73.145,9,11,0,14.213,1,0.093,0.076,0,0,0,-54.267,1,14.213,0
17.675,recovered,0,0,-95,16,8,20,2800,12,1.269,73.138,9,11,0,14.213,1,0.061,0.07,0,0,0,-54.267,1,14.213,0
17.683,recovered,0,0,-95,16,8,20,2800,12,1.266,73.256,9,11,0,14.213,1,0.074,0.088,0,0,0,-54.267,1,14.213,0
17.692,recovered,0,0,-95,16,8,20,2800,12,1.271,73.27,9,11,0,14.213,1,0.074,0.081,0,0,0,-54.267,1,14.213,0
17.7,recovered,0,0,-95,16,8,20,2800,12,1.27,73.02,9,11,0,14.213,1,0.072,0.062,0,0,0,-54.267,1,14.213,0
17.708,recovered,0,0,-95,16,8,20,2800,12,1.267,73.139,9,11,0,14.213,1,0.103,0.075,0,0,0,-54.267,1,14.213,0
17.717,recovered,0,0,-95,16,8,20,2800,12,1.27,72.996,9,11,0,14.213,1,0.067,0.07,0,0,0,-54.267,1,14.213,0
17.725,recovered,0,0,-95,16,8,20,2800,12,1.269,73.259,9,11,0,14.213,1,0.092,0.079,0,0,0,-54.267,1,14.213,0
17.733,recovered,0,0,-95,16,8,20,2800,12,1.272,73.154,9,11,0,14.213,1,0.081,0.064,0,0,0,-54.267,1,14.213,0
17.742,recovered,0,0,-95,16,8,20,2800,12,1.272,73.081,9,11,0,14.213,1,0.065,0.055,0,0,0,-54.267,1,14.213,0
17.75,recovered,0,0,-95,16,8,20,2800,12,1.269,73.079,9,11,0,14.213,1,0.076,0.072,0,0,0,-54.267,1,14.213,0
17.758,recovered,0,0,-95,16,8,20,2800,12,1.271,73.021,9,11,0,14.213,1,0.069,0.081,0,0,0,-54.267,1,14.213,0
17.767,recovered,0,0,-95,16,8,20,2800,12,1.269,73.248,9,11,0,14.213,1,0.08,0.068,0,0,0,-54.267,1,14.213,0
17.775,recovered,0,0,-95,16,8,20,2800,12,1.274,73.019,9,11,0,14.213,1,0.074,0.07,0,0,0,-54.267,1,14.213,0
17.783,recovered,0,0,-95,16,8,20,2800,12,1.272,73.144,9,11,0,14.213,1,0.079,0.088,0,0,0,-54.267,1,14.213,0
17.792,recovered,0,0,-95,16,8,20,2800,12,1.273,73.212,9,11,0,14.213,1,0.076,0.069,0,0,0,-54.267,1,14.213,0
17.8,recovered,0,0,-95,16,8,20,2800,12,1.273,73.212,9,11,0,14.213,1,0.065,0.084,0,0,0,-54.267,1,14.213,0
17.808,recovered,0,0,-95,16,8,20,2800,12,1.266,73.08,9,11,0,14.213,1,0.108,0.065,0,0,0,-54.267,1,14.213,0
17.817,recovered,0,0,-95,16,8,20,2800,12,1.272,72.994,9,11,0,14.213,1,0.108,0.051,0,0,0,-54.267,1,14.213,0
17.825,recovered,0,0,-95,16,8,20,2800,12,1.271,73.209,9,11,0,14.213,1,0.067,0.074,0,0,0,-54.267,1,14.213,0
17.833,recovered,0,0,-95,16,8,20,2800,12,1.266,73.14,9,11,0,14.213,1,0.106,0.063,0,0,0,-54.267,1,14.213,0
17.842,recovered,0,0,-95,16,8,20,2800,12,1.273,73.136,9,11,0,14.213,1,0.061,0.066,0,0,0,-54.267,1,14.213,0
17.85,recovered,0,0,-95,16,8,20,2800,12,1.267,73.287,9,11,0,14.213,1,0.08,0.086,0,0,0,-54.267,1,14.213,0
17.858,recovered,0,0,-95,16,8,20,2800,12,1.27,73.174,9,11,0,14.213,1,0.075,0.058,0,0,0,-54.267,1,14.213,0
17.867,recovered,0,0,-95,16,8,20,2800,12,1.269,72.999,9,11,0,14.213,1,0.094,0.056,0,0,0,-54.267,1,14.213,0
17.875,recovered,0,0,-95,16,8,20,2800,12,1.269,73.137,9,11,0,14.213,1,0.061,0.073,0,0,0,-54.267,1,14.213,0
17.883,recovered,0,0,-95,16,8,20,2800,12,1.271,73.201,9,11,0,14.213,1,0.094,0.063,0,0,0,-54.267,1,14.213,0
17.892,recovered,0,0,-95,16,8,20,2800,12,1.274,73.146,9,11,0,14.213,1,0.084,0.06,0,0,0,-54.267,1,14.213,0
17.9,recovered,0,0,-95,16,8,20,2800,12,1.271,73.297,9,11,0,14.213,1,0.104,0.08,0,0,0,-54.267,1,14.213,0
17.908,recovered,0,0,-95,16,8,20,2800,12,1.269,73.244,9,11,0,14.213,1,0.081,0.076,0,0,0,-54.267,1,14.213,0
17.917,recovered,0,0,-95,16,8,20,2800,12,1.272,73.104,9,11,0,14.213,1,0.09,0.059,0,0,0,-54.267,1,14.213,0
17.925,recovered,0,0,-95,16,8,20,2800,12,1.271,73.236,9,11,0,14.213,1,0.069,0.081,0,0,0,-54.267,1,14.213,0
17.933,recovered,0,0,-95,16,8,20,2800,12,1.267,73.049,9,11,0,14.213,1,0.075,0.069,0,0,0,-54.267,1,14.213,0
17.942,recovered,0,0,-95,16,8,20,2800,12,1.272,73.212,9,11,0,14.213,1,0.072,0.06,0,0,0,-54.267,1,14.213,0
17.95,recovered,0,0,-95,16,8,20,2800,12,1.27,73.149,9,11,0,14.213,1,0.069,0.082,0,0,0,-54.267,1,14.213,0
17.958,recovered,0,0,-95,16,8,20,2800,12,1.272,73.304,9,11,0,14.213,1,0.105,0.068,0,0,0,-54.267,1,14.213,0
17.967,recovered,0,0,-95,16,8,20,2800,12,1.272,73.244,9,11,0,14.213,1,0.083,0.079,0,0,0,-54.267,1,14.213,0
17.975,recovered,0,0,-95,16,8,20,2800,12,1.272,73.285,9,11,0,14.213,1,0.091,0.054,0,0,0,-54.267,1,14.213,0
17.983,recovered,0,0,-95,16,8,20,2800,12,1.269,73.109,9,11,0,14.213,1,0.101,0.063,0,0,0,-54.267,1,14.213,0
17.992,recovered,0,0,-95,16,8,20,2800,12,1.273,73.253,9,11,0,14.213,1,0.11,0.057,0,0,0,-54.267,1,14.213,0
18,recovered,0,0,-95,16,8,20,2800,12,1.268,73.052,9,11,0,14.213,1,0.109,0.059,0,0,0,-54.267,1,14.213,0
18.008,recovered,0,0,-95,16,8,20,2800,12,1.266,73.175,9,11,0,14.213,1,0.099,0.064,0,0,0,-54.267,1,14.213,0
18.017,recovered,0,0,-95,16,8,20,2800,12,1.273,73.195,9,11,0,14.213,1,0.088,0.066,0,0,0,-54.267,1,14.213,0
18.025,recovered,0,0,-95,16,8,20,2800,12,1.273,73.226,9,11,0,14.213,1,0.079,0.081,0,0,0,-54.267,1,14.213,0
18.033,recovered,0,0,-95,16,8,20,2800,12,1.271,73.131,9,11,0,14.213,1,0.07,0.058,0,0,0,-54.267,1,14.213,0
18.042,recovered,0,0,-95,16,8,20,2800,12,1.271,73.244,9,11,0,14.213,1,0.082,0.071,0,0,0,-54.267,1,14.213,0
18.05,recovered,0,0,-95,16,8,20,2800,12,1.268,73.212,9,11,0,14.213,1,0.074,0.066,0,0,0,-54.267,1,14.213,0
18.058,recovered,0,0,-95,16,8,20,2800,12,1.272,73.134,9,11,0,14.213,1,0.103,0.067,0,0,0,-54.267,1,14.213,0
18.067,recovered,0,0,-95,16,8,20,2800,12,1.27,73.236,9,11,0,14.213,1,0.08,0.071,0,0,0,-54.267,1,14.213,0
18.075,recovered,0,0,-95,16,8,20,2800,12,1.273,73.044,9,11,0,14.213,1,0.078,0.06,0,0,0,-54.267,1,14.213,0
18.083,recovered,0,0,-95,16,8,20,2800,12,1.273,73.043,9,11,0,14.213,1,0.069,0.053,0,0,0,-54.267,1,14.213,0
18.092,recovered,0,0,-95,16,8,20,2800,12,1.268,73.05,9,11,0,14.213,1,0.078,0.064,0,0,0,-54.267,1,14.213,0
18.1,recovered,0,0,-95,16,8,20,2800,12,1.269,73.252,9,11,0,14.213,1,0.062,0.084,0,0,0,-54.267,1,14.213,0
18.108,recovered,0,0,-95,16,8,20,2800,12,1.268,73.068,9,11,0,14.213,1,0.096,0.072,0,0,0,-54.267,1,14.213,0
18.117,recovered,0,0,-95,16,8,20,2800,12,1.27,73.318,9,11,0,14.213,1,0.067,0.06,0,0,0,-54.267,1,14.213,0
18.125,recovered,0,0,-95,16,8,20,2800,12,1.27,73.187,9,11,0,14.213,1,0.107,0.064,0,0,0,-54.267,1,14.213,0
18.133,recovered,0,0,-95,16,8,20,2800,12,1.273,73.299,9,11,0,14.213,1,0.107,0.055,0,0,0,-54.267,1,14.213,0
18.142,recovered,0,0,-95,16,8,20,2800,12,1.272,73.282,9,11,0,14.213,1,0.065,0.066,0,0,0,-54.267,1,14.213,0
18.15,recovered,0,0,-95,16,8,20,2800,12,1.273,73.198,9,11,0,14.213,1,0.098,0.071,0,0,0,-54.267,1,14.213,0
18.158,recovered,0,0,-95,16,8,20,2800,12,1.274,73.109,9,11,0,14.213,1,0.082,0.06,0,0,0,-54.267,1,14.213,0
18.167,recovered,0,0,-95,16,8,20,2800,12,1.271,73.254,9,11,0,14.213,1,0.069,0.052,0,0,0,-54.267,1,14.213,0
18.175,recovered,0,0,-95,16,8,20,2800,12,1.268,73.076,9,11,0,14.213,1,0.061,0.066,0,0,0,-54.267,1,14.213,0
18.183,recovered,0,0,-95,16,8,20,2800,12,1.273,73.283,9,11,0,14.213,1,0.078,0.089,0,0,0,-54.267,1,14.213,0
18.192,recovered,0,0,-95,16,8,20,2800,12,1.27,73.253,9,11,0,14.213,1,0.063,0.058,0,0,0,-54.267,1,14.213,0
18.2,recovered,0,0,-95,16,8,20,2800,12,1.267,73.297,9,11,0,14.213,1,0.07,0.071,0,0,0,-54.267,1,14.213,0
18.208,recovered,0,0,-95,16,8,20,2800,12,1.271,73.093,9,11,0,14.213,1,0.071,0.081,0,0,0,-54.267,1,14.213,0
18.217,recovered,0,0,-95,16,8,20,2800,12,1.269,73.215,9,11,0,14.213,1,0.103,0.083,0,0,0,-54.267,1,14.213,0
18.225,recovered,0,0,-95,16,8,20,2800,12,1.273,73.218,9,11,0,14.213,1,0.088,0.065,0,0,0,-54.267,1,14.213,0
18.233,recovered,0,0,-95,16,8,20,2800,12,1.27,73.21,9,11,0,14.213,1,0.091,0.074,0,0,0,-54.267,1,14.213,0
18.242,recovered,0,0,-95,16,8,20,2800,12,1.268,73.223,9,11,0,14.213,1,0.08,0.052,0,0,0,-54.267,1,14.213,0
18.25,recovered,0,0,-95,16,8,20,2800,12,1.272,73.305,9,11,0,14.213,1,0.104,0.074,0,0,0,-54.267,1,14.213,0
18.258,recovered,0,0,-95,16,8,20,2800,12,1.268,73.312,9,11,0,14.213,1,0.072,0.087,0,0,0,-54.267,1,14.213,0
18.267,recovered,0,0,-95,16,8,20,2800,12,1.267,73.21,9,11,0,14.213,1,0.081,0.083,0,0,0,-54.267,1,14.213,0
18.275,recovered,0,0,-95,16,8,20,2800,12,1.269,73.17,9,11,0,14.213,1,0.08,0.072,0,0,0,-54.267,1,14.213,0
18.283,recovered,0,0,-95,16,8,20,2800,12,1.273,73.334,9,11,0,14.213,1,0.067,0.058,0,0,0,-54.267,1,14.213,0
18.292,recovered,0,0,-95,16,8,20,2800,12,1.266,73.283,9,11,0,14.213,1,0.101,0.061,0,0,0,-54.267,1,14.213,0
18.3,recovered,0,0,-95,16,8,20,2800,12,1.274,73.099,9,11,0,14.213,1,0.099,0.078,0,0,0,-54.267,1,14.213,0
18.308,recovered,0,0,-95,16,8,20,2800,12,1.267,73.096,9,11,0,14.213,1,0.106,0.059,0,0,0,-54.267,1,14.213,0
18.317,recovered,0,0,-95,16,8,20,2800,12,1.273,73.063,9,11,0,14.213,1,0.101,0.08,0,0,0,-54.267,1,14.213,0
18.325,recovered,0,0,-95,16,8,20,2800,12,1.271,73.204,9,11,0,14.213,1,0.09,0.055,0,0,0,-54.267,1,14.213,0
18.333,recovered,0,0,-95,16,8,20,2800,12,1.268,73.112,9,11,0,14.213,1,0.103,0.066,0,0,0,-54.267,1,14.213,0
18.342,recovered,0,0,-95,16,8,20,2800,12,1.269,73.347,9,11,0,14.213,1,0.096,0.064,0,0,0,-54.267,1,14.213,0
18.35,recovered,0,0,-95,16,8,20,2800,12,1.271,73.084,9,11,0,14.213,1,0.089,0.051,0,0,0,-54.267,1,14.213,0
18.358,recovered,0,0,-95,16,8,20,2800,12,1.271,73.229,9,11,0,14.213,1,0.068,0.082,0,0,0,-54.267,1,14.213,0
18.367,recovered,0,0,-95,16,8,20,2800,12,1.268,73.268,9,11,0,14.213,1,0.073,0.065,0,0,0,-54.267,1,14.213,0
18.375,recovered,0,0,-95,16,8,20,2800,12,1.267,73.105,9,11,0,14.213,1,0.083,0.052,0,0,0,-54.267,1,14.213,0
18.383,recovered,0,0,-95,16,8,20,2800,12,1.268,73.192,9,11,0,14.213,1,0.106,0.09,0,0,0,-54.267,1,14.213,0
18.392,recovered,0,0,-95,16,8,20,2800,12,1.269,73.124,9,11,0,14.213,1,0.062,0.058,0,0,0,-54.267,1,14.213,0
18.4,recovered,0,0,-95,16,8,20,2800,12,1.268,73.305,9,11,0,14.213,1,0.075,0.086,0,0,0,-54.267,1,14.213,0
18.408,recovered,0,0,-95,16,8,20,2800,12,1.272,73.322,9,11,0,14.213,1,0.082,0.084,0,0,0,-54.267,1,14.213,0
18.417,recovered,0,0,-95,16,8,20,2800,12,1.268,73.083,9,11,0,14.213,1,0.108,0.059,0,0,0,-54.267,1,14.213,0
18.425,recovered,0,0,-95,16,8,20,2800,12,1.27,73.304,9,11,0,14.213,1,0.098,0.089,0,0,0,-54.267,1,14.213,0
18.433,recovered,0,0,-95,16,8,20,2800,12,1.274,73.191,9,11,0,14.213,1,0.077,0.066,0,0,0,-54.267,1,14.213,0
18.442,recovered,0,0,-95,16,8,20,2800,12,1.27,73.227,9,11,0,14.213,1,0.064,0.074,0,0,0,-54.267,1,14.213,0
18.45,recovered,0,0,-95,16,8,20,2800,12,1.268,73.259,9,11,0,14.213,1,0.067,0.062,0,0,0,-54.267,1,14.213,0
18.458,recovered,0,0,-95,16,8,20,2800,12,1.271,73.074,9,11,0,14.213,1,0.084,0.081,0,0,0,-54.267,1,14.213,0
18.467,recovered,0,0,-95,16,8,20,2800,12,1.269,73.237,9,11,0,14.213,1,0.084,0.078,0,0,0,-54.267,1,14.213,0
18.475,recovered,0,0,-95,16,8,20,2800,12,1.271,73.296,9,11,0,14.213,1,0.094,0.053,0,0,0,-54.267,1,14.213,0
18.483,recovered,0,0,-95,16,8,20,2800,12,1.272,73.069,9,11,0,14.213,1,0.095,0.083,0,0,0,-54.267,1,14.213,0
18.492,recovered,0,0,-95,16,8,20,2800,12,1.267,73.21,9,11,0,14.213,1,0.072,0.086,0,0,0,-54.267,1,14.213,0
18.5,recovered,0,0,-95,16,8,20,2800,12,1.273,73.2,9,11,0,14.213,1,0.062,0.081,0,0,0,-54.267,1,14.213,0
18.508,recovered,0,0,-95,16,8,20,2800,12,1.269,73.371,9,11,0,14.213,1,0.079,0.06,0,0,0,-54.267,1,14.213,0
18.517,recovered,0,0,-95,16,8,20,2800,12,1.27,73.083,9,11,0,14.213,1,0.089,0.069,0,0,0,-54.267,1,14.213,0
18.525,recovered,0,0,-95,16,8,20,2800,12,1.27,73.236,9,11,0,14.213,1,0.098,0.085,0,0,0,-54.267,1,14.213,0
18.533,recovered,0,0,-95,16,8,20,2800,12,1.268,73.199,9,11,0,14.213,1,0.099,0.072,0,0,0,-54.267,1,14.213,0
18.542,recovered,0,0,-95,16,8,20,2800,12,1.273,73.18,9,11,0,14.213,1,0.085,0.061,0,0,0,-54.267,1,14.213,0
18.55,recovered,0,0,-95,16,8,20,2800,12,1.273,73.276,9,11,0,14.213,1,0.066,0.074,0,0,0,-54.267,1,14.213,0
18.558,recovered,0,0,-95,16,8,20,2800,12,1.269,73.336,9,11,0,14.213,1,0.078,0.062,0,0,0,-54.267,1,14.213,0
18.567,recovered,0,0,-95,16,8,20,2800,12,1.272,73.243,9,11,0,14.213,1,0.095,0.081,0,0,0,-54.267,1,14.213,0
18.575,recovered,0,0,-95,16,8,20,2800,12,1.271,73.085,9,11,0,14.213,1,0.066,0.073,0,0,0,-54.267,1,14.213,0
18.583,recovered,0,0,-95,16,8,20,2800,12,1.268,73.139,9,11,0,14.213,1,0.107,0.087,0,0,0,-54.267,1,14.213,0
18.592,recovered,0,0,-95,16,8,20,2800,12,1.269,73.206,9,11,0,14.213,1,0.101,0.074,0,0,0,-54.267,1,14.213,0
18.6,recovered,0,0,-95,16,8,20,2800,12,1.272,73.361,9,11,0,14.213,1,0.068,0.063,0,0,0,-54.267,1,14.213,0
18.608,recovered,0,0,-95,16,8,20,2800,12,1.274,73.368,9,11,0,14.213,1,0.104,0.075,0,0,0,-54.267,1,14.213,0
18.617,recovered,0,0,-95,16,8,20,2800,12,1.266,73.227,9,11,0,14.213,1,0.083,0.064,0,0,0,-54.267,1,14.213,0
18.625,recovered,0,0,-95,16,8,20,2800,12,1.271,73.38,9,11,0,14.213,1,0.061,0.061,0,0,0,-54.267,1,14.213,0
18.633,recovered,0,0,-95,16,8,20,2800,12,1.269,73.15,9,11,0,14.213,1,0.1,0.089,0,0,0,-54.267,1,14.213,0
18.642,recovered,0,0,-95,16,8,20,2800,12,1.271,73.313,9,11,0,14.213,1,0.106,0.084,0,0,0,-54.267,1,14.213,0
18.65,recovered,0,0,-95,16,8,20,2800,12,1.273,73.308,9,11,0,14.213,1,0.06,0.077,0,0,0,-54.267,1,14.213,0
18.658,recovered,0,0,-95,16,8,20,2800,12,1.272,73.36,9,11,0,14.213,1,0.063,0.09,0,0,0,-54.267,1,14.213,0
18.667,recovered,0,0,-95,16,8,20,2800,12,1.272,73.093,9,11,0,14.213,1,0.083,0.07,0,0,0,-54.267,1,14.213,0
18.675,recovered,0,0,-95,16,8,20,2800,12,1.272,73.382,9,11,0,14.213,1,0.067,0.071,0,0,0,-54.267,1,14.213,0
18.683,recovered,0,0,-95,16,8,20,2800,12,1.273,73.179,9,11,0,14.213,1,0.095,0.087,0,0,0,-54.267,1,14.213,0
18.692,recovered,0,0,-95,16,8,20,2800,12,1.267,73.23,9,11,0,14.213,1,0.094,0.052,0,0,0,-54.267,1,14.213,0
18.7,recovered,0,0,-95,16,8,20,2800,12,1.266,73.371,9,11,0,14.213,1,0.068,0.06,0,0,0,-54.267,1,14.213,0
18.708,recovered,0,0,-95,16,8,20,2800,12,1.266,73.17,9,11,0,14.213,1,0.076,0.089,0,0,0,-54.267,1,14.213,0
18.717,recovered,0,0,-95,16,8,20,2800,12,1.27,73.207,9,11,0,14.213,1,0.104,0.089,0,0,0,-54.267,1,14.213,0
18.725,recovered,0,0,-95,16,8,20,2800,12,1.268,73.177,9,11,0,14.213,1,0.074,0.061,0,0,0,-54.267,1,14.213,0
18.733,recovered,0,0,-95,16,8,20,2800,12,1.272,73.142,9,11,0,14.213,1,0.076,0.058,0,0,0,-54.267,1,14.213,0
18.742,recovered,0,0,-95,16,8,20,2800,12,1.268,73.214,9,11,0,14.213,1,0.091,0.084,0,0,0,-54.267,1,14.213,0
18.75,recovered,0,0,-95,16,8,20,2800,12,1.272,73.395,9,11,0,14.213,1,0.08,0.059,0,0,0,-54.267,1,14.213,0
18.758,recovered,0,0,-95,16,8,20,2800,12,1.273,73.303,9,11,0,14.213,1,0.085,0.068,0,0,0,-54.267,1,14.213,0
18.767,recovered,0,0,-95,16,8,20,2800,12,1.271,73.362,9,11,0,14.213,1,0.09,0.053,0,0,0,-54.267,1,14.213,0
18.775,recovered,0,0,-95,16,8,20,2800,12,1.268,73.323,9,11,0,14.213,1,0.109,0.089,0,0,0,-54.267,1,14.213,0
18.783,recovered,0,0,-95,16,8,20,2800,12,1.272,73.193,9,11,0,14.213,1,0.104,0.074,0,0,0,-54.267,1,14.213,0
18.792,recovered,0,0,-95,16,8,20,2800,12,1.273,73.191,9,11,0,14.213,1,0.06,0.078,0,0,0,-54.267,1,14.213,0
18.8,recovered,0,0,-95,16,8,20,2800,12,1.27,73.179,9,11,0,14.213,1,0.091,0.068,0,0,0,-54.267,1,14.213,0
18.808,recovered,0,0,-95,16,8,20,2800,12,1.272,73.296,9,11,0,14.213,1,0.072,0.082,0,0,0,-54.267,1,14.213,0
18.817,recovered,0,0,-95,16,8,20,2800,12,1.266,73.113,9,11,0,14.213,1,0.068,0.056,0,0,0,-54.267,1,14.213,0
18.825,recovered,0,0,-95,16,8,20,2800,12,1.268,73.242,9,11,0,14.213,1,0.102,0.088,0,0,0,-54.267,1,14.213,0
18.833,recovered,0,0,-95,16,8,20,2800,12,1.27,73.183,9,11,0,14.213,1,0.061,0.08,0,0,0,-54.267,1,14.213,0
18.842,recovered,0,0,-95,16,8,20,2800,12,1.272,73.256,9,11,0,14.213,1,0.06,0.078,0,0,0,-54.267,1,14.213,0
18.85,recovered,0,0,-95,16,8,20,2800,12,1.269,73.18,9,11,0,14.213,1,0.069,0.056,0,0,0,-54.267,1,14.213,0
18.858,recovered,0,0,-95,16,8,20,2800,12,1.268,73.321,9,11,0,14.213,1,0.105,0.087,0,0,0,-54.267,1,14.213,0
18.867,recovered,0,0,-95,16,8,20,2800,12,1.267,73.231,9,11,0,14.213,1,0.086,0.057,0,0,0,-54.267,1,14.213,0
18.875,recovered,0,0,-95,16,8,20,2800,12,1.273,73.296,9,11,0,14.213,1,0.066,0.059,0,0,0,-54.267,1,14.213,0
18.883,recovered,0,0,-95,16,8,20,2800,12,1.272,73.344,9,11,0,14.213,1,0.086,0.072,0,0,0,-54.267,1,14.213,0
18.892,recovered,0,0,-95,16,8,20,2800,12,1.268,73.369,9,11,0,14.213,1,0.086,0.051,0,0,0,-54.267,1,14.213,0
18.9,recovered,0,0,-95,16,8,20,2800,12,1.268,73.282,9,11,0,14.213,1,0.084,0.063,0,0,0,-54.267,1,14.213,0
18.908,recovered,0,0,-95,16,8,20,2800,12,1.272,73.164,9,11,0,14.213,1,0.081,0.052,0,0,0,-54.267,1,14.213,0
18.917,recovered,0,0,-95,16,8,20,2800,12,1.272,73.289,9,11,0,14.213,1,0.085,0.063,0,0,0,-54.267,1,14.213,0
18.925,recovered,0,0,-95,16,8,20,2800,12,1.272,73.188,9,11,0,14.213,1,0.076,0.069,0,0,0,-54.267,1,14.213,0
18.933,recovered,0,0,-95,16,8,20,2800,12,1.268,73.403,9,11,0,14.213,1,0.074,0.054,0,0,0,-54.267,1,14.213,0
18.942,recovered,0,0,-95,16,8,20,2800,12,1.267,73.337,9,11,0,14.213,1,0.1,0.071,0,0,0,-54.267,1,14.213,0
18.95,recovered,0,0,-95,16,8,20,2800,12,1.269,73.317,9,11,0,14.213,1,0.064,0.074,0,0,0,-54.267,1,14.213,0
18.958,recovered,0,0,-95,16,8,20,2800,12,1.271,73.38,9,11,0,14.213,1,0.108,0.071,0,0,0,-54.267,1,14.213,0
18.967,recovered,0,0,-95,16,8,20,2800,12,1.27,73.236,9,11,0,14.213,1,0.103,0.07,0,0,0,-54.267,1,14.213,0
18.975,recovered,0,0,-95,16,8,20,2800,12,1.27,73.365,9,11,0,14.213,1,0.092,0.075,0,0,0,-54.267,1,14.213,0
18.983,recovered,0,0,-95,16,8,20,2800,12,1.267,73.245,9,11,0,14.213,1,0.092,0.055,0,0,0,-54.267,1,14.213,0
18.992,recovered,0,0,-95,16,8,20,2800,12,1.271,73.294,9,11,0,14.213,1,0.094,0.06,0,0,0,-54.267,1,14.213,0
19,recovered,0,0,-95,16,8,20,2800,12,1.266,73.301,9,11,0,14.213,1,0.069,0.077,0,0,0,-54.267,1,14.213,0
19.008,recovered,0,0,-95,16,8,20,2800,12,1.271,73.22,9,11,0,14.213,1,0.062,0.05,0,0,0,-54.267,1,14.213,0
19.017,recovered,0,0,-95,16,8,20,2800,12,1.267,73.384,9,11,0,14.213,1,0.104,0.057,0,0,0,-54.267,1,14.213,0
19.025,recovered,0,0,-95,16,8,20,2800,12,1.268,73.237,9,11,0,14.213,1,0.07,0.076,0,0,0,-54.267,1,14.213,0
19.033,recovered,0,0,-95,16,8,20,2800,12,1.273,73.328,9,11,0,14.213,1,0.077,0.062,0,0,0,-54.267,1,14.213,0
19.042,recovered,0,0,-95,16,8,20,2800,12,1.274,73.279,9,11,0,14.213,1,0.069,0.073,0,0,0,-54.267,1,14.213,0
19.05,recovered,0,0,-95,16,8,20,2800,12,1.267,73.387,9,11,0,14.213,1,0.079,0.08,0,0,0,-54.267,1,14.213,0
19.058,recovered,0,0,-95,16,8,20,2800,12,1.268,73.276,9,11,0,14.213,1,0.093,0.07,0,0,0,-54.267,1,14.213,0
19.067,recovered,0,0,-95,16,8,20,2800,12,1.266,73.236,9,11,0,14.213,1,0.085,0.053,0,0,0,-54.267,1,14.213,0
19.075,recovered,0,0,-95,16,8,20,2800,12,1.273,73.28,9,11,0,14.213,1,0.087,0.068,0,0,0,-54.267,1,14.213,0
19.083,recovered,0,0,-95,16,8,20,2800,12,1.274,73.326,9,11,0,14.213,1,0.084,0.075,0,0,0,-54.267,1,14.213,0
19.092,recovered,0,0,-95,16,8,20,2800,12,1.271,73.226,9,11,0,14.213,1,0.071,0.06,0,0,0,-54.267,1,14.213,0
19.1,recovered,0,0,-95,16,8,20,2800,12,1.27,73.357,9,11,0,14.213,1,0.068,0.074,0,0,0,-54.267,1,14.213,0
19.108,recovered,0,0,-95,16,8,20,2800,12,1.269,73.268,9,11,0,14.213,1,0.061,0.061,0,0,0,-54.267,1,14.213,0
19.117,recovered,0,0,-95,16,8,20,2800,12,1.269,73.351,9,11,0,14.213,1,0.104,0.072,0,0,0,-54.267,1,14.213,0
19.125,recovered,0,0,-95,16,8,20,2800,12,1.27,73.302,9,11,0,14.213,1,0.107,0.051,0,0,0,-54.267,1,14.213,0
19.133,recovered,0,0,-95,16,8,20,2800,12,1.273,73.212,9,11,0,14.213,1,0.077,0.089,0,0,0,-54.267,1,14.213,0
19.142,recovered,0,0,-95,16,8,20,2800,12,1.267,73.307,9,11,0,14.213,1,0.085,0.058,0,0,0,-54.267,1,14.213,0
19.15,recovered,0,0,-95,16,8,20,2800,12,1.271,73.208,9,11,0,14.213,1,0.089,0.057,0,0,0,-54.267,1,14.213,0
19.158,recovered,0,0,-95,16,8,20,2800,12,1.272,73.43,9,11,0,14.213,1,0.074,0.072,0,0,0,-54.267,1,14.213,0
19.167,recovered,0,0,-95,16,8,20,2800,12,1.272,73.354,9,11,0,14.213,1,0.107,0.054,0,0,0,-54.267,1,14.213,0
19.175,recovered,0,0,-95,16,8,20,2800,12,1.27,73.398,9,11,0,14.213,1,0.095,0.051,0,0,0,-54.267,1,14.213,0
19.183,recovered,0,0,-95,16,8,20,2800,12,1.267,73.348,9,11,0,14.213,1,0.086,0.086,0,0,0,-54.267,1,14.213,0
19.192,recovered,0,0,-95,16,8,20,2800,12,1.267,73.175,9,11,0,14.213,1,0.066,0.075,0,0,0,-54.267,1,14.213,0
19.2,recovered,0,0,-95,16,8,20,2800,12,1.269,73.276,9,11,0,14.213,1,0.081,0.088,0,0,0,-54.267,1,14.213,0
19.208,recovered,0,0,-95,16,8,20,2800,12,1.268,73.179,9,11,0,14.213,1,0.089,0.059,0,0,0,-54.267,1,14.213,0
19.217,recovered,0,0,-95,16,8,20,2800,12,1.274,73.435,9,11,0,14.213,1,0.092,0.063,0,0,0,-54.267,1,14.213,0
19.225,recovered,0,0,-95,16,8,20,2800,12,1.269,73.187,9,11,0,14.213,1,0.073,0.062,0,0,0,-54.267,1,14.213,0
19.233,recovered,0,0,-95,16,8,20,2800,12,1.269,73.347,9,11,0,14.213,1,0.077,0.062,0,0,0,-54.267,1,14.213,0
19.242,recovered,0,0,-95,16,8,20,2800,12,1.269,73.245,9,11,0,14.213,1,0.079,0.082,0,0,0,-54.267,1,14.213,0
19.25,recovered,0,0,-95,16,8,20,2800,12,1.268,73.168,9,11,0,14.213,1,0.065,0.072,0,0,0,-54.267,1,14.213,0
19.258,recovered,0,0,-95,16,8,20,2800,12,1.267,73.262,9,11,0,14.213,1,0.074,0.059,0,0,0,-54.267,1,14.213,0
19.267,recovered,0,0,-95,16,8,20,2800,12,1.269,73.194,9,11,0,14.213,1,0.106,0.054,0,0,0,-54.267,1,14.213,0
19.275,recovered,0,0,-95,16,8,20,2800,12,1.268,73.201,9,11,0,14.213,1,0.096,0.069,0,0,0,-54.267,1,14.213,0
19.283,recovered,0,0,-95,16,8,20,2800,12,1.268,73.41,9,11,0,14.213,1,0.096,0.07,0,0,0,-54.267,1,14.213,0
19.292,recovered,0,0,-95,16,8,20,2800,12,1.267,73.212,9,11,0,14.213,1,0.061,0.088,0,0,0,-54.267,1,14.213,0
19.3,recovered,0,0,-95,16,8,20,2800,12,1.272,73.433,9,11,0,14.213,1,0.083,0.053,0,0,0,-54.267,1,14.213,0
19.308,recovered,0,0,-95,16,8,20,2800,12,1.27,73.297,9,11,0,14.213,1,0.073,0.056,0,0,0,-54.267,1,14.213,0
19.317,recovered,0,0,-95,16,8,20,2800,12,1.269,73.379,9,11,0,14.213,1,0.081,0.072,0,0,0,-54.267,1,14.213,0
19.325,recovered,0,0,-95,16,8,20,2800,12,1.267,73.298,9,11,0,14.213,1,0.074,0.057,0,0,0,-54.267,1,14.213,0
19.333,recovered,0,0,-95,16,8,20,2800,12,1.27,73.452,9,11,0,14.213,1,0.069,0.074,0,0,0,-54.267,1,14.213,0
19.342,recovered,0,0,-95,16,8,20,2800,12,1.272,73.197,9,11,0,14.213,1,0.101,0.056,0,0,0,-54.267,1,14.213,0
19.35,recovered,0,0,-95,16,8,20,2800,12,1.27,73.414,9,11,0,14.213,1,0.074,0.084,0,0,0,-54.267,1,14.213,0
19.358,recovered,0,0,-95,16,8,20,2800,12,1.269,73.257,9,11,0,14.213,1,0.089,0.051,0,0,0,-54.267,1,14.213,0
19.367,recovered,0,0,-95,16,8,20,2800,12,1.273,73.336,9,11,0,14.213,1,0.06,0.062,0,0,0,-54.267,1,14.213,0
19.375,recovered,0,0,-95,16,8,20,2800,12,1.271,73.313,9,11,0,14.213,1,0.061,0.064,0,0,0,-54.267,1,14.213,0
19.383,recovered,0,0,-95,16,8,20,2800,12,1.266,73.3,9,11,0,14.213,1,0.091,0.053,0,0,0,-54.267,1,14.213,0
19.392,recovered,0,0,-95,16,8,20,2800,12,1.268,73.203,9,11,0,14.213,1,0.067,0.062,0,0,0,-54.267,1,14.213,0
19.4,recovered,0,0,-95,16,8,20,2800,12,1.267,73.291,9,11,0,14.213,1,0.074,0.067,0,0,0,-54.267,1,14.213,0
19.408,recovered,0,0,-95,16,8,20,2800,12,1.271,73.454,9,11,0,14.213,1,0.089,0.06,0,0,0,-54.267,1,14.213,0
19.417,recovered,0,0,-95,16,8,20,2800,12,1.269,73.455,9,11,0,14.213,1,0.064,0.067,0,0,0,-54.267,1,14.213,0
19.425,recovered,0,0,-95,16,8,20,2800,12,1.272,73.191,9,11,0,14.213,1,0.079,0.074,0,0,0,-54.267,1,14.213,0
19.433,recovered,0,0,-95,16,8,20,2800,12,1.271,73.369,9,11,0,14.213,1,0.061,0.072,0,0,0,-54.267,1,14.213,0
19.442,recovered,0,0,-95,16,8,20,2800,12,1.272,73.404,9,11,0,14.213,1,0.089,0.083,0,0,0,-54.267,1,14.213,0
19.45,recovered,0,0,-95,16,8,20,2800,12,1.268,73.305,9,11,0,14.213,1,0.072,0.057,0,0,0,-54.267,1,14.213,0
19.458,recovered,0,0,-95,16,8,20,2800,12,1.274,73.21,9,11,0,14.213,1,0.069,0.053,0,0,0,-54.267,1,14.213,0
19.467,recovered,0,0,-95,16,8,20,2800,12,1.268,73.245,9,11,0,14.213,1,0.073,0.05,0,0,0,-54.267,1,14.213,0
19.475,recovered,0,0,-95,16,8,20,2800,12,1.273,73.472,9,11,0,14.213,1,0.107,0.084,0,0,0,-54.267,1,14.213,0
19.483,recovered,0,0,-95,16,8,20,2800,12,1.27,73.195,9,11,0,14.213,1,0.107,0.059,0,0,0,-54.267,1,14.213,0
19.492,recovered,0,0,-95,16,8,20,2800,12,1.266,73.423,9,11,0,14.213,1,0.083,0.051,0,0,0,-54.267,1,14.213,0
19.5,recovered,0,0,-95,16,8,20,2800,12,1.27,73.469,9,11,0,14.213,1,0.069,0.086,0,0,0,-54.267,1,14.213,0
19.508,recovered,0,0,-95,16,8,20,2800,12,1.27,73.426,9,11,0,14.213,1,0.105,0.064,0,0,0,-54.267,1,14.213,0
19.517,recovered,0,0,-95,16,8,20,2800,12,1.274,73.31,9,11,0,14.213,1,0.109,0.088,0,0,0,-54.267,1,14.213,0
19.525,recovered,0,0,-95,16,8,20,2800,12,1.27,73.241,9,11,0,14.213,1,0.071,0.054,0,0,0,-54.267,1,14.213,0
19.533,recovered,0,0,-95,16,8,20,2800,12,1.266,73.308,9,11,0,14.213,1,0.096,0.064,0,0,0,-54.267,1,14.213,0
19.542,recovered,0,0,-95,16,8,20,2800,12,1.272,73.348,9,11,0,14.213,1,0.078,0.07,0,0,0,-54.267,1,14.213,0
19.55,recovered,0,0,-95,16,8,20,2800,12,1.271,73.256,9,11,0,14.213,1,0.085,0.051,0,0,0,-54.267,1,14.213,0
19.558,recovered,0,0,-95,16,8,20,2800,12,1.272,73.333,9,11,0,14.213,1,0.092,0.072,0,0,0,-54.267,1,14.213,0
19.567,recovered,0,0,-95,16,8,20,2800,12,1.274,73.209,9,11,0,14.213,1,0.102,0.055,0,0,0,-54.267,1,14.213,0
19.575,recovered,0,0,-95,16,8,20,2800,12,1.271,73.399,9,11,0,14.213,1,0.104,0.071,0,0,0,-54.267,1,14.213,0
19.583,recovered,0,0,-95,16,8,20,2800,12,1.272,73.216,9,11,0,14.213,1,0.104,0.087,0,0,0,-54.267,1,14.213,0
19.592,recovered,0,0,-95,16,8,20,2800,12,1.271,73.38,9,11,0,14.213,1,0.085,0.083,0,0,0,-54.267,1,14.213,0
19.6,recovered,0,0,-95,16,8,20,2800,12,1.268,73.431,9,11,0,14.213,1,0.068,0.058,0,0,0,-54.267,1,14.213,0
19.608,recovered,0,0,-95,16,8,20,2800,12,1.269,73.327,9,11,0,14.213,1,0.105,0.076,0,0,0,-54.267,1,14.213,0
19.617,recovered,0,0,-95,16,8,20,2800,12,1.273,73.366,9,11,0,14.213,1,0.109,0.066,0,0,0,-54.267,1,14.213,0
19.625,recovered,0,0,-95,16,8,20,2800,12,1.272,73.234,9,11,0,14.213,1,0.085,0.087,0,0,0,-54.267,1,14.213,0
19.633,recovered,0,0,-95,16,8,20,2800,12,1.274,73.249,9,11,0,14.213,1,0.107,0.065,0,0,0,-54.267,1,14.213,0
19.642,recovered,0,0,-95,16,8,20,2800,12,1.273,73.391,9,11,0,14.213,1,0.088,0.085,0,0,0,-54.267,1,14.213,0
19.65,recovered,0,0,-95,16,8,20,2800,12,1.274,73.266,9,11,0,14.213,1,0.081,0.076,0,0,0,-54.267,1,14.213,0
19.658,recovered,0,0,-95,16,8,20,2800,12,1.27,73.385,9,11,0,14.213,1,0.087,0.084,0,0,0,-54.267,1,14.213,0
19.667,recovered,0,0,-95,16,8,20,2800,12,1.27,73.475,9,11,0,14.213,1,0.069,0.089,0,0,0,-54.267,1,14.213,0
19.675,recovered,0,0,-95,16,8,20,2800,12,1.271,73.393,9,11,0,14.213,1,0.068,0.088,0,0,0,-54.267,1,14.213,0
19.683,recovered,0,0,-95,16,8,20,2800,12,1.27,73.504,9,11,0,14.213,1,0.105,0.074,0,0,0,-54.267,1,14.213,0
19.692,recovered,0,0,-95,16,8,20,2800,12,1.271,73.33,9,11,0,14.213,1,0.099,0.056,0,0,0,-54.267,1,14.213,0
19.7,recovered,0,0,-95,16,8,20,2800,12,1.272,73.274,9,11,0,14.213,1,0.1,0.088,0,0,0,-54.267,1,14.213,0
19.708,recovered,0,0,-95,16,8,20,2800,12,1.268,73.291,9,11,0,14.213,1,0.081,0.089,0,0,0,-54.267,1,14.213,0
19.717,recovered,0,0,-95,16,8,20,2800,12,1.27,73.367,9,11,0,14.213,1,0.097,0.079,0,0,0,-54.267,1,14.213,0
19.725,recovered,0,0,-95,16,8,20,2800,12,1.267,73.478,9,11,0,14.213,1,0.072,0.06,0,0,0,-54.267,1,14.213,0
19.733,recovered,0,0,-95,16,8,20,2800,12,1.269,73.222,9,11,0,14.213,1,0.095,0.071,0,0,0,-54.267,1,14.213,0
19.742,recovered,0,0,-95,16,8,20,2800,12,1.267,73.379,9,11,0,14.213,1,0.063,0.054,0,0,0,-54.267,1,14.213,0
19.75,recovered,0,0,-95,16,8,20,2800,12,1.266,73.512,9,11,0,14.213,1,0.1,0.056,0,0,0,-54.267,1,14.213,0
19.758,recovered,0,0,-95,16,8,20,2800,12,1.268,73.278,9,11,0,14.213,1,0.065,0.079,0,0,0,-54.267,1,14.213,0
19.767,recovered,0,0,-95,16,8,20,2800,12,1.269,73.293,9,11,0,14.213,1,0.1,0.085,0,0,0,-54.267,1,14.213,0
19.775,recovered,0,0,-95,16,8,20,2800,12,1.268,73.501,9,11,0,14.213,1,0.089,0.076,0,0,0,-54.267,1,14.213,0
19.783,recovered,0,0,-95,16,8,20,2800,12,1.268,73.34,9,11,0,14.213,1,0.096,0.051,0,0,0,-54.267,1,14.213,0
19.792,recovered,0,0,-95,16,8,20,2800,12,1.271,73.398,9,11,0,14.213,1,0.11,0.089,0,0,0,-54.267,1,14.213,0
19.8,recovered,0,0,-95,16,8,20,2800,12,1.272,73.301,9,11,0,14.213,1,0.084,0.078,0,0,0,-54.267,1,14.213,0
19.808,recovered,0,0,-95,16,8,20,2800,12,1.266,73.482,9,11,0,14.213,1,0.105,0.084,0,0,0,-54.267,1,14.213,0
19.817,recovered,0,0,-95,16,8,20,2800,12,1.271,73.376,9,11,0,14.213,1,0.106,0.061,0,0,0,-54.267,1,14.213,0
19.825,recovered,0,0,-95,16,8,20,2800,12,1.272,73.482,9,11,0,14.213,1,0.107,0.058,0,0,0,-54.267,1,14.213,0
19.833,recovered,0,0,-95,16,8,20,2800,12,1.27,73.395,9,11,0,14.213,1,0.076,0.059,0,0,0,-54.267,1,14.213,0
19.842,recovered,0,0,-95,16,8,20,2800,12,1.272,73.514,9,11,0,14.213,1,0.102,0.089,0,0,0,-54.267,1,14.213,0
19.85,recovered,0,0,-95,16,8,20,2800,12,1.266,73.415,9,11,0,14.213,1,0.077,0.079,0,0,0,-54.267,1,14.213,0
19.858,recovered,0,0,-95,16,8,20,2800,12,1.271,73.327,9,11,0,14.213,1,0.078,0.061,0,0,0,-54.267,1,14.213,0
19.867,recovered,0,0,-95,16,8,20,2800,12,1.27,73.393,9,11,0,14.213,1,0.072,0.062,0,0,0,-54.267,1,14.213,0
19.875,recovered,0,0,-95,16,8,20,2800,12,1.267,73.241,9,11,0,14.213,1,0.073,0.08,0,0,0,-54.267,1,14.213,0
19.883,recovered,0,0,-95,16,8,20,2800,12,1.266,73.285,9,11,0,14.213,1,0.08,0.065,0,0,0,-54.267,1,14.213,0
19.892,recovered,0,0,-95,16,8,20,2800,12,1.271,73.439,9,11,0,14.213,1,0.108,0.052,0,0,0,-54.267,1,14.213,0
19.9,recovered,0,0,-95,16,8,20,2800,12,1.27,73.32,9,11,0,14.213,1,0.096,0.085,0,0,0,-54.267,1,14.213,0
19.908,recovered,0,0,-95,16,8,20,2800,12,1.269,73.311,9,11,0,14.213,1,0.087,0.073,0,0,0,-54.267,1,14.213,0
19.917,recovered,0,0,-95,16,8,20,2800,12,1.27,73.387,9,11,0,14.213,1,0.084,0.066,0,0,0,-54.267,1,14.213,0
19.925,recovered,0,0,-95,16,8,20,2800,12,1.27,73.369,9,11,0,14.213,1,0.082,0.06,0,0,0,-54.267,1,14.213,0
19.933,recovered,0,0,-95,16,8,20,2800,12,1.267,73.358,9,11,0,14.213,1,0.095,0.075,0,0,0,-54.267,1,14.213,0
19.942,recovered,0,0,-95,16,8,20,2800,12,1.268,73.479,9,11,0,14.213,1,0.073,0.08,0,0,0,-54.267,1,14.213,0
19.95,recovered,0,0,-95,16,8,20,2800,12,1.268,73.269,9,11,0,14.213,1,0.095,0.055,0,0,0,-54.267,1,14.213,0
19.958,recovered,0,0,-95,16,8,20,2800,12,1.272,73.543,9,11,0,14.213,1,0.098,0.054,0,0,0,-54.267,1,14.213,0
19.967,recovered,0,0,-95,16,8,20,2800,12,1.27,73.471,9,11,0,14.213,1,0.106,0.083,0,0,0,-54.267,1,14.213,0
19.975,recovered,0,0,-95,16,8,20,2800,12,1.271,73.321,9,11,0,14.213,1,0.064,0.065,0,0,0,-54.267,1,14.213,0
19.983,recovered,0,0,-95,16,8,20,2800,12,1.272,73.433,9,11,0,14.213,1,0.073,0.053,0,0,0,-54.267,1,14.213,0
19.992,recovered,0,0,-95,16,8,20,2800,12,1.273,73.421,9,11,0,14.213,1,0.101,0.074,0,0,0,-54.267,1,14.213,0
20,recovered,0,0,-95,16,8,20,2800,12,1.274,73.431,9,11,0,14.213,1,0.105,0.053,0,0,0,-54.267,1,14.213,0